status,result_status,protocol_hash,specification_hash,run_id,execution_source,model,outer_fold,pm,lag_seconds,context_windows,threshold_hash,q_low,q_high,n_train,n_test,n_test_participants,training_time_seconds,validation_strategy,inner_group_overlap,outer_test_group_overlap,n_epochs_trained,best_epoch,participant_macro_balanced_accuracy,participant_valid_balanced_accuracy,participant_macro_f1,participant_valid_f1,participant_macro_roc_auc,participant_valid_roc_auc,participant_macro_pr_auc,participant_valid_pr_auc,participant_macro_low_recall,participant_valid_low_recall,participant_macro_high_recall,participant_valid_high_recall,participant_macro_precision,participant_valid_precision,participant_macro_accuracy,participant_valid_accuracy,earliest_context_offset_seconds,input_family,target_id,reference_run_id
complete,matched_confirmatory,e09f28dab2b37321dd665cc55653cfc08a5a29afc38927ee26bc2d2c6cc988e7,510c0ff0bd824c70107773e725d13e6e75bc1e166f4e0512702765bd53106704,lightgbm__fold_01__attention__510c0ff0bd82,new_training,lightgbm,1,attention,-10,1,40889ed77c7a49254028614aa69c424c2355cbd1baaed50dc47082b1864510f7,0.40640833333333337,0.5057536666666667,14829,4124,11,1.780895599978976,estimator_native_no_validation,0,0,0,,0.723052900054159,11,0.6795870106015129,11,0.8650930114283081,11,0.8771710093064986,11,0.698595916896602,11,0.7475098832117159,11,0.7529883264876248,11,0.6970862525092713,11,,,,
complete,matched_confirmatory,e09f28dab2b37321dd665cc55653cfc08a5a29afc38927ee26bc2d2c6cc988e7,49665382ddd6d4d4a51715f0111e0ab1231a0a32d9b507c370fc29a228b25558,lightgbm__fold_01__engagement__49665382ddd6,new_training,lightgbm,1,engagement,-10,1,7d374ea6928381e1ee56d96473fa6567757f8df43407f81bbd24c398d82e419e,0.5800476666666666,0.6855443333333333,15238,4313,11,2.4237630999996327,estimator_native_no_validation,0,0,0,,0.73139819408559,11,0.7279775044492869,11,0.8552782942469281,11,0.8445127306728278,11,0.7730818106962065,11,0.6897145774749736,11,0.7840303512999328,11,0.7675215745286897,11,,,,
complete,matched_confirmatory,e09f28dab2b37321dd665cc55653cfc08a5a29afc38927ee26bc2d2c6cc988e7,2d4512a15d514511a8e89ee3a21e9c24b20ce401e8ab06a14101028e52993c51,lightgbm__fold_01__excitement__2d4512a15d51,new_training,lightgbm,1,excitement,-10,1,f13db677a8358b59d7e0528258ba7ff9bf95b5314741ce39a724cf74d183ddaa,0.198928,0.3627136666666666,15414,4489,11,2.3357276000024285,estimator_native_no_validation,0,0,0,,0.8434101355322525,11,0.801161790692499,11,0.9544553030835933,11,0.9315630658289696,11,0.7711715123369598,11,0.9156487587275453,11,0.8193443435460747,11,0.8329270954566258,11,,,,
complete,matched_confirmatory,e09f28dab2b37321dd665cc55653cfc08a5a29afc38927ee26bc2d2c6cc988e7,200d69292d5504d180b2cf0c355ad524690ef8e0795abe79cc97dc245fd7ede7,lightgbm__fold_01__focus__200d69292d55,new_training,lightgbm,1,focus,-10,1,7d71bb99b3a559d0df0aa3bf8b195bafc98a0dd046a82039a430a2fa4892b0d0,0.368801,0.4654386666666666,15320,4526,11,2.2823067999852356,estimator_native_no_validation,0,0,0,,0.7163245858111472,11,0.6343061592705864,11,0.8180671582373573,11,0.7614149840328289,11,0.673629987163362,11,0.7590191844589323,11,0.6802031923802404,11,0.6971049018023008,11,,,,
complete,matched_confirmatory,e09f28dab2b37321dd665cc55653cfc08a5a29afc38927ee26bc2d2c6cc988e7,4f9c410d0213f74a98804b9a59fa726a0ac810f55074afdb2979756ad088b149,lightgbm__fold_01__interest__4f9c410d0213,new_training,lightgbm,1,interest,-10,1,bd39db4c19d9f742cb059d0566f550cf160821412eeb67d3cc0780042dbd7317,0.480751,0.5305233333333333,15281,4458,11,2.290566800016677,estimator_native_no_validation,0,0,0,,0.6586817872290525,11,0.6245960796689739,11,0.7959506761650575,11,0.7810588421154869,11,0.6914591390727957,11,0.6259044353853092,11,0.7252277312152576,11,0.6530001571426424,11,,,,
complete,matched_confirmatory,e09f28dab2b37321dd665cc55653cfc08a5a29afc38927ee26bc2d2c6cc988e7,7ba60440d8f953962b1c7775ca04c620a869992a5c2ea42a64dd3c549e1c9364,lightgbm__fold_01__relaxation__7ba60440d8f9,new_training,lightgbm,1,relaxation,-10,1,38b0c29f91cf04074516bcbbf6cf6e9362b22718f7ac54fdbe5adf6de43d5d14,0.25662399999999996,0.39230799999999993,15503,4644,11,2.365651699976297,estimator_native_no_validation,0,0,0,,0.7352439901391216,11,0.7133007491915581,11,0.907830970559207,11,0.9147997990331206,11,0.641086198329558,11,0.8294017819486851,11,0.8420647489943541,11,0.7806764689023555,11,,,,
complete,matched_confirmatory,e09f28dab2b37321dd665cc55653cfc08a5a29afc38927ee26bc2d2c6cc988e7,f44a9fadc88ad859973fce7f0ced041a52daeca03baa71f82f8414dfce9ffd77,lightgbm__fold_01__stress__f44a9fadc88a,new_training,lightgbm,1,stress,-10,1,bc3be14a13e7a39ebeab010389e1c408e3b117b37aecad2317d7955676362ffa,0.4029856666666667,0.461275,15261,4670,11,2.2884703000017907,estimator_native_no_validation,0,0,0,,0.6958116978374984,11,0.6541139323315014,11,0.8439781011639631,11,0.8283783381213474,11,0.6773497750427347,11,0.7142736206322622,11,0.7382604842687202,11,0.6873072831195342,11,,,,
complete,matched_confirmatory,e09f28dab2b37321dd665cc55653cfc08a5a29afc38927ee26bc2d2c6cc988e7,638063edde180a0c7d1be2664c0ddb3751131d4ffa99dcad32fbada5fed5e96b,lightgbm__fold_02__attention__638063edde18,new_training,lightgbm,2,attention,-10,1,05b80bfaecd22890a7e360375d08013c2763762bc191dded6a0bbd75f29be07f,0.409755,0.5089703333333333,15360,3654,10,2.384654599998612,estimator_native_no_validation,0,0,0,,0.7114829248487446,10,0.6771622949347823,10,0.8650612202801845,10,0.8568138171549726,10,0.6366025630730077,10,0.7863632866244816,10,0.7885677252426146,10,0.7266254390200878,10,,,,
complete,matched_confirmatory,e09f28dab2b37321dd665cc55653cfc08a5a29afc38927ee26bc2d2c6cc988e7,493edc5e1ccef4eba23cbaa995880cae06109f8b0860da0be835e65e11b8a307,lightgbm__fold_02__engagement__493edc5e1cce,new_training,lightgbm,2,engagement,-10,1,96921223f37aee74e8576505e04d8d93656b6d22365a8c1e79d1aadc606e3780,0.572122,0.682083,15620,3657,10,2.3429823000042234,estimator_native_no_validation,0,0,0,,0.7412388258594752,10,0.7393978224899721,10,0.8808082059784784,10,0.9242859414312303,10,0.6858220227679912,10,0.7966556289509593,10,0.7909659291974775,10,0.7943712181726138,10,,,,
complete,matched_confirmatory,e09f28dab2b37321dd665cc55653cfc08a5a29afc38927ee26bc2d2c6cc988e7,487bdaa4feabc1b74927a9b4f8f7baab661658e5802ca7d7b1719e56b7a33a6f,lightgbm__fold_02__excitement__487bdaa4feab,new_training,lightgbm,2,excitement,-10,1,8cf290447cc76b4db2bf7811a784e38768237f66e910c108ea9bd99fce1b2673,0.194812,0.357134,15790,3976,10,2.263636799994856,estimator_native_no_validation,0,0,0,,0.8690812254351308,10,0.8366750337987622,10,0.9561079062709699,10,0.9519600648034802,10,0.8613900130725162,10,0.8767724377977455,10,0.8396844238623344,10,0.8673176544205227,10,,,,
complete,matched_confirmatory,e09f28dab2b37321dd665cc55653cfc08a5a29afc38927ee26bc2d2c6cc988e7,d17c5579c6f4265da2f0d909e890a230be38335f80ed872795cddfe448b94823,lightgbm__fold_02__focus__d17c5579c6f4,new_training,lightgbm,2,focus,-10,1,74e34c54e7221dc6ee613f5b9c86caff220ef215c764f9f3f1457db68a376147,0.364693,0.460551,15705,4047,10,2.35675999999512,estimator_native_no_validation,0,0,0,,0.7369624349038253,10,0.7162352271895964,10,0.8408356169989784,10,0.7744057412077346,10,0.7317671894118519,10,0.7421576803957987,10,0.7238647355712523,10,0.8016679552951882,10,,,,
complete,matched_confirmatory,e09f28dab2b37321dd665cc55653cfc08a5a29afc38927ee26bc2d2c6cc988e7,9787474df8886d47d2ecdc5c15d4056d678ae27f93bdc469d76134caacf19d75,lightgbm__fold_02__interest__9787474df888,new_training,lightgbm,2,interest,-10,1,a6f226a94e84838366c4cf62d5dbcdfa343d2e4317631dc9cd843403760f8fb3,0.47714,0.52968,15692,3488,10,2.4462767000077292,estimator_native_no_validation,0,0,0,,0.7936255065338743,10,0.7678034306954886,10,0.8975719976505134,10,0.9174538237156653,10,0.7776209918717472,10,0.8096300211960017,10,0.7935657332584989,10,0.7783072990797981,10,,,,
complete,matched_confirmatory,e09f28dab2b37321dd665cc55653cfc08a5a29afc38927ee26bc2d2c6cc988e7,3d2c8fd0316fb9edc6effce2f396d4152e1037626557eb2cc50febee0c8368ec,lightgbm__fold_02__relaxation__3d2c8fd0316f,new_training,lightgbm,2,relaxation,-10,1,7656df549309178054e578a36ceed79ea658632f163e5e508467b9011bdaa756,0.256714,0.404291,15888,3700,10,1.662141899985727,estimator_native_no_validation,0,0,0,,0.8358358164433358,10,0.8153825241190853,10,0.942948627577809,10,0.923570079673128,10,0.8355780570051096,10,0.8360935758815617,10,0.8341841454633835,10,0.8262594294696612,10,,,,
complete,matched_confirmatory,e09f28dab2b37321dd665cc55653cfc08a5a29afc38927ee26bc2d2c6cc988e7,8348b89def12fe9f9b802d7e294ccdbdf67bdb6f887a3f7ea5a8200ef3584cfc,lightgbm__fold_02__stress__8348b89def12,new_training,lightgbm,2,stress,-10,1,f31c8981acf165f01f66cc01c4f2b2d6927c370f1a035493f12dece19b93ba49,0.396448,0.461981,15688,3241,10,2.2959783999831416,estimator_native_no_validation,0,0,0,,0.7479339749808733,10,0.7292650250090645,10,0.9288061843589224,9,0.934478459441341,9,0.7696904133273766,9,0.7964005462210758,10,0.7911654469174562,10,0.7549088280021788,10,,,,
complete,matched_confirmatory,e09f28dab2b37321dd665cc55653cfc08a5a29afc38927ee26bc2d2c6cc988e7,1ce5ed446a2153940256b20337044feba726a4aa31161af742da5a354f1f53ca,lightgbm__fold_03__attention__1ce5ed446a21,new_training,lightgbm,3,attention,-10,1,d9fe93c98329da3f22770036d5d5bcc1723fbbfb61707901d1eaef4a7001f95d,0.407012,0.50364,15265,3909,11,2.2921669999777805,estimator_native_no_validation,0,0,0,,0.7043862396283411,11,0.6762737754554232,11,0.8513766774716877,11,0.8736564820886458,11,0.6288749944506761,11,0.7798974848060063,11,0.7529694401051809,11,0.7225097533933901,11,,,,
complete,matched_confirmatory,e09f28dab2b37321dd665cc55653cfc08a5a29afc38927ee26bc2d2c6cc988e7,c59f6c9800e9a3edbbcc519231a36a372f152b2ff5ea615ef3b60fc749c6c146,lightgbm__fold_03__engagement__c59f6c9800e9,new_training,lightgbm,3,engagement,-10,1,a74a573473ef95d46567294f0aa220d0bd8b428d9a9120f4a96756b0c84d9f51,0.5875743333333333,0.689116,15768,4025,11,2.3195516999985557,estimator_native_no_validation,0,0,0,,0.7541348298725126,11,0.7474090841492679,11,0.8692297467937585,11,0.7993462945925984,11,0.72101390926203,11,0.7872557504829952,11,0.8020348115304579,11,0.7879784214924634,11,,,,
complete,matched_confirmatory,e09f28dab2b37321dd665cc55653cfc08a5a29afc38927ee26bc2d2c6cc988e7,c6bf77e185ac54dbac688ddf1dd33032b7586cf02e027baeeac02d12bb2ecc87,lightgbm__fold_03__excitement__c6bf77e185ac,new_training,lightgbm,3,excitement,-10,1,fa418d56645cfa9ab67032bef122ddca9f2bf2af811172bdbe6b172d6197f493,0.19379133333333332,0.35695933333333324,15900,3799,11,2.277474800008349,estimator_native_no_validation,0,0,0,,0.815606152098157,11,0.7998924339438254,11,0.9345180544196304,11,0.9491495928459792,11,0.8658767642783386,11,0.7653355399179752,11,0.8413101400772064,11,0.8175520696917279,11,,,,
complete,matched_confirmatory,e09f28dab2b37321dd665cc55653cfc08a5a29afc38927ee26bc2d2c6cc988e7,00bb752e1be7ec586ae791480aeef743a13e7b2ec7580324b887cc5e165dc70f,lightgbm__fold_03__focus__00bb752e1be7,new_training,lightgbm,3,focus,-10,1,0c7365a9f52cdea7f5ff5bd02009df8f23994345c83ad7446745f49568834711,0.3654773333333333,0.46152833333333326,15827,3942,11,2.2529853000014555,estimator_native_no_validation,0,0,0,,0.6876731798882527,11,0.6651384161897522,11,0.8354313676250688,11,0.8374537404483507,11,0.7115421405459091,11,0.6638042192305963,11,0.7373790376361028,11,0.7401450960240653,11,,,,
complete,matched_confirmatory,e09f28dab2b37321dd665cc55653cfc08a5a29afc38927ee26bc2d2c6cc988e7,999f2b7b6caff05718d52cc318aaa5bc1e1cb8b7e7e6070e5b68cda9af2270c0,lightgbm__fold_03__interest__999f2b7b6caf,new_training,lightgbm,3,interest,-10,1,3bcb6d908dca29ca782906a4f9f4eb0ea8493afdf7dc53a3c5de50526bd55ffb,0.480798,0.5285816666666666,15772,4275,11,2.265453800006071,estimator_native_no_validation,0,0,0,,0.7401911468321437,11,0.6954153696845351,11,0.865029974305667,11,0.8610423285177631,11,0.7246809545150816,11,0.7557013391492057,11,0.7716979142253405,11,0.7385979840784503,11,,,,
complete,matched_confirmatory,e09f28dab2b37321dd665cc55653cfc08a5a29afc38927ee26bc2d2c6cc988e7,94686800132bd7b62a1fa9129fe4b97a9ddd8afb83b71dd063ec467e801f6861,lightgbm__fold_03__relaxation__94686800132b,new_training,lightgbm,3,relaxation,-10,1,e60bf995e60c88b6af88b34c7d1f44be24f60c5b4257ba68426a2504b9aa025a,0.25428966666666664,0.395869,15984,3823,11,2.326012100005755,estimator_native_no_validation,0,0,0,,0.7801661146544462,11,0.7567589174465916,11,0.9316868508852804,11,0.9387973662960968,11,0.8169538073225598,11,0.7433784219863326,11,0.8240189484510594,11,0.7900298254117767,11,,,,
complete,matched_confirmatory,e09f28dab2b37321dd665cc55653cfc08a5a29afc38927ee26bc2d2c6cc988e7,87f93d674963401499ce7b165d610e1f40db50ccbade946b17e8a5cd904810f1,lightgbm__fold_03__stress__87f93d674963,new_training,lightgbm,3,stress,-10,1,bcd3007f8b807817734d67f5fb79247d682169631186c1b04d4f2cedd74be7de,0.405259,0.460463,15759,4624,11,2.228865900018718,estimator_native_no_validation,0,0,0,,0.7270188990599459,11,0.6649791771433193,11,0.8593139413631318,11,0.8286024969050618,11,0.7473385602595964,11,0.7066992378602954,11,0.7275198708470573,11,0.6852390554203929,11,,,,
complete,matched_confirmatory,e09f28dab2b37321dd665cc55653cfc08a5a29afc38927ee26bc2d2c6cc988e7,0ea09e1045ea480c467b1cf50e99fb9a8d49d117cbd8708b9d466269949f0cea,lightgbm__fold_04__attention__0ea09e1045ea,new_training,lightgbm,4,attention,-10,1,4404f50166a53629f16deb855b5dbdefb3de95149a3eec0eec91689ced0aaf96,0.410495,0.5079906666666667,15424,3721,10,2.350348200008739,estimator_native_no_validation,0,0,0,,0.6725757717477338,10,0.6393906509263516,10,0.8601961289919646,10,0.8228165511550845,10,0.8478466958650319,10,0.4973048476304357,10,0.7392594403647574,10,0.6765319031352214,10,,,,
complete,matched_confirmatory,e09f28dab2b37321dd665cc55653cfc08a5a29afc38927ee26bc2d2c6cc988e7,3d70bc9f29ca37f8ae56caae6e8b69f27ad3120cc29d5d4da99286b176afee26,lightgbm__fold_04__engagement__3d70bc9f29ca,new_training,lightgbm,4,engagement,-10,1,4efdbb963e4328ea609ced0c43ea79ec54863afcf8b6dc3b54e36caff30afe16,0.5819393333333334,0.6880023333333333,15902,3534,10,2.3018668000004254,estimator_native_no_validation,0,0,0,,0.7178629286494951,10,0.666735588051654,10,0.8609804509774743,10,0.818217486474154,10,0.6374894769918342,10,0.7982363803071558,10,0.7339147374542474,10,0.7233093780551683,10,,,,
complete,matched_confirmatory,e09f28dab2b37321dd665cc55653cfc08a5a29afc38927ee26bc2d2c6cc988e7,1c554b1ebdabb3885719aea60bd7427549b0d0b9d6f6d3e707f718554b3b40d3,lightgbm__fold_04__excitement__1c554b1ebdab,new_training,lightgbm,4,excitement,-10,1,01a9a36af7fd4938668057f58a4af0d4815b36985a13f61e071f1297e75e14d1,0.198937,0.36487366666666665,16040,3810,10,2.382238900027005,estimator_native_no_validation,0,0,0,,0.845000259175593,10,0.8554514421678385,10,0.9434809551399228,10,0.9391984586511576,10,0.8707668340794162,10,0.8192336842717696,10,0.8930561940488448,10,0.8898749547834299,10,,,,
complete,matched_confirmatory,e09f28dab2b37321dd665cc55653cfc08a5a29afc38927ee26bc2d2c6cc988e7,8fb5fc3083113b0330bd6b562f69e75754b296f574a31195a75f5ded1c252a41,lightgbm__fold_04__focus__8fb5fc308311,new_training,lightgbm,4,focus,-10,1,bcbf7453b6c3768b7f4446c03f027f80397a24d1f0f54a82146b8fe6d4a67bdf,0.365106,0.46338333333333337,15990,3603,10,2.355455599987181,estimator_native_no_validation,0,0,0,,0.7034472543309074,10,0.7026388789462024,10,0.8184527236780473,10,0.7888428847930911,10,0.7519602352004007,10,0.6549342734614141,10,0.7266419735525043,10,0.7784879200616283,10,,,,
complete,matched_confirmatory,e09f28dab2b37321dd665cc55653cfc08a5a29afc38927ee26bc2d2c6cc988e7,afc7da08624ba1c3747c445f9b9657711764f2ba721467b4028f4bdb58ef93d6,lightgbm__fold_04__interest__afc7da08624b,new_training,lightgbm,4,interest,-10,1,c4110c8ecd8ea7c835b8ea571bfeb6ad10ec8d02d986bd0e2c5b9a70c03e3241,0.4793536666666667,0.5286693333333333,15959,3818,10,2.3174567999958526,estimator_native_no_validation,0,0,0,,0.7506415877888246,10,0.7155522494014943,10,0.866359317118356,10,0.8664064300035079,10,0.7180995406946267,10,0.7831836348830225,10,0.7498034010363315,10,0.7458070612606639,10,,,,
complete,matched_confirmatory,e09f28dab2b37321dd665cc55653cfc08a5a29afc38927ee26bc2d2c6cc988e7,67fbc4c3d55ebed2c3dcecafae9d99e5954fbcac46530a2e40d43bfa7bff9f26,lightgbm__fold_04__relaxation__67fbc4c3d55e,new_training,lightgbm,4,relaxation,-10,1,a5f608b86ee9061617d36b1743ad601431f955dde27218d8d7829829dc257d43,0.259306,0.403906,16165,3682,10,2.3696630999911577,estimator_native_no_validation,0,0,0,,0.8108213414805224,10,0.8113285671110445,10,0.9434035874106546,10,0.9228189967113432,10,0.8667459043481089,10,0.7548967786129358,10,0.8517949375033546,10,0.8342610656681174,10,,,,
complete,matched_confirmatory,e09f28dab2b37321dd665cc55653cfc08a5a29afc38927ee26bc2d2c6cc988e7,b0a5485d00f75754ef75eefe59db18f3a3791b663fbd5a028eed782adb7c59b2,lightgbm__fold_04__stress__b0a5485d00f7,new_training,lightgbm,4,stress,-10,1,27d0b6e27ea4a69159776babe88351288b3e08a8b6a0e0a437af967ad54f9cf0,0.39695366666666665,0.46365033333333333,15944,2832,10,2.280195700004697,estimator_native_no_validation,0,0,0,,0.76255608375323,10,0.6991534952900791,10,0.901609596028857,10,0.928712667059459,10,0.7391231532627736,10,0.7859890142436863,10,0.7528618460780943,10,0.7382953544159048,10,,,,
complete,matched_confirmatory,e09f28dab2b37321dd665cc55653cfc08a5a29afc38927ee26bc2d2c6cc988e7,1e4f872dbab56ba3acf407ec29d0e2bfc4ec96a5b4908293e77254a927c054a5,lightgbm__fold_05__attention__1e4f872dbab5,new_training,lightgbm,5,attention,-10,1,2f86d0e8c455b4f21168d0123e21d085836ed48610878f7e823e2e4fab91a878,0.408289,0.5064886666666667,15382,3675,11,2.393668800010346,estimator_native_no_validation,0,0,0,,0.808438389474584,11,0.7373347822007684,11,0.8682650414051671,10,0.7957976770712707,10,0.7680380844245016,10,0.8277512476541665,11,0.7494663183152191,11,0.8112058729315602,11,,,,
complete,matched_confirmatory,e09f28dab2b37321dd665cc55653cfc08a5a29afc38927ee26bc2d2c6cc988e7,94ce5371fdc1d3af5f846bc4cc1b26bfe87aef51e5e3ef5e9d050445fdc4adcd,lightgbm__fold_05__engagement__94ce5371fdc1,new_training,lightgbm,5,engagement,-10,1,fd819c1414dbc4a71c004ee2f223fde45d23c5e1a929dfb308519bdd81be5cc8,0.5812246666666667,0.6832976666666667,15793,4056,11,2.3305695000162814,estimator_native_no_validation,0,0,0,,0.7124408287532358,11,0.6547316206338748,11,0.8553103521979858,11,0.7850938611402193,11,0.7784137258605083,11,0.6464679316459631,11,0.7422783456010212,11,0.6993505412460705,11,,,,
complete,matched_confirmatory,e09f28dab2b37321dd665cc55653cfc08a5a29afc38927ee26bc2d2c6cc988e7,93ce096bcd283367525d6fd5b36ee8ab1d3370462fe778867e903cc0f4149865,lightgbm__fold_05__excitement__93ce096bcd28,new_training,lightgbm,5,excitement,-10,1,e83502bfb241187a15bbe01f2a2df8a2dcfd119976c2c47635b1515b95a004a5,0.196205,0.361125,15980,3746,11,2.4056963000039104,estimator_native_no_validation,0,0,0,,0.8413267517466124,11,0.8296054475181163,11,0.9572232049738357,11,0.9592111493167469,11,0.8288354095060465,11,0.8538180939871783,11,0.8599800969179555,11,0.850871058471262,11,,,,
complete,matched_confirmatory,e09f28dab2b37321dd665cc55653cfc08a5a29afc38927ee26bc2d2c6cc988e7,f7b954769d6b8983a38925e30aa7f0696793f2a8656f3d41b35072ce89ac148d,lightgbm__fold_05__focus__f7b954769d6b,new_training,lightgbm,5,focus,-10,1,d1251c35ecfb7ccdf7b0d7e26663f103bb7b943f31fc83ad844ddbed424760ce,0.367191,0.4675926666666666,15923,3573,11,2.395989599986933,estimator_native_no_validation,0,0,0,,0.6989745689198343,11,0.6543792675585326,11,0.8151674478071294,11,0.7671997737489964,11,0.6349470199163654,11,0.7630021179233034,11,0.730527260527923,11,0.6857395318562872,11,,,,
complete,matched_confirmatory,e09f28dab2b37321dd665cc55653cfc08a5a29afc38927ee26bc2d2c6cc988e7,ca695badcdc0f871815718ed26c39017da4b4b945dbedb8b617294595a05af29,lightgbm__fold_05__interest__ca695badcdc0,new_training,lightgbm,5,interest,-10,1,df1d4a9a8a978ee0e3bcd8ba820067c8fc420fd3f5f02f8d6b88fa7e63bbaac1,0.47852433333333333,0.529754,15858,3595,11,2.2733233000035398,estimator_native_no_validation,0,0,0,,0.6828486380661265,11,0.5971435900329201,11,0.8856164005163748,10,0.8678205889739221,10,0.7450896816029859,10,0.6792521110386294,11,0.71196848583649,11,0.6320897652234987,11,,,,
complete,matched_confirmatory,e09f28dab2b37321dd665cc55653cfc08a5a29afc38927ee26bc2d2c6cc988e7,8f643ada5ec3fec113905ff0b725835c38ee1a561ed0586e36b7d354b0404fc1,lightgbm__fold_05__relaxation__8f643ada5ec3,new_training,lightgbm,5,relaxation,-10,1,a638d2bb20962ed825b35f176b1a4005a8304bfc01370b1636d6ce403b817a6a,0.256914,0.3938446666666667,16049,4059,11,2.4048440999758895,estimator_native_no_validation,0,0,0,,0.7647379015329104,11,0.7635944155030633,11,0.9231168177275522,11,0.929253113701516,11,0.7388294435931271,11,0.7906463594726939,11,0.850344489392599,11,0.8257789714921103,11,,,,
complete,matched_confirmatory,e09f28dab2b37321dd665cc55653cfc08a5a29afc38927ee26bc2d2c6cc988e7,d66bd2a9ea0cb87f6888b24ee8e3a10b8399c36abfeceaedac647c0e23f71d7e,lightgbm__fold_05__stress__d66bd2a9ea0c,new_training,lightgbm,5,stress,-10,1,f830184ed4091f7c1893003e91eb518737ed15e8b5f007bf46bf30fa7cf23cdb,0.4021516666666667,0.4598493333333333,15836,4168,11,2.3053061999962665,estimator_native_no_validation,0,0,0,,0.7274939679946673,11,0.6756001896867231,11,0.875491119180468,11,0.8806469821295337,11,0.6299655979588741,11,0.8250223380304604,11,0.7627493463307168,11,0.752996065798536,11,,,,
complete,matched_confirmatory_reused_reference,e09f28dab2b37321dd665cc55653cfc08a5a29afc38927ee26bc2d2c6cc988e7,66a88b7fd1b476d29e765b6d9b392dbd583e607abc9c12cc2d804d4e29e84c97,torch_lstm__fold_01__attention__66a88b7fd1b4,reference_neural_robustness,torch_lstm,1,attention,-10,10,40889ed77c7a49254028614aa69c424c2355cbd1baaed50dc47082b1864510f7,0.40640833333333337,0.5057536666666667,14829,4124,11,4.148289500008104,group_record,0,0,3,1.0,0.6362947523322231,11,0.5573137992971171,11,0.7525598693352769,11,0.7898111820233426,11,0.6567265417390029,11,0.6158629629254431,11,0.6877445324581758,11,0.6003820904231382,11,-100.0,sequence_features,target_attention,torch_lstm__fold_01__attention__464a5d6bf940
complete,matched_confirmatory_reused_reference,e09f28dab2b37321dd665cc55653cfc08a5a29afc38927ee26bc2d2c6cc988e7,faa5ed8ea07e2c66858e806ae8f21f85362fb91c18471af4e2541d9eba13c797,torch_lstm__fold_01__engagement__faa5ed8ea07e,reference_neural_robustness,torch_lstm,1,engagement,-10,10,7d374ea6928381e1ee56d96473fa6567757f8df43407f81bbd24c398d82e419e,0.5800476666666666,0.6855443333333333,15238,4313,11,3.545842799998354,group_record,0,0,3,1.0,0.6711123426899349,11,0.6570248955352588,11,0.8060692036753953,11,0.8115427795482691,11,0.5539819664364537,11,0.7882427189434164,11,0.7453325053174441,11,0.727823882645747,11,-100.0,sequence_features,target_engagement,torch_lstm__fold_01__engagement__ab4362406a96
complete,matched_confirmatory_reused_reference,e09f28dab2b37321dd665cc55653cfc08a5a29afc38927ee26bc2d2c6cc988e7,d2ac27d48cf9e0c8ebd214c73c4c5da2aa496336579e92b2a02dd4a928b1efd7,torch_lstm__fold_01__excitement__d2ac27d48cf9,reference_neural_robustness,torch_lstm,1,excitement,-10,10,f13db677a8358b59d7e0528258ba7ff9bf95b5314741ce39a724cf74d183ddaa,0.198928,0.3627136666666666,15414,4489,11,3.9028970999934245,group_record,0,0,5,4.0,0.8206193654926222,11,0.7649012207068872,11,0.9429174732012977,11,0.9284573945109518,11,0.7364369511907153,11,0.9048017797945292,11,0.7971601752470878,11,0.7955974369200504,11,-100.0,sequence_features,target_excitement,torch_lstm__fold_01__excitement__8008435068c1
complete,matched_confirmatory_reused_reference,e09f28dab2b37321dd665cc55653cfc08a5a29afc38927ee26bc2d2c6cc988e7,3cea1f3bbdb4b340036aeb45ffa2a03a6cdf3189833d1a5714dcdefed6f131f7,torch_lstm__fold_01__focus__3cea1f3bbdb4,reference_neural_robustness,torch_lstm,1,focus,-10,10,7d71bb99b3a559d0df0aa3bf8b195bafc98a0dd046a82039a430a2fa4892b0d0,0.368801,0.4654386666666666,15320,4526,11,3.2585529999923892,group_record,0,0,3,1.0,0.7784503403036137,11,0.6951551014740972,11,0.8890153217591797,11,0.8307780526166693,11,0.7576237928873741,11,0.7992768877198535,11,0.7236362062775151,11,0.7654849454860265,11,-100.0,sequence_features,target_focus,torch_lstm__fold_01__focus__47247b54b250
complete,matched_confirmatory_reused_reference,e09f28dab2b37321dd665cc55653cfc08a5a29afc38927ee26bc2d2c6cc988e7,df1074e148126db7ca6dd08da8bf013aebe1dd9edbbaf85f77171bbbb540fe5b,torch_lstm__fold_01__interest__df1074e14812,reference_neural_robustness,torch_lstm,1,interest,-10,10,bd39db4c19d9f742cb059d0566f550cf160821412eeb67d3cc0780042dbd7317,0.480751,0.5305233333333333,15281,4458,11,3.7777536000066902,group_record,0,0,4,2.0,0.631091934356328,11,0.5765736003262504,11,0.7558878844511351,11,0.7346335043467765,11,0.5343361789812415,11,0.7278476897314146,11,0.6665797009248482,11,0.599597739770688,11,-100.0,sequence_features,target_interest,torch_lstm__fold_01__interest__e9d7142617a4
complete,matched_confirmatory_reused_reference,e09f28dab2b37321dd665cc55653cfc08a5a29afc38927ee26bc2d2c6cc988e7,dd374ab751a178ab6f6dfd59f67714950289596bf393c4529f5193bb9a644511,torch_lstm__fold_01__relaxation__dd374ab751a1,reference_neural_robustness,torch_lstm,1,relaxation,-10,10,38b0c29f91cf04074516bcbbf6cf6e9362b22718f7ac54fdbe5adf6de43d5d14,0.25662399999999996,0.39230799999999993,15503,4644,11,3.5245463000028394,group_record,0,0,3,1.0,0.7373806593253651,11,0.7122963335008861,11,0.8998682309314165,11,0.9074133424363517,11,0.659489648528285,11,0.8152716701224453,11,0.7726035524378275,11,0.7797141566307338,11,-100.0,sequence_features,target_relaxation,torch_lstm__fold_01__relaxation__2ad3e56ea9ff
complete,matched_confirmatory_reused_reference,e09f28dab2b37321dd665cc55653cfc08a5a29afc38927ee26bc2d2c6cc988e7,64fe0e5af302e29bf015e6557563a21f4df61a320c218ecebcc78dcd5db7176b,torch_lstm__fold_01__stress__64fe0e5af302,reference_neural_robustness,torch_lstm,1,stress,-10,10,bc3be14a13e7a39ebeab010389e1c408e3b117b37aecad2317d7955676362ffa,0.4029856666666667,0.461275,15261,4670,11,3.2803340000100434,group_record,0,0,3,1.0,0.7058667594366898,11,0.6630930985621449,11,0.8602129864373927,11,0.8399418525657564,11,0.6913831019176846,11,0.7203504169556948,11,0.7190769201792908,11,0.7006086547377578,11,-100.0,sequence_features,target_stress,torch_lstm__fold_01__stress__8c22cfcc55d0
complete,matched_confirmatory_reused_reference,e09f28dab2b37321dd665cc55653cfc08a5a29afc38927ee26bc2d2c6cc988e7,fb2475449575374d7ca3505297c782bb826e7f9b76adda41fe8482ffbc21f0cf,torch_lstm__fold_02__attention__fb2475449575,reference_neural_robustness,torch_lstm,2,attention,-10,10,05b80bfaecd22890a7e360375d08013c2763762bc191dded6a0bbd75f29be07f,0.409755,0.5089703333333333,15360,3654,10,3.689579500001855,group_record,0,0,5,3.0,0.7094198840400658,10,0.6831250497037928,10,0.8415762936412943,10,0.8143189997657133,10,0.6644029346421886,10,0.754436833437943,10,0.755784598384004,10,0.7306151397380847,10,-100.0,sequence_features,target_attention,torch_lstm__fold_02__attention__220edab733ba
complete,matched_confirmatory_reused_reference,e09f28dab2b37321dd665cc55653cfc08a5a29afc38927ee26bc2d2c6cc988e7,2f26ed078b845b974b9d3c30ada6180ad68b97d80daa90a93c9beeecfb874d6a,torch_lstm__fold_02__engagement__2f26ed078b84,reference_neural_robustness,torch_lstm,2,engagement,-10,10,96921223f37aee74e8576505e04d8d93656b6d22365a8c1e79d1aadc606e3780,0.572122,0.682083,15620,3657,10,3.3883993000199553,group_record,0,0,3,1.0,0.6758317218530021,10,0.6625936988573189,10,0.803281624206537,10,0.8773368520047319,10,0.6236014581108732,10,0.7280619855951311,10,0.7246438400023131,10,0.7246380076580375,10,-100.0,sequence_features,target_engagement,torch_lstm__fold_02__engagement__44db12fb6daf
complete,matched_confirmatory_reused_reference,e09f28dab2b37321dd665cc55653cfc08a5a29afc38927ee26bc2d2c6cc988e7,72e5b3bf96980060bca8b5843d395ac1863d4f9c00587cfd94828a2b45b90ba3,torch_lstm__fold_02__excitement__72e5b3bf9698,reference_neural_robustness,torch_lstm,2,excitement,-10,10,8cf290447cc76b4db2bf7811a784e38768237f66e910c108ea9bd99fce1b2673,0.194812,0.357134,15790,3976,10,3.4362528000201564,group_record,0,0,3,1.0,0.8732037089054503,10,0.84414269473495,10,0.9562851676365245,10,0.9671679153388849,10,0.8765377528762979,10,0.8698696649346023,10,0.8459113780702967,10,0.8716975165801202,10,-100.0,sequence_features,target_excitement,torch_lstm__fold_02__excitement__3615fa45a5ca
complete,matched_confirmatory_reused_reference,e09f28dab2b37321dd665cc55653cfc08a5a29afc38927ee26bc2d2c6cc988e7,e57b72ffeb7e539f2fdb857e41fa010a18e1c88438c789441ebac38d5c664df3,torch_lstm__fold_02__focus__e57b72ffeb7e,reference_neural_robustness,torch_lstm,2,focus,-10,10,74e34c54e7221dc6ee613f5b9c86caff220ef215c764f9f3f1457db68a376147,0.364693,0.460551,15705,4047,10,3.4695336000004318,group_record,0,0,3,1.0,0.7894133578048327,10,0.749976034924017,10,0.9163118379820296,10,0.8376043472518274,10,0.8683366983837295,10,0.7104900172259357,10,0.7638811655224639,10,0.8270361006749963,10,-100.0,sequence_features,target_focus,torch_lstm__fold_02__focus__a38c19add265
complete,matched_confirmatory_reused_reference,e09f28dab2b37321dd665cc55653cfc08a5a29afc38927ee26bc2d2c6cc988e7,9647bbe97c714bc27d8b2c2755353ddb3d88e597f77fa46e83883387c901da3d,torch_lstm__fold_02__interest__9647bbe97c71,reference_neural_robustness,torch_lstm,2,interest,-10,10,a6f226a94e84838366c4cf62d5dbcdfa343d2e4317631dc9cd843403760f8fb3,0.47714,0.52968,15692,3488,10,3.4230413000041153,group_record,0,0,3,1.0,0.6966691414000632,10,0.6739589230356231,10,0.8002977511618272,10,0.8353200273343552,10,0.7548085085317793,10,0.6385297742683471,10,0.7157487868107189,10,0.6973946915846303,10,-100.0,sequence_features,target_interest,torch_lstm__fold_02__interest__a392f642ec08
complete,matched_confirmatory_reused_reference,e09f28dab2b37321dd665cc55653cfc08a5a29afc38927ee26bc2d2c6cc988e7,597c00eead2802eca35baf23b54c2411e5bb785739e250008ed2909e673bd480,torch_lstm__fold_02__relaxation__597c00eead28,reference_neural_robustness,torch_lstm,2,relaxation,-10,10,7656df549309178054e578a36ceed79ea658632f163e5e508467b9011bdaa756,0.256714,0.404291,15888,3700,10,3.3999445000081323,group_record,0,0,3,1.0,0.7748886367873353,10,0.7404889939187125,10,0.8989081659639879,10,0.8904387819185875,10,0.7203209268851537,10,0.829456346689517,10,0.7880096712086531,10,0.7616754835019461,10,-100.0,sequence_features,target_relaxation,torch_lstm__fold_02__relaxation__b615246cc4db
complete,matched_confirmatory_reused_reference,e09f28dab2b37321dd665cc55653cfc08a5a29afc38927ee26bc2d2c6cc988e7,a28783ef17950fb63f74531ba6862b44376db28de17531644d88019fc2849935,torch_lstm__fold_02__stress__a28783ef1795,reference_neural_robustness,torch_lstm,2,stress,-10,10,f31c8981acf165f01f66cc01c4f2b2d6927c370f1a035493f12dece19b93ba49,0.396448,0.461981,15688,3241,10,3.731216800020775,group_record,0,0,4,2.0,0.7449358260321753,10,0.7141060342225847,10,0.8952970787725614,9,0.9054767385209384,9,0.7502750732415463,9,0.7848621813850543,10,0.7661114357062994,10,0.743809979277968,10,-100.0,sequence_features,target_stress,torch_lstm__fold_02__stress__c9118644a417
complete,matched_confirmatory_reused_reference,e09f28dab2b37321dd665cc55653cfc08a5a29afc38927ee26bc2d2c6cc988e7,09cf2b3d83b7bb9f8cf8fc9f00e79a27126cf3f048705727733b23261e4308ca,torch_lstm__fold_03__attention__09cf2b3d83b7,reference_neural_robustness,torch_lstm,3,attention,-10,10,d9fe93c98329da3f22770036d5d5bcc1723fbbfb61707901d1eaef4a7001f95d,0.407012,0.50364,15265,3909,11,3.4372164999949746,group_record,0,0,3,1.0,0.5907269957179865,11,0.5510906888007896,11,0.708139673995269,11,0.7968688569868086,11,0.5184769414536669,11,0.6629770499823061,11,0.6881783317539703,11,0.6131064727828904,11,-100.0,sequence_features,target_attention,torch_lstm__fold_03__attention__85a3ae1aaee6
complete,matched_confirmatory_reused_reference,e09f28dab2b37321dd665cc55653cfc08a5a29afc38927ee26bc2d2c6cc988e7,3f8d6753421e92539dec12cd8e1a5677b61e65339b8fc08865a2fa3e086a7d78,torch_lstm__fold_03__engagement__3f8d6753421e,reference_neural_robustness,torch_lstm,3,engagement,-10,10,a74a573473ef95d46567294f0aa220d0bd8b428d9a9120f4a96756b0c84d9f51,0.5875743333333333,0.689116,15768,4025,11,3.8208385000179987,group_record,0,0,4,2.0,0.7178741963748627,11,0.6901803472802517,11,0.8462660320768489,11,0.7770912082774739,11,0.7228969830613969,11,0.7128514096883284,11,0.7426397632912886,11,0.7481769943142691,11,-100.0,sequence_features,target_engagement,torch_lstm__fold_03__engagement__3607053514cb
complete,matched_confirmatory_reused_reference,e09f28dab2b37321dd665cc55653cfc08a5a29afc38927ee26bc2d2c6cc988e7,f17b552e8fca0349b87d65177373b6e6edb59ee9696719a86c1ae290f9f75a6f,torch_lstm__fold_03__excitement__f17b552e8fca,reference_neural_robustness,torch_lstm,3,excitement,-10,10,fa418d56645cfa9ab67032bef122ddca9f2bf2af811172bdbe6b172d6197f493,0.19379133333333332,0.35695933333333324,15900,3799,11,3.537936799984891,group_record,0,0,3,1.0,0.7812288641445274,11,0.7620311789105615,11,0.9138687909517743,11,0.9333313341845194,11,0.8189899358028878,11,0.743467792486167,11,0.807003564973068,11,0.7838046011179226,11,-100.0,sequence_features,target_excitement,torch_lstm__fold_03__excitement__1f889af9abcd
complete,matched_confirmatory_reused_reference,e09f28dab2b37321dd665cc55653cfc08a5a29afc38927ee26bc2d2c6cc988e7,38c416abb92ce59f6906498645f60ec54a7852a0b099bf6776d9ef3aece81b91,torch_lstm__fold_03__focus__38c416abb92c,reference_neural_robustness,torch_lstm,3,focus,-10,10,0c7365a9f52cdea7f5ff5bd02009df8f23994345c83ad7446745f49568834711,0.3654773333333333,0.46152833333333326,15827,3942,11,3.541010900022229,group_record,0,0,3,1.0,0.741234163580411,11,0.7313673198451088,11,0.8963550618614374,11,0.9109269987030145,11,0.7457012716159445,11,0.7367670555448772,11,0.8322947860190545,11,0.7953413134228476,11,-100.0,sequence_features,target_focus,torch_lstm__fold_03__focus__850254da888a
complete,matched_confirmatory_reused_reference,e09f28dab2b37321dd665cc55653cfc08a5a29afc38927ee26bc2d2c6cc988e7,851594351a681ac36c6993a6bf6e94a459cb9198d8964fc664ae0ab3e02c7784,torch_lstm__fold_03__interest__851594351a68,reference_neural_robustness,torch_lstm,3,interest,-10,10,3bcb6d908dca29ca782906a4f9f4eb0ea8493afdf7dc53a3c5de50526bd55ffb,0.480798,0.5285816666666666,15772,4275,11,3.4618307999917306,group_record,0,0,3,1.0,0.6841326450172285,11,0.6302676106367593,11,0.7580307326404189,11,0.7811675283004139,11,0.6824813412914239,11,0.685783948743033,11,0.6950154121988127,11,0.656900069112052,11,-100.0,sequence_features,target_interest,torch_lstm__fold_03__interest__9475492babac
complete,matched_confirmatory_reused_reference,e09f28dab2b37321dd665cc55653cfc08a5a29afc38927ee26bc2d2c6cc988e7,789a48c431985d442cd9e2b175c429383f483dca3fbaf3b79edfb6653612e2b1,torch_lstm__fold_03__relaxation__789a48c43198,reference_neural_robustness,torch_lstm,3,relaxation,-10,10,e60bf995e60c88b6af88b34c7d1f44be24f60c5b4257ba68426a2504b9aa025a,0.25428966666666664,0.395869,15984,3823,11,3.4972071000083815,group_record,0,0,3,1.0,0.7555675494174313,11,0.7364096690602557,11,0.8964635783225575,11,0.9072454187858597,11,0.8032796864541784,11,0.7078554123806842,11,0.77798897653223,11,0.7536895297409221,11,-100.0,sequence_features,target_relaxation,torch_lstm__fold_03__relaxation__7188a130c2ea
complete,matched_confirmatory_reused_reference,e09f28dab2b37321dd665cc55653cfc08a5a29afc38927ee26bc2d2c6cc988e7,1bb8ac1791d3643dd8f67e610bf665f638f28b7343bebeb1703be4166923f9bf,torch_lstm__fold_03__stress__1bb8ac1791d3,reference_neural_robustness,torch_lstm,3,stress,-10,10,bcd3007f8b807817734d67f5fb79247d682169631186c1b04d4f2cedd74be7de,0.405259,0.460463,15759,4624,11,3.906164100015303,group_record,0,0,4,2.0,0.6977106699731629,11,0.6357626531736851,11,0.8433724166430387,11,0.834210451875305,11,0.7877035805570324,11,0.6077177593892934,11,0.7054534424869172,11,0.6601021173825338,11,-100.0,sequence_features,target_stress,torch_lstm__fold_03__stress__f26812a7f90b
complete,matched_confirmatory_reused_reference,e09f28dab2b37321dd665cc55653cfc08a5a29afc38927ee26bc2d2c6cc988e7,83c52ae4f4a4d31a9f3dad7ef62ccec1add674da37ecbf30ab54720eb1a8f0f5,torch_lstm__fold_04__attention__83c52ae4f4a4,reference_neural_robustness,torch_lstm,4,attention,-10,10,4404f50166a53629f16deb855b5dbdefb3de95149a3eec0eec91689ced0aaf96,0.410495,0.5079906666666667,15424,3721,10,3.426302999985637,group_record,0,0,3,1.0,0.6498873228955148,10,0.5854268884515978,10,0.8084397333807724,10,0.7625006856504859,10,0.7309023108593431,10,0.5688723349316864,10,0.6540744308721662,10,0.6280193382481363,10,-100.0,sequence_features,target_attention,torch_lstm__fold_04__attention__dfdd27035e70
complete,matched_confirmatory_reused_reference,e09f28dab2b37321dd665cc55653cfc08a5a29afc38927ee26bc2d2c6cc988e7,33442a1ceafa787f33ff90d4e5ce9cf740da73914245ae771da458f6a7dfd067,torch_lstm__fold_04__engagement__33442a1ceafa,reference_neural_robustness,torch_lstm,4,engagement,-10,10,4efdbb963e4328ea609ced0c43ea79ec54863afcf8b6dc3b54e36caff30afe16,0.5819393333333334,0.6880023333333333,15902,3534,10,3.211231299996143,group_record,0,0,3,1.0,0.6773682848929271,10,0.620353862322079,10,0.8562851428427176,10,0.802400915700636,10,0.6363331357650496,10,0.7184034340208048,10,0.6968067953557344,10,0.6864964633246446,10,-100.0,sequence_features,target_engagement,torch_lstm__fold_04__engagement__a1244b760940
complete,matched_confirmatory_reused_reference,e09f28dab2b37321dd665cc55653cfc08a5a29afc38927ee26bc2d2c6cc988e7,8bf1a461d9bff25dd7f661476b3194b7c3e9510e260bc592c17d33fb2ee6e9ab,torch_lstm__fold_04__excitement__8bf1a461d9bf,reference_neural_robustness,torch_lstm,4,excitement,-10,10,01a9a36af7fd4938668057f58a4af0d4815b36985a13f61e071f1297e75e14d1,0.198937,0.36487366666666665,16040,3810,10,4.163132499990752,group_record,0,0,5,3.0,0.8446626525685763,10,0.8506149553026852,10,0.951505435658504,10,0.9502234206662685,10,0.8921736858258882,10,0.7971516193112647,10,0.8758044471373555,10,0.8798633558469419,10,-100.0,sequence_features,target_excitement,torch_lstm__fold_04__excitement__0dff2beb9984
complete,matched_confirmatory_reused_reference,e09f28dab2b37321dd665cc55653cfc08a5a29afc38927ee26bc2d2c6cc988e7,726fa72d0a7ffac5a6986323bb32bed903411e93c35283649840c4e8fd2ee7ff,torch_lstm__fold_04__focus__726fa72d0a7f,reference_neural_robustness,torch_lstm,4,focus,-10,10,bcbf7453b6c3768b7f4446c03f027f80397a24d1f0f54a82146b8fe6d4a67bdf,0.365106,0.46338333333333337,15990,3603,10,3.520180200022878,group_record,0,0,3,1.0,0.7777939765744422,10,0.7835315477443452,10,0.9168996354520657,10,0.9105289520999819,10,0.8186219650598753,10,0.7369659880890088,10,0.823270579026337,10,0.8418148491578401,10,-100.0,sequence_features,target_focus,torch_lstm__fold_04__focus__5aebbb37b856
complete,matched_confirmatory_reused_reference,e09f28dab2b37321dd665cc55653cfc08a5a29afc38927ee26bc2d2c6cc988e7,561f7904dc037846c9c7c777b26a48320abc0bf5a292fb8be6ac066289179c6a,torch_lstm__fold_04__interest__561f7904dc03,reference_neural_robustness,torch_lstm,4,interest,-10,10,c4110c8ecd8ea7c835b8ea571bfeb6ad10ec8d02d986bd0e2c5b9a70c03e3241,0.4793536666666667,0.5286693333333333,15959,3818,10,3.5450192999851424,group_record,0,0,3,1.0,0.6753536368966635,10,0.622145239045192,10,0.7664230338188374,10,0.816219262006624,10,0.6760299036059612,10,0.6746773701873658,10,0.6615245716312229,10,0.6555396646523807,10,-100.0,sequence_features,target_interest,torch_lstm__fold_04__interest__92169030fecf
complete,matched_confirmatory_reused_reference,e09f28dab2b37321dd665cc55653cfc08a5a29afc38927ee26bc2d2c6cc988e7,a029686e2d5e693e11809b7b246dbbed1e559fda37871700d556ddea10db29c8,torch_lstm__fold_04__relaxation__a029686e2d5e,reference_neural_robustness,torch_lstm,4,relaxation,-10,10,a5f608b86ee9061617d36b1743ad601431f955dde27218d8d7829829dc257d43,0.259306,0.403906,16165,3682,10,3.6169699000020046,group_record,0,0,4,2.0,0.7619638489179466,10,0.7596387746634006,10,0.910739734163468,10,0.8834610030428035,10,0.9146776814746713,10,0.6092500163612216,10,0.8266574061515817,10,0.7946165149126372,10,-100.0,sequence_features,target_relaxation,torch_lstm__fold_04__relaxation__ddf5e07db425
complete,matched_confirmatory_reused_reference,e09f28dab2b37321dd665cc55653cfc08a5a29afc38927ee26bc2d2c6cc988e7,12ba8d2cf7c0607801f669e02f7e7537d70f12b86f2738c4630c3d738ed4d1d2,torch_lstm__fold_04__stress__12ba8d2cf7c0,reference_neural_robustness,torch_lstm,4,stress,-10,10,27d0b6e27ea4a69159776babe88351288b3e08a8b6a0e0a437af967ad54f9cf0,0.39695366666666665,0.46365033333333333,15944,2832,10,3.413355800003046,group_record,0,0,3,1.0,0.7316279776708375,10,0.636253941909583,10,0.8210912948479582,10,0.8832767725692859,10,0.8485690936082257,10,0.6146868617334493,10,0.7367294195270604,10,0.6613260225272838,10,-100.0,sequence_features,target_stress,torch_lstm__fold_04__stress__5bb6e9899d55
complete,matched_confirmatory_reused_reference,e09f28dab2b37321dd665cc55653cfc08a5a29afc38927ee26bc2d2c6cc988e7,25a910c47bc6228a1271ba3a2c8707ec236294a59e069b0f1f57f459fa9f32b9,torch_lstm__fold_05__attention__25a910c47bc6,reference_neural_robustness,torch_lstm,5,attention,-10,10,2f86d0e8c455b4f21168d0123e21d085836ed48610878f7e823e2e4fab91a878,0.408289,0.5064886666666667,15382,3675,11,3.361633599997731,group_record,0,0,3,1.0,0.6752588573490811,11,0.5634764956572388,11,0.7508615717341948,10,0.6811136879981196,10,0.511915430620993,10,0.7942309595881686,11,0.6421594873966573,11,0.6472058073123397,11,-100.0,sequence_features,target_attention,torch_lstm__fold_05__attention__1a3e476f137b
complete,matched_confirmatory_reused_reference,e09f28dab2b37321dd665cc55653cfc08a5a29afc38927ee26bc2d2c6cc988e7,10253ee7e1792255bd6c48868a498cc34d0f3381d5e559b0038b64598c9afdae,torch_lstm__fold_05__engagement__10253ee7e179,reference_neural_robustness,torch_lstm,5,engagement,-10,10,fd819c1414dbc4a71c004ee2f223fde45d23c5e1a929dfb308519bdd81be5cc8,0.5812246666666667,0.6832976666666667,15793,4056,11,3.4678172999992967,group_record,0,0,3,1.0,0.703411262972604,11,0.6275338712880608,11,0.8411551031730409,11,0.7600784744796787,11,0.7697232439844744,11,0.6370992819607335,11,0.7052323141916292,11,0.6573254752736037,11,-100.0,sequence_features,target_engagement,torch_lstm__fold_05__engagement__529105c566f4
complete,matched_confirmatory_reused_reference,e09f28dab2b37321dd665cc55653cfc08a5a29afc38927ee26bc2d2c6cc988e7,d52f8eeda1509473cb5add8007523b0815e2c2456587b7d8e05a7eb99feb65a0,torch_lstm__fold_05__excitement__d52f8eeda150,reference_neural_robustness,torch_lstm,5,excitement,-10,10,e83502bfb241187a15bbe01f2a2df8a2dcfd119976c2c47635b1515b95a004a5,0.196205,0.361125,15980,3746,11,3.6744621000252664,group_record,0,0,4,2.0,0.8478592086591348,11,0.838901026948378,11,0.9429020180831233,11,0.9392762629335691,11,0.8433267074733387,11,0.852391709844931,11,0.8588086488408734,11,0.8633288285305888,11,-100.0,sequence_features,target_excitement,torch_lstm__fold_05__excitement__8806a688f916
complete,matched_confirmatory_reused_reference,e09f28dab2b37321dd665cc55653cfc08a5a29afc38927ee26bc2d2c6cc988e7,a58e73645da5733e600b30444f5dfe3dc09be39b52dfb51e6ebbcf4fdcff5d26,torch_lstm__fold_05__focus__a58e73645da5,reference_neural_robustness,torch_lstm,5,focus,-10,10,d1251c35ecfb7ccdf7b0d7e26663f103bb7b943f31fc83ad844ddbed424760ce,0.367191,0.4675926666666666,15923,3573,11,3.503147200011881,group_record,0,0,3,1.0,0.7520314449755877,11,0.6834678680192284,11,0.9121468751658206,11,0.8642986555550256,11,0.5830298413933407,11,0.9210330485578346,11,0.7468010298870683,11,0.7130702319921203,11,-100.0,sequence_features,target_focus,torch_lstm__fold_05__focus__3d44856c1eec
complete,matched_confirmatory_reused_reference,e09f28dab2b37321dd665cc55653cfc08a5a29afc38927ee26bc2d2c6cc988e7,e258716b35af81fce6626c98eca84d6af7d99c2923f5d6c51e88ea9113b2cac9,torch_lstm__fold_05__interest__e258716b35af,reference_neural_robustness,torch_lstm,5,interest,-10,10,df1d4a9a8a978ee0e3bcd8ba820067c8fc420fd3f5f02f8d6b88fa7e63bbaac1,0.47852433333333333,0.529754,15858,3595,11,3.762454699986847,group_record,0,0,4,2.0,0.6396749006944844,11,0.525151774095303,11,0.8457660199497561,10,0.8297509027719213,10,0.6716169478863229,10,0.6574253033104934,11,0.6910195972178974,11,0.5645089794927913,11,-100.0,sequence_features,target_interest,torch_lstm__fold_05__interest__7ce5d187e617
complete,matched_confirmatory_reused_reference,e09f28dab2b37321dd665cc55653cfc08a5a29afc38927ee26bc2d2c6cc988e7,e63036751be9cbb106ef6f4c634cff4a26624dc121a9343ceec0ecc040b10997,torch_lstm__fold_05__relaxation__e63036751be9,reference_neural_robustness,torch_lstm,5,relaxation,-10,10,a638d2bb20962ed825b35f176b1a4005a8304bfc01370b1636d6ce403b817a6a,0.256914,0.3938446666666667,16049,4059,11,3.5299903999839444,group_record,0,0,3,1.0,0.7100292404672698,11,0.6883580099862631,11,0.8856213740159169,11,0.8836259956188551,11,0.7080656787578348,11,0.7119928021767049,11,0.8090513102593927,11,0.7659434428865279,11,-100.0,sequence_features,target_relaxation,torch_lstm__fold_05__relaxation__75bb6e06f856
complete,matched_confirmatory_reused_reference,e09f28dab2b37321dd665cc55653cfc08a5a29afc38927ee26bc2d2c6cc988e7,8b9ae4668e60995dcd5cf4d5abf8c557cb698f7279a2fc96c520ae81d6a1f236,torch_lstm__fold_05__stress__8b9ae4668e60,reference_neural_robustness,torch_lstm,5,stress,-10,10,f830184ed4091f7c1893003e91eb518737ed15e8b5f007bf46bf30fa7cf23cdb,0.4021516666666667,0.4598493333333333,15836,4168,11,3.412746000016341,group_record,0,0,3,1.0,0.7114655472772659,11,0.6683835426337102,11,0.8227373763508283,11,0.856258820804909,11,0.6243032423665116,11,0.7986278521880202,11,0.7224365036965575,11,0.7389162256706355,11,-100.0,sequence_features,target_stress,torch_lstm__fold_05__stress__888ea431a71c
complete,matched_confirmatory,e09f28dab2b37321dd665cc55653cfc08a5a29afc38927ee26bc2d2c6cc988e7,a74543483a93f97db0c17c452d224438442a05a3e396918a36753ec784dde4e7,torch_transformer__fold_01__attention__a74543483a93,new_training,torch_transformer,1,attention,-10,8,40889ed77c7a49254028614aa69c424c2355cbd1baaed50dc47082b1864510f7,0.40640833333333337,0.5057536666666667,14829,4124,11,7.439259000006132,group_record,0,0,5,1.0,0.6386288566647811,11,0.5629525780150391,11,0.750184810527963,11,0.7874032467799812,11,0.7311440527803235,11,0.5461136605492388,11,0.6733095780721751,11,0.5921736365797768,11,,,,
complete,matched_confirmatory,e09f28dab2b37321dd665cc55653cfc08a5a29afc38927ee26bc2d2c6cc988e7,fdac70f46bba214bea9781610bd0e5b99fb2ad40a32fbabaaae2040fedda0e26,torch_transformer__fold_01__engagement__fdac70f46bba,new_training,torch_transformer,1,engagement,-10,8,7d374ea6928381e1ee56d96473fa6567757f8df43407f81bbd24c398d82e419e,0.5800476666666666,0.6855443333333333,15238,4313,11,5.162910799990641,group_record,0,0,5,1.0,0.6904932104182425,11,0.6791215741753919,11,0.8084377077660552,11,0.8123660586777788,11,0.7090451668381373,11,0.6719412539983479,11,0.7723685458825403,11,0.7511014401991101,11,,,,
complete,matched_confirmatory,e09f28dab2b37321dd665cc55653cfc08a5a29afc38927ee26bc2d2c6cc988e7,9fbd7890570e81a0c04b48b57198e4dd12ab8e414712c424ed5a24e9cb1f0283,torch_transformer__fold_01__excitement__9fbd7890570e,new_training,torch_transformer,1,excitement,-10,8,f13db677a8358b59d7e0528258ba7ff9bf95b5314741ce39a724cf74d183ddaa,0.198928,0.3627136666666666,15414,4489,11,7.414396799984388,group_record,0,0,8,4.0,0.8373818465776519,11,0.7998833922353275,11,0.9511020418135318,11,0.9370582996479893,11,0.7983882917579166,11,0.8763754013973873,11,0.8230309018528946,11,0.8176473265771349,11,,,,
complete,matched_confirmatory,e09f28dab2b37321dd665cc55653cfc08a5a29afc38927ee26bc2d2c6cc988e7,f5b3613a1841ae17fa43397ebdf7cf9f3d3cccafea4b34185886a37bd48a98cd,torch_transformer__fold_01__focus__f5b3613a1841,new_training,torch_transformer,1,focus,-10,8,7d71bb99b3a559d0df0aa3bf8b195bafc98a0dd046a82039a430a2fa4892b0d0,0.368801,0.4654386666666666,15320,4526,11,5.370846400008304,group_record,0,0,5,1.0,0.7602779872154769,11,0.6762897172999917,11,0.8792915844581738,11,0.7970599714574494,11,0.6329730681706779,11,0.8875829062602757,11,0.7368370701165611,11,0.7432955151900532,11,,,,
complete,matched_confirmatory,e09f28dab2b37321dd665cc55653cfc08a5a29afc38927ee26bc2d2c6cc988e7,80124b46942c8f52d01bf04df5bbefbc056bcf4843403bbfa53926ced3e61712,torch_transformer__fold_01__interest__80124b46942c,new_training,torch_transformer,1,interest,-10,8,bd39db4c19d9f742cb059d0566f550cf160821412eeb67d3cc0780042dbd7317,0.480751,0.5305233333333333,15281,4458,11,5.448640099988552,group_record,0,0,5,1.0,0.644912870252797,11,0.5846244465762376,11,0.7617742251398908,11,0.7260892691953198,11,0.5988471554334285,11,0.6909785850721654,11,0.6771553043262161,11,0.6096319780653057,11,,,,
complete,matched_confirmatory,e09f28dab2b37321dd665cc55653cfc08a5a29afc38927ee26bc2d2c6cc988e7,ecbbcff42efcb036af1aeebc0aae36ba4c7aa4e0548e17e2c2d9559b118f655f,torch_transformer__fold_01__relaxation__ecbbcff42efc,new_training,torch_transformer,1,relaxation,-10,8,38b0c29f91cf04074516bcbbf6cf6e9362b22718f7ac54fdbe5adf6de43d5d14,0.25662399999999996,0.39230799999999993,15503,4644,11,5.533458799996879,group_record,0,0,5,1.0,0.7424118353420863,11,0.7245590024667101,11,0.9023460917062803,11,0.9040483511164047,11,0.6523690940089982,11,0.8324545766751746,11,0.8394850592934661,11,0.786191248055729,11,,,,
complete,matched_confirmatory,e09f28dab2b37321dd665cc55653cfc08a5a29afc38927ee26bc2d2c6cc988e7,80d9936743b610959992b9a51e55c54e00f385b41782435097d73c9760f0f942,torch_transformer__fold_01__stress__80d9936743b6,new_training,torch_transformer,1,stress,-10,8,bc3be14a13e7a39ebeab010389e1c408e3b117b37aecad2317d7955676362ffa,0.4029856666666667,0.461275,15261,4670,11,5.463041599985445,group_record,0,0,5,1.0,0.7023120595047132,11,0.6552295643594113,11,0.8254194923414345,11,0.8114487651093875,11,0.7300656966536365,11,0.6745584223557901,11,0.7041269062367786,11,0.6891295362231454,11,,,,
complete,matched_confirmatory,e09f28dab2b37321dd665cc55653cfc08a5a29afc38927ee26bc2d2c6cc988e7,11beb5400c8e379361973461f95ef51f8135ecd3a98e31450072ab440ab47b54,torch_transformer__fold_02__attention__11beb5400c8e,new_training,torch_transformer,2,attention,-10,8,05b80bfaecd22890a7e360375d08013c2763762bc191dded6a0bbd75f29be07f,0.409755,0.5089703333333333,15360,3654,10,8.718203299999004,group_record,0,0,10,6.0,0.6888730606653751,10,0.674399579809519,10,0.7959822403795292,10,0.7683583688766477,10,0.7257842646107405,10,0.6519618567200098,10,0.7529226432650998,10,0.7281798383897342,10,,,,
complete,matched_confirmatory,e09f28dab2b37321dd665cc55653cfc08a5a29afc38927ee26bc2d2c6cc988e7,c8fe107b937592ff699017a4c3dedd2ab2858be66865d18d185b4f537e5e23e8,torch_transformer__fold_02__engagement__c8fe107b9375,new_training,torch_transformer,2,engagement,-10,8,96921223f37aee74e8576505e04d8d93656b6d22365a8c1e79d1aadc606e3780,0.572122,0.682083,15620,3657,10,5.440468499989947,group_record,0,0,5,1.0,0.6817147396716359,10,0.6674757596525012,10,0.8017848074365977,10,0.8765515726659313,10,0.6347312453851057,10,0.7286982339581661,10,0.7266921748210607,10,0.7261558976984243,10,,,,
complete,matched_confirmatory,e09f28dab2b37321dd665cc55653cfc08a5a29afc38927ee26bc2d2c6cc988e7,06105d4e0de7b39e7f95797070b310a6f44569d3d150d185f7c600d741517410,torch_transformer__fold_02__excitement__06105d4e0de7,new_training,torch_transformer,2,excitement,-10,8,8cf290447cc76b4db2bf7811a784e38768237f66e910c108ea9bd99fce1b2673,0.194812,0.357134,15790,3976,10,7.027575699990848,group_record,0,0,7,3.0,0.866257756224434,10,0.8329469775971974,10,0.9470963726498027,10,0.9587408780273081,10,0.8790128267916902,10,0.8535026856571777,10,0.8383971712780796,10,0.8626198188760833,10,,,,
complete,matched_confirmatory,e09f28dab2b37321dd665cc55653cfc08a5a29afc38927ee26bc2d2c6cc988e7,5e8b392732e744d97b61111b06c2e4b2cb7e5bc946d8f487b58550fef8c87347,torch_transformer__fold_02__focus__5e8b392732e7,new_training,torch_transformer,2,focus,-10,8,74e34c54e7221dc6ee613f5b9c86caff220ef215c764f9f3f1457db68a376147,0.364693,0.460551,15705,4047,10,6.024715199979255,group_record,0,0,5,1.0,0.746294614607798,10,0.6895719752802629,10,0.8868113265257127,10,0.7789589064718573,10,0.9136741283543722,10,0.5789151008612239,10,0.727715690168735,10,0.7850857054346035,10,,,,
complete,matched_confirmatory,e09f28dab2b37321dd665cc55653cfc08a5a29afc38927ee26bc2d2c6cc988e7,eae1356ab6c20a6a07b718a425f105b82d19f325218941629b5ce0577f702d42,torch_transformer__fold_02__interest__eae1356ab6c2,new_training,torch_transformer,2,interest,-10,8,a6f226a94e84838366c4cf62d5dbcdfa343d2e4317631dc9cd843403760f8fb3,0.47714,0.52968,15692,3488,10,6.238143599999603,group_record,0,0,5,1.0,0.7167584112969825,10,0.6772576218829005,10,0.8365483559704577,10,0.8673611581695997,10,0.7273633537296572,10,0.7061534688643079,10,0.7368754964769231,10,0.7003499605732268,10,,,,
complete,matched_confirmatory,e09f28dab2b37321dd665cc55653cfc08a5a29afc38927ee26bc2d2c6cc988e7,9d6036e7152900de2b9d6b03af392f8065179685b9a44947cfc298cd312f7db3,torch_transformer__fold_02__relaxation__9d6036e71529,new_training,torch_transformer,2,relaxation,-10,8,7656df549309178054e578a36ceed79ea658632f163e5e508467b9011bdaa756,0.256714,0.404291,15888,3700,10,6.944817099982174,group_record,0,0,6,2.0,0.7788623909955726,10,0.7531221828073245,10,0.8853138101120581,10,0.8828178806910618,10,0.773584172045322,10,0.7841406099458234,10,0.788624658748659,10,0.7645229706609898,10,,,,
complete,matched_confirmatory,e09f28dab2b37321dd665cc55653cfc08a5a29afc38927ee26bc2d2c6cc988e7,7ea82f760fb78453c10fd2c1cb47cb03ec5d037ff63701eb67835be42ea58ab6,torch_transformer__fold_02__stress__7ea82f760fb7,new_training,torch_transformer,2,stress,-10,8,f31c8981acf165f01f66cc01c4f2b2d6927c370f1a035493f12dece19b93ba49,0.396448,0.461981,15688,3241,10,5.338409899995895,group_record,0,0,5,1.0,0.7409953538784222,10,0.6542883077536712,10,0.8522222373497483,9,0.8697885203213644,9,0.6132229564244644,9,0.847550364435144,10,0.7042304961444018,10,0.7225350788621132,10,,,,
complete,matched_confirmatory,e09f28dab2b37321dd665cc55653cfc08a5a29afc38927ee26bc2d2c6cc988e7,6af71f7460a2b330a6afe66428d4c30bd455e1501fe644f41bc2dce1f7d37528,torch_transformer__fold_03__attention__6af71f7460a2,new_training,torch_transformer,3,attention,-10,8,d9fe93c98329da3f22770036d5d5bcc1723fbbfb61707901d1eaef4a7001f95d,0.407012,0.50364,15265,3909,11,7.186157599993749,group_record,0,0,6,2.0,0.5825106852218505,11,0.5502808498005188,11,0.669801407734917,11,0.7234738710504708,11,0.46913811905224995,11,0.6958832513914511,11,0.6249190290632344,11,0.6131015373831963,11,,,,
complete,matched_confirmatory,e09f28dab2b37321dd665cc55653cfc08a5a29afc38927ee26bc2d2c6cc988e7,b9826b145e66ce69e7f68e4848b4f0cbdcfece6db5a6ef4556d1fe029625645f,torch_transformer__fold_03__engagement__b9826b145e66,new_training,torch_transformer,3,engagement,-10,8,a74a573473ef95d46567294f0aa220d0bd8b428d9a9120f4a96756b0c84d9f51,0.5875743333333333,0.689116,15768,4025,11,5.983880099985981,group_record,0,0,5,1.0,0.6856461832150289,11,0.6485736539630529,11,0.80968198829541,11,0.7351148743973682,11,0.6209227659748296,11,0.7503696004552282,11,0.7236071312800528,11,0.6999743077488072,11,,,,
complete,matched_confirmatory,e09f28dab2b37321dd665cc55653cfc08a5a29afc38927ee26bc2d2c6cc988e7,f98cf5cdb6ad12b4b3e7d2ff3e65cabfba4199f4880cb2c0081bc9df85dfe4fb,torch_transformer__fold_03__excitement__f98cf5cdb6ad,new_training,torch_transformer,3,excitement,-10,8,fa418d56645cfa9ab67032bef122ddca9f2bf2af811172bdbe6b172d6197f493,0.19379133333333332,0.35695933333333324,15900,3799,11,5.94741459999932,group_record,0,0,5,1.0,0.7859088719197633,11,0.766612282648556,11,0.9152598766021172,11,0.9355799615720678,11,0.7886199661565313,11,0.7831977776829955,11,0.8099684472513783,11,0.7917705105221806,11,,,,
complete,matched_confirmatory,e09f28dab2b37321dd665cc55653cfc08a5a29afc38927ee26bc2d2c6cc988e7,3d5a8f23672b8c1a91dfe945018e1481901f93fc6f6606d5a2798d128dbbc188,torch_transformer__fold_03__focus__3d5a8f23672b,new_training,torch_transformer,3,focus,-10,8,0c7365a9f52cdea7f5ff5bd02009df8f23994345c83ad7446745f49568834711,0.3654773333333333,0.46152833333333326,15827,3942,11,7.048029900004622,group_record,0,0,6,2.0,0.7184263104159894,11,0.6908783864454819,11,0.8958970515969829,11,0.9080475930538167,11,0.8062454032926897,11,0.6306072175392891,11,0.7875264904005287,11,0.7616028006178479,11,,,,
complete,matched_confirmatory,e09f28dab2b37321dd665cc55653cfc08a5a29afc38927ee26bc2d2c6cc988e7,6b0d29b0d76a5c09399ab238e5abe36b2d1553265997dd49dc5b67ca5b672ed3,torch_transformer__fold_03__interest__6b0d29b0d76a,new_training,torch_transformer,3,interest,-10,8,3bcb6d908dca29ca782906a4f9f4eb0ea8493afdf7dc53a3c5de50526bd55ffb,0.480798,0.5285816666666666,15772,4275,11,6.201220100017963,group_record,0,0,5,1.0,0.6747845539150842,11,0.6250201430052184,11,0.7596768017059022,11,0.7966431295470566,11,0.7274380629032773,11,0.6221310449268912,11,0.6814875003381241,11,0.6435285370134409,11,,,,
complete,matched_confirmatory,e09f28dab2b37321dd665cc55653cfc08a5a29afc38927ee26bc2d2c6cc988e7,e4fa54b906fe8354cc91bad4552f9e8b79f95abab24cbeda5f7111bc2670c3e4,torch_transformer__fold_03__relaxation__e4fa54b906fe,new_training,torch_transformer,3,relaxation,-10,8,e60bf995e60c88b6af88b34c7d1f44be24f60c5b4257ba68426a2504b9aa025a,0.25428966666666664,0.395869,15984,3823,11,8.608393000002252,group_record,0,0,8,4.0,0.7835782956674296,11,0.7642073981755698,11,0.9071063528245978,11,0.9155725727989263,11,0.8531764193639738,11,0.7139801719708856,11,0.8089489395923657,11,0.7800611799521449,11,,,,
complete,matched_confirmatory,e09f28dab2b37321dd665cc55653cfc08a5a29afc38927ee26bc2d2c6cc988e7,5214c974f400075f06b11f3025dfab6d98597a2fae9222fa83f0fdd84511580c,torch_transformer__fold_03__stress__5214c974f400,new_training,torch_transformer,3,stress,-10,8,bcd3007f8b807817734d67f5fb79247d682169631186c1b04d4f2cedd74be7de,0.405259,0.460463,15759,4624,11,9.685214299999643,group_record,0,0,10,6.0,0.6925620179957701,11,0.6374417715454966,11,0.8087386512478372,11,0.7825284939516663,11,0.7237999457522447,11,0.6613240902392955,11,0.7011635541268201,11,0.6704017088767733,11,,,,
complete,matched_confirmatory,e09f28dab2b37321dd665cc55653cfc08a5a29afc38927ee26bc2d2c6cc988e7,9449c7a8ece22144193370bd77f39b0494e074c65b8c287278e1d24c12dda6c6,torch_transformer__fold_04__attention__9449c7a8ece2,new_training,torch_transformer,4,attention,-10,8,4404f50166a53629f16deb855b5dbdefb3de95149a3eec0eec91689ced0aaf96,0.410495,0.5079906666666667,15424,3721,10,6.147233099996811,group_record,0,0,5,1.0,0.6341463296517649,10,0.5740398619026914,10,0.8008605456786351,10,0.7605486493190521,10,0.7614898075001368,10,0.5068028518033929,10,0.693902836328435,10,0.6235305974039371,10,,,,
complete,matched_confirmatory,e09f28dab2b37321dd665cc55653cfc08a5a29afc38927ee26bc2d2c6cc988e7,df4f52e2b4381a4584a5bf4c821d5b3ae1bb823ad3913d517075116e4a2085d0,torch_transformer__fold_04__engagement__df4f52e2b438,new_training,torch_transformer,4,engagement,-10,8,4efdbb963e4328ea609ced0c43ea79ec54863afcf8b6dc3b54e36caff30afe16,0.5819393333333334,0.6880023333333333,15902,3534,10,6.366505700018024,group_record,0,0,5,1.0,0.6919967997563292,10,0.6393467442974521,10,0.8391025070075766,10,0.7707932684750325,10,0.6303621129109025,10,0.7536314866017558,10,0.7015005270857234,10,0.7023300044228977,10,,,,
complete,matched_confirmatory,e09f28dab2b37321dd665cc55653cfc08a5a29afc38927ee26bc2d2c6cc988e7,c5b89388484bcdc78209ba21997c2e69bf999c51a548a1e2ab6923ccc0808d37,torch_transformer__fold_04__excitement__c5b89388484b,new_training,torch_transformer,4,excitement,-10,8,01a9a36af7fd4938668057f58a4af0d4815b36985a13f61e071f1297e75e14d1,0.198937,0.36487366666666665,16040,3810,10,10.481208500015782,group_record,0,0,10,6.0,0.8608708125420902,10,0.8662293760378784,10,0.9525765109223459,10,0.9520569914755199,10,0.918147464432111,10,0.8035941606520692,10,0.8859437332922694,10,0.8894380331828853,10,,,,
complete,matched_confirmatory,e09f28dab2b37321dd665cc55653cfc08a5a29afc38927ee26bc2d2c6cc988e7,12980ee0fea3635351812ecf4e0af1a0b61f78d9a5d428d3cdfdc2c8b9663833,torch_transformer__fold_04__focus__12980ee0fea3,new_training,torch_transformer,4,focus,-10,8,bcbf7453b6c3768b7f4446c03f027f80397a24d1f0f54a82146b8fe6d4a67bdf,0.365106,0.46338333333333337,15990,3603,10,6.0951456999755464,group_record,0,0,5,1.0,0.762703277099388,10,0.757402556621433,10,0.9058254184733616,10,0.8854779820283081,10,0.7878041024103013,10,0.7376024517884746,10,0.8007829094129637,10,0.8216432759933452,10,,,,
complete,matched_confirmatory,e09f28dab2b37321dd665cc55653cfc08a5a29afc38927ee26bc2d2c6cc988e7,6d7bde9ee9f9b531ce9c2dd0d12f55c5733968a2b882d85b0fb907f40560b636,torch_transformer__fold_04__interest__6d7bde9ee9f9,new_training,torch_transformer,4,interest,-10,8,c4110c8ecd8ea7c835b8ea571bfeb6ad10ec8d02d986bd0e2c5b9a70c03e3241,0.4793536666666667,0.5286693333333333,15959,3818,10,6.2829633000073954,group_record,0,0,5,1.0,0.6560556895812903,10,0.5856786139214211,10,0.7847216323299583,10,0.8063056594558713,10,0.5945794121907635,10,0.7175319669718171,10,0.6624901427640488,10,0.6139372148145466,10,,,,
complete,matched_confirmatory,e09f28dab2b37321dd665cc55653cfc08a5a29afc38927ee26bc2d2c6cc988e7,78561a5c280f47b0df896f3dcc1229c7183a18d43a9c5f5ae366a61eb57e9e52,torch_transformer__fold_04__relaxation__78561a5c280f,new_training,torch_transformer,4,relaxation,-10,8,a5f608b86ee9061617d36b1743ad601431f955dde27218d8d7829829dc257d43,0.259306,0.403906,16165,3682,10,7.186328499985393,group_record,0,0,6,2.0,0.7894200220021717,10,0.7840825419845174,10,0.8994860940779779,10,0.8650235901074648,10,0.8236767906854403,10,0.7551632533189029,10,0.8150584020995698,10,0.8064760781326223,10,,,,
complete,matched_confirmatory,e09f28dab2b37321dd665cc55653cfc08a5a29afc38927ee26bc2d2c6cc988e7,4893d211fd3c6dda6365cde52c96576e00774dd501701fa3ca14be3f7108d846,torch_transformer__fold_04__stress__4893d211fd3c,new_training,torch_transformer,4,stress,-10,8,27d0b6e27ea4a69159776babe88351288b3e08a8b6a0e0a437af967ad54f9cf0,0.39695366666666665,0.46365033333333333,15944,2832,10,7.089397800009465,group_record,0,0,6,2.0,0.7166372852546823,10,0.6267029067328894,10,0.8459126244002733,10,0.8610518287646618,10,0.7925760571250334,10,0.6406985133843311,10,0.7115154698246501,10,0.65060689999688,10,,,,
complete,matched_confirmatory,e09f28dab2b37321dd665cc55653cfc08a5a29afc38927ee26bc2d2c6cc988e7,5fc0023d3a05c359603fd7b6bd8eb83d8c79428d81b8106c3ef1b74e323b8d63,torch_transformer__fold_05__attention__5fc0023d3a05,new_training,torch_transformer,5,attention,-10,8,2f86d0e8c455b4f21168d0123e21d085836ed48610878f7e823e2e4fab91a878,0.408289,0.5064886666666667,15382,3675,11,6.03973479999695,group_record,0,0,5,1.0,0.6856572534808025,11,0.6003466201222944,11,0.7341525382087526,10,0.6816139390402334,10,0.7323232251325162,10,0.6146570295684085,11,0.6375851403686829,11,0.6897734694309625,11,,,,
complete,matched_confirmatory,e09f28dab2b37321dd665cc55653cfc08a5a29afc38927ee26bc2d2c6cc988e7,ebad483b9def617def2fb72f9d9a38334e071a087380a60c39379a4a0e440579,torch_transformer__fold_05__engagement__ebad483b9def,new_training,torch_transformer,5,engagement,-10,8,fd819c1414dbc4a71c004ee2f223fde45d23c5e1a929dfb308519bdd81be5cc8,0.5812246666666667,0.6832976666666667,15793,4056,11,6.4020177999918815,group_record,0,0,5,1.0,0.6871841919249206,11,0.6116707480485153,11,0.8237642306855254,11,0.7554817768524722,11,0.8039348915959685,11,0.5704334922538729,11,0.6925892835402213,11,0.650291958988332,11,,,,
complete,matched_confirmatory,e09f28dab2b37321dd665cc55653cfc08a5a29afc38927ee26bc2d2c6cc988e7,10d2125dd93e80e87c48c10910663b6ef3952a2c07cead95c825464befc5edee,torch_transformer__fold_05__excitement__10d2125dd93e,new_training,torch_transformer,5,excitement,-10,8,e83502bfb241187a15bbe01f2a2df8a2dcfd119976c2c47635b1515b95a004a5,0.196205,0.361125,15980,3746,11,9.054807399981655,group_record,0,0,8,4.0,0.8367415492178356,11,0.8222097825974385,11,0.9419222871202645,11,0.9389505640611424,11,0.8147130987566796,11,0.8587699996789916,11,0.8523125213810608,11,0.8510365901025657,11,,,,
complete,matched_confirmatory,e09f28dab2b37321dd665cc55653cfc08a5a29afc38927ee26bc2d2c6cc988e7,a0eafa43320e41acba9b70845d3aaa513fcf89ecd56a17e239d9ef18db8bb306,torch_transformer__fold_05__focus__a0eafa43320e,new_training,torch_transformer,5,focus,-10,8,d1251c35ecfb7ccdf7b0d7e26663f103bb7b943f31fc83ad844ddbed424760ce,0.367191,0.4675926666666666,15923,3573,11,6.364737299998524,group_record,0,0,5,1.0,0.7449372788760392,11,0.6866535773036507,11,0.9103176695935825,11,0.8605250037606074,11,0.5930892218325278,11,0.8967853359195508,11,0.7332820006778991,11,0.7151270334620015,11,,,,
complete,matched_confirmatory,e09f28dab2b37321dd665cc55653cfc08a5a29afc38927ee26bc2d2c6cc988e7,909ff93ae4ba7e0f1c460fa7c4dda454e6135f6b475ade973f3f029bf99136ce,torch_transformer__fold_05__interest__909ff93ae4ba,new_training,torch_transformer,5,interest,-10,8,df1d4a9a8a978ee0e3bcd8ba820067c8fc420fd3f5f02f8d6b88fa7e63bbaac1,0.47852433333333333,0.529754,15858,3595,11,8.237631099997088,group_record,0,0,7,3.0,0.683665288151029,11,0.571296573393255,11,0.8631436375230637,10,0.854752308621047,10,0.792565995974756,10,0.6286342163250069,11,0.7013375479645042,11,0.599323801795567,11,,,,
complete,matched_confirmatory,e09f28dab2b37321dd665cc55653cfc08a5a29afc38927ee26bc2d2c6cc988e7,9f2ba0caa85acee321e82aeaf9c12491b3efa8ee7334bbbf6ef94aa13cca3001,torch_transformer__fold_05__relaxation__9f2ba0caa85a,new_training,torch_transformer,5,relaxation,-10,8,a638d2bb20962ed825b35f176b1a4005a8304bfc01370b1636d6ce403b817a6a,0.256914,0.3938446666666667,16049,4059,11,10.573298799979966,group_record,0,0,10,6.0,0.733346283062198,11,0.71908519461806,11,0.890324870759305,11,0.9021659772671426,11,0.7270893997763485,11,0.7396031663480476,11,0.8242435563610493,11,0.7786818504230301,11,,,,
complete,matched_confirmatory,e09f28dab2b37321dd665cc55653cfc08a5a29afc38927ee26bc2d2c6cc988e7,072e560a433365f56c260d046e1c572a9ccd62bae2de90657ef1a509c5b09f92,torch_transformer__fold_05__stress__072e560a4333,new_training,torch_transformer,5,stress,-10,8,f830184ed4091f7c1893003e91eb518737ed15e8b5f007bf46bf30fa7cf23cdb,0.4021516666666667,0.4598493333333333,15836,4168,11,8.818509300006554,group_record,0,0,8,4.0,0.7429675477847144,11,0.6857557087703942,11,0.8591390039127464,11,0.8516649557471656,11,0.7085301390483068,11,0.7774049565211222,11,0.7417072202678411,11,0.7561228755196783,11,,,,
complete,matched_confirmatory,e09f28dab2b37321dd665cc55653cfc08a5a29afc38927ee26bc2d2c6cc988e7,3b32e78851459c90546b2789c3f8235bf7a151d039d7bd9697335a074253b5fa,xgboost__fold_01__attention__3b32e7885145,new_training,xgboost,1,attention,-10,1,40889ed77c7a49254028614aa69c424c2355cbd1baaed50dc47082b1864510f7,0.40640833333333337,0.5057536666666667,14829,4124,11,4.451009799988242,estimator_native_no_validation,0,0,0,,0.7214461940419558,11,0.6748608200718094,11,0.8668406353614982,11,0.8743192863374708,11,0.7187169186594539,11,0.7241754694244578,11,0.7510989326618898,11,0.6925309614210416,11,,,,
complete,matched_confirmatory,e09f28dab2b37321dd665cc55653cfc08a5a29afc38927ee26bc2d2c6cc988e7,8d6eb1f67204ab9d807d1dc3c67c2d908674489fb4461a45be01c408d85cf791,xgboost__fold_01__engagement__8d6eb1f67204,new_training,xgboost,1,engagement,-10,1,7d374ea6928381e1ee56d96473fa6567757f8df43407f81bbd24c398d82e419e,0.5800476666666666,0.6855443333333333,15238,4313,11,6.009124700009124,estimator_native_no_validation,0,0,0,,0.72625029606573,11,0.7277427523427433,11,0.8454286334478152,11,0.8346171909917096,11,0.7586744452829174,11,0.6938261468485423,11,0.7731172737518535,11,0.7698355986195654,11,,,,
complete,matched_confirmatory,e09f28dab2b37321dd665cc55653cfc08a5a29afc38927ee26bc2d2c6cc988e7,e9d3558231cb9095622a09abac0d0692f5030fe29efe1bfc869036687125c515,xgboost__fold_01__excitement__e9d3558231cb,new_training,xgboost,1,excitement,-10,1,f13db677a8358b59d7e0528258ba7ff9bf95b5314741ce39a724cf74d183ddaa,0.198928,0.3627136666666666,15414,4489,11,4.936109800008126,estimator_native_no_validation,0,0,0,,0.8378403720576543,11,0.7979114771888053,11,0.9468307515156709,11,0.9321356086298547,11,0.7742952233786764,11,0.901385520736632,11,0.8167203672833868,11,0.8313250291845542,11,,,,
complete,matched_confirmatory,e09f28dab2b37321dd665cc55653cfc08a5a29afc38927ee26bc2d2c6cc988e7,c0a7afe844f8367de5d9ba6a9872232346e1f4ee183ea9da522ee1a4bbc40333,xgboost__fold_01__focus__c0a7afe844f8,new_training,xgboost,1,focus,-10,1,7d71bb99b3a559d0df0aa3bf8b195bafc98a0dd046a82039a430a2fa4892b0d0,0.368801,0.4654386666666666,15320,4526,11,5.504949699999997,estimator_native_no_validation,0,0,0,,0.7111955732295889,11,0.6261428884715253,11,0.8179630718050384,11,0.750725646733741,11,0.6601807253332403,11,0.7622104211259374,11,0.6828226732763438,11,0.6820586815227451,11,,,,
complete,matched_confirmatory,e09f28dab2b37321dd665cc55653cfc08a5a29afc38927ee26bc2d2c6cc988e7,503f5c2eacf797d7ac5ef819d6b930cd089c06ea721f8630a0e518341c33e8e6,xgboost__fold_01__interest__503f5c2eacf7,new_training,xgboost,1,interest,-10,1,bd39db4c19d9f742cb059d0566f550cf160821412eeb67d3cc0780042dbd7317,0.480751,0.5305233333333333,15281,4458,11,5.348144699994009,estimator_native_no_validation,0,0,0,,0.6886272824069624,11,0.6486816482797324,11,0.8002624622275453,11,0.7724053849326832,11,0.7098736492556805,11,0.6673809155582441,11,0.7400288063893098,11,0.6710730871284746,11,,,,
complete,matched_confirmatory,e09f28dab2b37321dd665cc55653cfc08a5a29afc38927ee26bc2d2c6cc988e7,58e156fe60107107e0821073ebaffce027c2370039bf959504b169a29d4f2f86,xgboost__fold_01__relaxation__58e156fe6010,new_training,xgboost,1,relaxation,-10,1,38b0c29f91cf04074516bcbbf6cf6e9362b22718f7ac54fdbe5adf6de43d5d14,0.25662399999999996,0.39230799999999993,15503,4644,11,5.21083280001767,estimator_native_no_validation,0,0,0,,0.7397569756227388,11,0.7205364941765912,11,0.9033658393708923,11,0.908537183516221,11,0.6500793722227219,11,0.8294345790227556,11,0.8389543762482059,11,0.7836198989360558,11,,,,
complete,matched_confirmatory,e09f28dab2b37321dd665cc55653cfc08a5a29afc38927ee26bc2d2c6cc988e7,580776555804a1b208b7732957b59155df865a1f456ea7ff1a20060d7bbb950b,xgboost__fold_01__stress__580776555804,new_training,xgboost,1,stress,-10,1,bc3be14a13e7a39ebeab010389e1c408e3b117b37aecad2317d7955676362ffa,0.4029856666666667,0.461275,15261,4670,11,5.0955293999868445,estimator_native_no_validation,0,0,0,,0.6998530103997243,11,0.6639425626469714,11,0.8400026658407785,11,0.8223378620790981,11,0.6879863215862606,11,0.7117196992131879,11,0.7450599749134347,11,0.6935106664266194,11,,,,
complete,matched_confirmatory,e09f28dab2b37321dd665cc55653cfc08a5a29afc38927ee26bc2d2c6cc988e7,de720d16c70862aaf90f7b6270889d3a7d1d61cb60cb9baca0afbbf7a496800b,xgboost__fold_02__attention__de720d16c708,new_training,xgboost,2,attention,-10,1,05b80bfaecd22890a7e360375d08013c2763762bc191dded6a0bbd75f29be07f,0.409755,0.5089703333333333,15360,3654,10,5.6061041000066325,estimator_native_no_validation,0,0,0,,0.7163164377960893,10,0.6787802678339971,10,0.8711865638019702,10,0.8614323443671215,10,0.6556655341665207,10,0.7769673414256579,10,0.7868291207855898,10,0.7279138729278707,10,,,,
complete,matched_confirmatory,e09f28dab2b37321dd665cc55653cfc08a5a29afc38927ee26bc2d2c6cc988e7,2ceb84b60c2665e76d874b1f4aa8537b472f4de9b55f6f1e03b67719c240cddd,xgboost__fold_02__engagement__2ceb84b60c26,new_training,xgboost,2,engagement,-10,1,96921223f37aee74e8576505e04d8d93656b6d22365a8c1e79d1aadc606e3780,0.572122,0.682083,15620,3657,10,5.530011700000614,estimator_native_no_validation,0,0,0,,0.7454866998962563,10,0.7402902374757612,10,0.8699585127636125,10,0.9139572531890392,10,0.7030303625169061,10,0.7879430372756063,10,0.7837881777194267,10,0.7915154584088687,10,,,,
complete,matched_confirmatory,e09f28dab2b37321dd665cc55653cfc08a5a29afc38927ee26bc2d2c6cc988e7,d83f1644cb0851e64439bfd4db346f4a1233b59edbc086b7ce6df767553e7226,xgboost__fold_02__excitement__d83f1644cb08,new_training,xgboost,2,excitement,-10,1,8cf290447cc76b4db2bf7811a784e38768237f66e910c108ea9bd99fce1b2673,0.194812,0.357134,15790,3976,10,4.905771400022786,estimator_native_no_validation,0,0,0,,0.8705391913244608,10,0.837298908737153,10,0.9559517148581527,10,0.9508117283663982,10,0.8650234202817491,10,0.8760549623671725,10,0.8389971702682677,10,0.8669362477214086,10,,,,
complete,matched_confirmatory,e09f28dab2b37321dd665cc55653cfc08a5a29afc38927ee26bc2d2c6cc988e7,b7ea179f0c16be03c01732eda7559ed8fb9f72c5f285e310ccfaa23ca321bfd2,xgboost__fold_02__focus__b7ea179f0c16,new_training,xgboost,2,focus,-10,1,74e34c54e7221dc6ee613f5b9c86caff220ef215c764f9f3f1457db68a376147,0.364693,0.460551,15705,4047,10,5.8318165999953635,estimator_native_no_validation,0,0,0,,0.7434263581563082,10,0.7152496718034289,10,0.8407123344730675,10,0.7683839858020632,10,0.7361437742761235,10,0.7507089420364927,10,0.7248143638122472,10,0.79555950605379,10,,,,
complete,matched_confirmatory,e09f28dab2b37321dd665cc55653cfc08a5a29afc38927ee26bc2d2c6cc988e7,44f5aefe4f3bf579066b623701877cc2cb84f1de9854cf7ec1d7ac0dc9f25863,xgboost__fold_02__interest__44f5aefe4f3b,new_training,xgboost,2,interest,-10,1,a6f226a94e84838366c4cf62d5dbcdfa343d2e4317631dc9cd843403760f8fb3,0.47714,0.52968,15692,3488,10,5.685678299982101,estimator_native_no_validation,0,0,0,,0.7676012282328465,10,0.7307015859342223,10,0.8896028313873275,10,0.905057397386577,10,0.7312136007007627,10,0.8039888557649302,10,0.7795664366307417,10,0.7416423844114182,10,,,,
complete,matched_confirmatory,e09f28dab2b37321dd665cc55653cfc08a5a29afc38927ee26bc2d2c6cc988e7,ee678826e61b5fc9b8157c3ebfe50a8a8997fd6f27a042982dc62bfe014b352d,xgboost__fold_02__relaxation__ee678826e61b,new_training,xgboost,2,relaxation,-10,1,7656df549309178054e578a36ceed79ea658632f163e5e508467b9011bdaa756,0.256714,0.404291,15888,3700,10,3.8718654999975115,estimator_native_no_validation,0,0,0,,0.8292070933725441,10,0.8082309306393556,10,0.934453360535311,10,0.9142257193667274,10,0.8435294585861023,10,0.814884728158986,10,0.8284234627858797,10,0.8199289080337205,10,,,,
complete,matched_confirmatory,e09f28dab2b37321dd665cc55653cfc08a5a29afc38927ee26bc2d2c6cc988e7,5b8f0da829027e575fcb29bbf1d3617b9d724b9d5c19802c14af31f978b2ac75,xgboost__fold_02__stress__5b8f0da82902,new_training,xgboost,2,stress,-10,1,f31c8981acf165f01f66cc01c4f2b2d6927c370f1a035493f12dece19b93ba49,0.396448,0.461981,15688,3241,10,5.02281789999688,estimator_native_no_validation,0,0,0,,0.7617177949072609,10,0.7377758321475228,10,0.9235263246403161,9,0.9293521527995954,9,0.7689312530938398,9,0.803619684252288,10,0.7810133811509756,10,0.7693457071349112,10,,,,
complete,matched_confirmatory,e09f28dab2b37321dd665cc55653cfc08a5a29afc38927ee26bc2d2c6cc988e7,a2ae022d1cf68d19cc27d1f3e28384541755cab3d0d4a0153f3e5917ffec35de,xgboost__fold_03__attention__a2ae022d1cf6,new_training,xgboost,3,attention,-10,1,d9fe93c98329da3f22770036d5d5bcc1723fbbfb61707901d1eaef4a7001f95d,0.407012,0.50364,15265,3909,11,5.927124700014247,estimator_native_no_validation,0,0,0,,0.7096735176024107,11,0.6846753625299616,11,0.8544879121690834,11,0.8761885125790451,11,0.630195164295015,11,0.7891518709098065,11,0.7560548447671632,11,0.7288199051011929,11,,,,
complete,matched_confirmatory,e09f28dab2b37321dd665cc55653cfc08a5a29afc38927ee26bc2d2c6cc988e7,da9782e8777e7cd1be2aec08387f6ac39093523d448c2b9455a6a0e91d7acc23,xgboost__fold_03__engagement__da9782e8777e,new_training,xgboost,3,engagement,-10,1,a74a573473ef95d46567294f0aa220d0bd8b428d9a9120f4a96756b0c84d9f51,0.5875743333333333,0.689116,15768,4025,11,5.359423300018534,estimator_native_no_validation,0,0,0,,0.7414792630292782,11,0.7325403412453405,11,0.865556628914516,11,0.7961184260253705,11,0.7153599717857515,11,0.7675985542728053,11,0.7947988585533369,11,0.7774406534717978,11,,,,
complete,matched_confirmatory,e09f28dab2b37321dd665cc55653cfc08a5a29afc38927ee26bc2d2c6cc988e7,12961ef7ad14b3b8040e6e97f8475316a55b33c55630359b596d01172418877d,xgboost__fold_03__excitement__12961ef7ad14,new_training,xgboost,3,excitement,-10,1,fa418d56645cfa9ab67032bef122ddca9f2bf2af811172bdbe6b172d6197f493,0.19379133333333332,0.35695933333333324,15900,3799,11,4.52905969999847,estimator_native_no_validation,0,0,0,,0.8100109763686923,11,0.794785945917134,11,0.9320334213852206,11,0.9434341348306465,11,0.8588519052378676,11,0.7611700474995171,11,0.8357519554640376,11,0.8133711258928824,11,,,,
complete,matched_confirmatory,e09f28dab2b37321dd665cc55653cfc08a5a29afc38927ee26bc2d2c6cc988e7,67495095f1fe1839bfe794672427ecaa2156d33a488d05863f664d819a8562c3,xgboost__fold_03__focus__67495095f1fe,new_training,xgboost,3,focus,-10,1,0c7365a9f52cdea7f5ff5bd02009df8f23994345c83ad7446745f49568834711,0.3654773333333333,0.46152833333333326,15827,3942,11,5.24001369997859,estimator_native_no_validation,0,0,0,,0.6868880511253614,11,0.668261044434362,11,0.8290308763807611,11,0.8369479773135048,11,0.6770383175980644,11,0.6967377846526583,11,0.7344953319709717,11,0.7414768355936263,11,,,,
complete,matched_confirmatory,e09f28dab2b37321dd665cc55653cfc08a5a29afc38927ee26bc2d2c6cc988e7,e823a4361b19443240a2f8f19776f4e687f7d55b0f7d1ecfcedc68227cf15972,xgboost__fold_03__interest__e823a4361b19,new_training,xgboost,3,interest,-10,1,3bcb6d908dca29ca782906a4f9f4eb0ea8493afdf7dc53a3c5de50526bd55ffb,0.480798,0.5285816666666666,15772,4275,11,5.03459510000539,estimator_native_no_validation,0,0,0,,0.7456503357219081,11,0.71014883381389,11,0.8639068580531131,11,0.8609961312343812,11,0.7200920664671998,11,0.7712086049766164,11,0.7584300888467158,11,0.7441657624951236,11,,,,
complete,matched_confirmatory,e09f28dab2b37321dd665cc55653cfc08a5a29afc38927ee26bc2d2c6cc988e7,7b9d5699d6fbbd60428ce9fcf7a8adeb85d461b9ceef1a43a9d5562361bf3996,xgboost__fold_03__relaxation__7b9d5699d6fb,new_training,xgboost,3,relaxation,-10,1,e60bf995e60c88b6af88b34c7d1f44be24f60c5b4257ba68426a2504b9aa025a,0.25428966666666664,0.395869,15984,3823,11,5.243744999985211,estimator_native_no_validation,0,0,0,,0.7836662079556173,11,0.7635304341990063,11,0.9247693837835942,11,0.936131756777204,11,0.8137906666997817,11,0.7535417492114527,11,0.8276108898763218,11,0.7952497998705961,11,,,,
complete,matched_confirmatory,e09f28dab2b37321dd665cc55653cfc08a5a29afc38927ee26bc2d2c6cc988e7,5e424e0b05acb3d6720ad201cdad245f582369e45a02ad367ed965473762a334,xgboost__fold_03__stress__5e424e0b05ac,new_training,xgboost,3,stress,-10,1,bcd3007f8b807817734d67f5fb79247d682169631186c1b04d4f2cedd74be7de,0.405259,0.460463,15759,4624,11,4.958036199997878,estimator_native_no_validation,0,0,0,,0.7404037804206244,11,0.680049457226459,11,0.8595526821298608,11,0.822133981899428,11,0.7623651907964543,11,0.7184423700447943,11,0.7379425272770118,11,0.6977198864735855,11,,,,
complete,matched_confirmatory,e09f28dab2b37321dd665cc55653cfc08a5a29afc38927ee26bc2d2c6cc988e7,908fc8605043dc00252b675ab36a903e05a504dbd5314d9123627f47c190ae44,xgboost__fold_04__attention__908fc8605043,new_training,xgboost,4,attention,-10,1,4404f50166a53629f16deb855b5dbdefb3de95149a3eec0eec91689ced0aaf96,0.410495,0.5079906666666667,15424,3721,10,5.308960799971828,estimator_native_no_validation,0,0,0,,0.6800511937456123,10,0.6493107756572561,10,0.8559565822300534,10,0.8203332145864867,10,0.848556509139722,10,0.5115458783515023,10,0.7405948089364001,10,0.682834065219037,10,,,,
complete,matched_confirmatory,e09f28dab2b37321dd665cc55653cfc08a5a29afc38927ee26bc2d2c6cc988e7,79f9235ad1e57c562913445e9b17eb538ecde7bb7970042710fe2180f4822d26,xgboost__fold_04__engagement__79f9235ad1e5,new_training,xgboost,4,engagement,-10,1,4efdbb963e4328ea609ced0c43ea79ec54863afcf8b6dc3b54e36caff30afe16,0.5819393333333334,0.6880023333333333,15902,3534,10,5.26812580000842,estimator_native_no_validation,0,0,0,,0.7196500092838687,10,0.6696210026648229,10,0.8748591392496212,10,0.8109890440617427,10,0.637696053046678,10,0.8016039655210593,10,0.7578063252819129,10,0.7289363721414386,10,,,,
complete,matched_confirmatory,e09f28dab2b37321dd665cc55653cfc08a5a29afc38927ee26bc2d2c6cc988e7,14eb75d5fa24e0a1d26a282622b81f0f4548a589a641be7966b213808b18f4b3,xgboost__fold_04__excitement__14eb75d5fa24,new_training,xgboost,4,excitement,-10,1,01a9a36af7fd4938668057f58a4af0d4815b36985a13f61e071f1297e75e14d1,0.198937,0.36487366666666665,16040,3810,10,4.801494699990144,estimator_native_no_validation,0,0,0,,0.8411340505175329,10,0.8505789331052312,10,0.9432384104069754,10,0.9401958590174171,10,0.8607465459981066,10,0.8215215550369587,10,0.8862768398047984,10,0.8867953901708064,10,,,,
complete,matched_confirmatory,e09f28dab2b37321dd665cc55653cfc08a5a29afc38927ee26bc2d2c6cc988e7,78788234dd8fdc122fbc47c8fa176263bda16b95b906889e1b8e10024d7e8021,xgboost__fold_04__focus__78788234dd8f,new_training,xgboost,4,focus,-10,1,bcbf7453b6c3768b7f4446c03f027f80397a24d1f0f54a82146b8fe6d4a67bdf,0.365106,0.46338333333333337,15990,3603,10,5.1107807000225876,estimator_native_no_validation,0,0,0,,0.707039077917611,10,0.7004204615203551,10,0.8124999651152105,10,0.7835192053195958,10,0.7299626472336318,10,0.6841155086015904,10,0.7133563068810098,10,0.7717328751568914,10,,,,
complete,matched_confirmatory,e09f28dab2b37321dd665cc55653cfc08a5a29afc38927ee26bc2d2c6cc988e7,b4c318f5ac8116c64b0d702b7ccfa2875d79f86d4bec2a144c4179466cefb5a5,xgboost__fold_04__interest__b4c318f5ac81,new_training,xgboost,4,interest,-10,1,c4110c8ecd8ea7c835b8ea571bfeb6ad10ec8d02d986bd0e2c5b9a70c03e3241,0.4793536666666667,0.5286693333333333,15959,3818,10,5.12641449997318,estimator_native_no_validation,0,0,0,,0.7386384712584876,10,0.702293117988003,10,0.8516238843516856,10,0.8533182637765933,10,0.6969325865894083,10,0.7803443559275669,10,0.7478385240220503,10,0.7380903963004175,10,,,,
complete,matched_confirmatory,e09f28dab2b37321dd665cc55653cfc08a5a29afc38927ee26bc2d2c6cc988e7,e48eddab7bedfee747fac0f23f8dcf3b5b4f3d8cb704e70bf54f0ebffd5df6bb,xgboost__fold_04__relaxation__e48eddab7bed,new_training,xgboost,4,relaxation,-10,1,a5f608b86ee9061617d36b1743ad601431f955dde27218d8d7829829dc257d43,0.259306,0.403906,16165,3682,10,5.103091099997982,estimator_native_no_validation,0,0,0,,0.8146534264919845,10,0.8167820759698298,10,0.9377537055445296,10,0.916028212504018,10,0.8711866871814344,10,0.7581201658025347,10,0.8520891764896609,10,0.8379211186512252,10,,,,
complete,matched_confirmatory,e09f28dab2b37321dd665cc55653cfc08a5a29afc38927ee26bc2d2c6cc988e7,4beafd8b561a0bf14a51161f244efbb90e1ff377acf7173a6c01178ce063b6ee,xgboost__fold_04__stress__4beafd8b561a,new_training,xgboost,4,stress,-10,1,27d0b6e27ea4a69159776babe88351288b3e08a8b6a0e0a437af967ad54f9cf0,0.39695366666666665,0.46365033333333333,15944,2832,10,5.005537400022149,estimator_native_no_validation,0,0,0,,0.7832504122897961,10,0.7210111319394819,10,0.9001054103746174,10,0.9251888481929654,10,0.745138187628757,10,0.8213626369508354,10,0.758138998500818,10,0.755271152483252,10,,,,
complete,matched_confirmatory,e09f28dab2b37321dd665cc55653cfc08a5a29afc38927ee26bc2d2c6cc988e7,0f9ce2d0c25105f9d7d26d01e88d70e20bfe22d66f91dd01f1eb1b8036b35fed,xgboost__fold_05__attention__0f9ce2d0c251,new_training,xgboost,5,attention,-10,1,2f86d0e8c455b4f21168d0123e21d085836ed48610878f7e823e2e4fab91a878,0.408289,0.5064886666666667,15382,3675,11,5.139354800019646,estimator_native_no_validation,0,0,0,,0.7908786767915159,11,0.7207931599341812,11,0.8619396755051074,10,0.7830900395411351,10,0.758769091510006,10,0.8010581794830259,11,0.7338950313801516,11,0.8008562895355571,11,,,,
complete,matched_confirmatory,e09f28dab2b37321dd665cc55653cfc08a5a29afc38927ee26bc2d2c6cc988e7,cc95c8e1e038e1c300cb6de98b166e5ce9117762dc2fe81b538d35449526bd72,xgboost__fold_05__engagement__cc95c8e1e038,new_training,xgboost,5,engagement,-10,1,fd819c1414dbc4a71c004ee2f223fde45d23c5e1a929dfb308519bdd81be5cc8,0.5812246666666667,0.6832976666666667,15793,4056,11,5.394683099992108,estimator_native_no_validation,0,0,0,,0.7045799961455805,11,0.6480007564062181,11,0.8550738099834606,11,0.7837841099346394,11,0.7802287859198613,11,0.6289312063712997,11,0.7360769649813119,11,0.6967857726769769,11,,,,
complete,matched_confirmatory,e09f28dab2b37321dd665cc55653cfc08a5a29afc38927ee26bc2d2c6cc988e7,ac62f37f12a24ce09c11d061c537164ee0e311893f71bfb05bb19e73807cb70f,xgboost__fold_05__excitement__ac62f37f12a2,new_training,xgboost,5,excitement,-10,1,e83502bfb241187a15bbe01f2a2df8a2dcfd119976c2c47635b1515b95a004a5,0.196205,0.361125,15980,3746,11,4.918390000006184,estimator_native_no_validation,0,0,0,,0.8386957415165718,11,0.8279317517850334,11,0.9512301895403792,11,0.9507740551628515,11,0.8230866167521623,11,0.8543048662809813,11,0.8567547190314543,11,0.8503295169281139,11,,,,
complete,matched_confirmatory,e09f28dab2b37321dd665cc55653cfc08a5a29afc38927ee26bc2d2c6cc988e7,666d779da44ff9da861cabde3a2ccf6ea53b1c814992e6425d072ca3e37aa083,xgboost__fold_05__focus__666d779da44f,new_training,xgboost,5,focus,-10,1,d1251c35ecfb7ccdf7b0d7e26663f103bb7b943f31fc83ad844ddbed424760ce,0.367191,0.4675926666666666,15923,3573,11,5.429335299995728,estimator_native_no_validation,0,0,0,,0.6852796416665137,11,0.6418694148203695,11,0.8043714318349235,11,0.7515873072836704,11,0.601804930222169,11,0.7687543531108584,11,0.7156541204514529,11,0.671895994680317,11,,,,
complete,matched_confirmatory,e09f28dab2b37321dd665cc55653cfc08a5a29afc38927ee26bc2d2c6cc988e7,dcca45f36322ef6b37ac0be0cb38d18130ad495d9bc01be4dc9e8437e846c852,xgboost__fold_05__interest__dcca45f36322,new_training,xgboost,5,interest,-10,1,df1d4a9a8a978ee0e3bcd8ba820067c8fc420fd3f5f02f8d6b88fa7e63bbaac1,0.47852433333333333,0.529754,15858,3595,11,5.172835499979556,estimator_native_no_validation,0,0,0,,0.6948527743015132,11,0.6112692529199527,11,0.8828049591459306,10,0.8557729335918551,10,0.7475490571004537,10,0.7010245876026139,11,0.7178513954825517,11,0.6470331276080583,11,,,,
complete,matched_confirmatory,e09f28dab2b37321dd665cc55653cfc08a5a29afc38927ee26bc2d2c6cc988e7,f001e907b734e15053607d8232506582a4e9b2423d36ae13a03f61c2f34290bc,xgboost__fold_05__relaxation__f001e907b734,new_training,xgboost,5,relaxation,-10,1,a638d2bb20962ed825b35f176b1a4005a8304bfc01370b1636d6ce403b817a6a,0.256914,0.3938446666666667,16049,4059,11,5.088702599983662,estimator_native_no_validation,0,0,0,,0.7547673967316277,11,0.7511438366882704,11,0.9101755969944687,11,0.9057516558347402,11,0.7177265891266267,11,0.7918082043366289,11,0.8457727785865076,11,0.8194057315393688,11,,,,
complete,matched_confirmatory,e09f28dab2b37321dd665cc55653cfc08a5a29afc38927ee26bc2d2c6cc988e7,00b3d0b8294ccb8b296899ec576ee467934de23940810462e51b1cff1e38904d,xgboost__fold_05__stress__00b3d0b8294c,new_training,xgboost,5,stress,-10,1,f830184ed4091f7c1893003e91eb518737ed15e8b5f007bf46bf30fa7cf23cdb,0.4021516666666667,0.4598493333333333,15836,4168,11,4.984551999979885,estimator_native_no_validation,0,0,0,,0.7273392720007518,11,0.6895973447986571,11,0.8613148707733909,11,0.8640353163979849,11,0.6261665278588372,11,0.8285120161426661,11,0.7801491015013738,11,0.7628921940529924,11,,,,
