model,input_family,context_windows,input_rule,execution_source,outer_fold,pm,n_train,n_test,n_train_subjects,n_test_subjects,threshold_hash,q_low,q_high,train_target_sample_hash,test_target_sample_hash,train_input_endpoint_hash,test_input_endpoint_hash,specification_hash,run_id
lightgbm,single_window_features,1,371 features at EEG(t-10s),new_training,1,attention,14829,4124,42,11,40889ed77c7a49254028614aa69c424c2355cbd1baaed50dc47082b1864510f7,0.40640833333333337,0.5057536666666667,c6423ae72bfe3eb3b8fbea1c94ca506d46d71cb03aa2b0f8714b761e7801eaa4,8ac99b0c241fbe3b664638a4829f3480d294546cdf560e46c764c97f80142ba5,daac3350a44e5538ed084d9fd37aa2fd185129f5ea4510a82a5dcbd7e3ca2bcc,1a9114cde55d4380e989bde5143b3ddb33fe018215666aa13328e3787a85af85,510c0ff0bd824c70107773e725d13e6e75bc1e166f4e0512702765bd53106704,lightgbm__fold_01__attention__510c0ff0bd82
xgboost,single_window_features,1,371 features at EEG(t-10s),new_training,1,attention,14829,4124,42,11,40889ed77c7a49254028614aa69c424c2355cbd1baaed50dc47082b1864510f7,0.40640833333333337,0.5057536666666667,c6423ae72bfe3eb3b8fbea1c94ca506d46d71cb03aa2b0f8714b761e7801eaa4,8ac99b0c241fbe3b664638a4829f3480d294546cdf560e46c764c97f80142ba5,daac3350a44e5538ed084d9fd37aa2fd185129f5ea4510a82a5dcbd7e3ca2bcc,1a9114cde55d4380e989bde5143b3ddb33fe018215666aa13328e3787a85af85,3b32e78851459c90546b2789c3f8235bf7a151d039d7bd9697335a074253b5fa,xgboost__fold_01__attention__3b32e7885145
torch_lstm,sequence_features,10,371-feature windows EEG(t-100s)..EEG(t-10s),reference_neural_robustness,1,attention,14829,4124,42,11,40889ed77c7a49254028614aa69c424c2355cbd1baaed50dc47082b1864510f7,0.40640833333333337,0.5057536666666667,c6423ae72bfe3eb3b8fbea1c94ca506d46d71cb03aa2b0f8714b761e7801eaa4,8ac99b0c241fbe3b664638a4829f3480d294546cdf560e46c764c97f80142ba5,daac3350a44e5538ed084d9fd37aa2fd185129f5ea4510a82a5dcbd7e3ca2bcc,1a9114cde55d4380e989bde5143b3ddb33fe018215666aa13328e3787a85af85,66a88b7fd1b476d29e765b6d9b392dbd583e607abc9c12cc2d804d4e29e84c97,torch_lstm__fold_01__attention__66a88b7fd1b4
torch_transformer,sequence_features,8,last 8 of common history: EEG(t-80s)..EEG(t-10s),new_training,1,attention,14829,4124,42,11,40889ed77c7a49254028614aa69c424c2355cbd1baaed50dc47082b1864510f7,0.40640833333333337,0.5057536666666667,c6423ae72bfe3eb3b8fbea1c94ca506d46d71cb03aa2b0f8714b761e7801eaa4,8ac99b0c241fbe3b664638a4829f3480d294546cdf560e46c764c97f80142ba5,daac3350a44e5538ed084d9fd37aa2fd185129f5ea4510a82a5dcbd7e3ca2bcc,1a9114cde55d4380e989bde5143b3ddb33fe018215666aa13328e3787a85af85,a74543483a93f97db0c17c452d224438442a05a3e396918a36753ec784dde4e7,torch_transformer__fold_01__attention__a74543483a93
lightgbm,single_window_features,1,371 features at EEG(t-10s),new_training,1,engagement,15238,4313,42,11,7d374ea6928381e1ee56d96473fa6567757f8df43407f81bbd24c398d82e419e,0.5800476666666666,0.6855443333333333,fc793e5464dbfc12e600d78994516c63d52b70da2bda8309ca049e76bbc2e173,0cfb05e70d14105666143069d6c0f6477e4d55f344d144632e3fc22f7e91b8ec,9caa35b58d015f070ff652afc129390f32c438323fd5cf061d6a04f63a0e542c,375a7aee8d33ea2496de4769145f8d0033c663948de728a3a9ca05882040a3f8,49665382ddd6d4d4a51715f0111e0ab1231a0a32d9b507c370fc29a228b25558,lightgbm__fold_01__engagement__49665382ddd6
xgboost,single_window_features,1,371 features at EEG(t-10s),new_training,1,engagement,15238,4313,42,11,7d374ea6928381e1ee56d96473fa6567757f8df43407f81bbd24c398d82e419e,0.5800476666666666,0.6855443333333333,fc793e5464dbfc12e600d78994516c63d52b70da2bda8309ca049e76bbc2e173,0cfb05e70d14105666143069d6c0f6477e4d55f344d144632e3fc22f7e91b8ec,9caa35b58d015f070ff652afc129390f32c438323fd5cf061d6a04f63a0e542c,375a7aee8d33ea2496de4769145f8d0033c663948de728a3a9ca05882040a3f8,8d6eb1f67204ab9d807d1dc3c67c2d908674489fb4461a45be01c408d85cf791,xgboost__fold_01__engagement__8d6eb1f67204
torch_lstm,sequence_features,10,371-feature windows EEG(t-100s)..EEG(t-10s),reference_neural_robustness,1,engagement,15238,4313,42,11,7d374ea6928381e1ee56d96473fa6567757f8df43407f81bbd24c398d82e419e,0.5800476666666666,0.6855443333333333,fc793e5464dbfc12e600d78994516c63d52b70da2bda8309ca049e76bbc2e173,0cfb05e70d14105666143069d6c0f6477e4d55f344d144632e3fc22f7e91b8ec,9caa35b58d015f070ff652afc129390f32c438323fd5cf061d6a04f63a0e542c,375a7aee8d33ea2496de4769145f8d0033c663948de728a3a9ca05882040a3f8,faa5ed8ea07e2c66858e806ae8f21f85362fb91c18471af4e2541d9eba13c797,torch_lstm__fold_01__engagement__faa5ed8ea07e
torch_transformer,sequence_features,8,last 8 of common history: EEG(t-80s)..EEG(t-10s),new_training,1,engagement,15238,4313,42,11,7d374ea6928381e1ee56d96473fa6567757f8df43407f81bbd24c398d82e419e,0.5800476666666666,0.6855443333333333,fc793e5464dbfc12e600d78994516c63d52b70da2bda8309ca049e76bbc2e173,0cfb05e70d14105666143069d6c0f6477e4d55f344d144632e3fc22f7e91b8ec,9caa35b58d015f070ff652afc129390f32c438323fd5cf061d6a04f63a0e542c,375a7aee8d33ea2496de4769145f8d0033c663948de728a3a9ca05882040a3f8,fdac70f46bba214bea9781610bd0e5b99fb2ad40a32fbabaaae2040fedda0e26,torch_transformer__fold_01__engagement__fdac70f46bba
lightgbm,single_window_features,1,371 features at EEG(t-10s),new_training,1,excitement,15414,4489,42,11,f13db677a8358b59d7e0528258ba7ff9bf95b5314741ce39a724cf74d183ddaa,0.198928,0.3627136666666666,b44b655945e2936897e5f9ec4278f020301e20c79068fc85e19607de2099eeb4,1391462013917ce4604f077f3b58384e4f37a48839b4bfe8a3330a4b732f7b75,8426011128852b3df07eb08ca842c70077b98ec0f82345d388bf95d4da592046,a99a435d35d7c4125a2fadc8f2daed67be36d45959240a8e0e44b5c34eca7dfb,2d4512a15d514511a8e89ee3a21e9c24b20ce401e8ab06a14101028e52993c51,lightgbm__fold_01__excitement__2d4512a15d51
xgboost,single_window_features,1,371 features at EEG(t-10s),new_training,1,excitement,15414,4489,42,11,f13db677a8358b59d7e0528258ba7ff9bf95b5314741ce39a724cf74d183ddaa,0.198928,0.3627136666666666,b44b655945e2936897e5f9ec4278f020301e20c79068fc85e19607de2099eeb4,1391462013917ce4604f077f3b58384e4f37a48839b4bfe8a3330a4b732f7b75,8426011128852b3df07eb08ca842c70077b98ec0f82345d388bf95d4da592046,a99a435d35d7c4125a2fadc8f2daed67be36d45959240a8e0e44b5c34eca7dfb,e9d3558231cb9095622a09abac0d0692f5030fe29efe1bfc869036687125c515,xgboost__fold_01__excitement__e9d3558231cb
torch_lstm,sequence_features,10,371-feature windows EEG(t-100s)..EEG(t-10s),reference_neural_robustness,1,excitement,15414,4489,42,11,f13db677a8358b59d7e0528258ba7ff9bf95b5314741ce39a724cf74d183ddaa,0.198928,0.3627136666666666,b44b655945e2936897e5f9ec4278f020301e20c79068fc85e19607de2099eeb4,1391462013917ce4604f077f3b58384e4f37a48839b4bfe8a3330a4b732f7b75,8426011128852b3df07eb08ca842c70077b98ec0f82345d388bf95d4da592046,a99a435d35d7c4125a2fadc8f2daed67be36d45959240a8e0e44b5c34eca7dfb,d2ac27d48cf9e0c8ebd214c73c4c5da2aa496336579e92b2a02dd4a928b1efd7,torch_lstm__fold_01__excitement__d2ac27d48cf9
torch_transformer,sequence_features,8,last 8 of common history: EEG(t-80s)..EEG(t-10s),new_training,1,excitement,15414,4489,42,11,f13db677a8358b59d7e0528258ba7ff9bf95b5314741ce39a724cf74d183ddaa,0.198928,0.3627136666666666,b44b655945e2936897e5f9ec4278f020301e20c79068fc85e19607de2099eeb4,1391462013917ce4604f077f3b58384e4f37a48839b4bfe8a3330a4b732f7b75,8426011128852b3df07eb08ca842c70077b98ec0f82345d388bf95d4da592046,a99a435d35d7c4125a2fadc8f2daed67be36d45959240a8e0e44b5c34eca7dfb,9fbd7890570e81a0c04b48b57198e4dd12ab8e414712c424ed5a24e9cb1f0283,torch_transformer__fold_01__excitement__9fbd7890570e
lightgbm,single_window_features,1,371 features at EEG(t-10s),new_training,1,stress,15261,4670,42,11,bc3be14a13e7a39ebeab010389e1c408e3b117b37aecad2317d7955676362ffa,0.4029856666666667,0.461275,f11bd36835cddcbe0d0d1ef5972f0f8e5f5e32880d44951660b83bb0b25dea82,9b1e18b1b56344cc53483e31599ca852fc44a42fe2db61c1bc8cfd64b9c9018a,5111f78f81579979ed10e73c56c15c99b662b1a4a91307957511b61966dbfeb8,82c21cf30de112469971f4e0703d06c7f9e9f36cd8492c214d44bacf02221b2d,f44a9fadc88ad859973fce7f0ced041a52daeca03baa71f82f8414dfce9ffd77,lightgbm__fold_01__stress__f44a9fadc88a
xgboost,single_window_features,1,371 features at EEG(t-10s),new_training,1,stress,15261,4670,42,11,bc3be14a13e7a39ebeab010389e1c408e3b117b37aecad2317d7955676362ffa,0.4029856666666667,0.461275,f11bd36835cddcbe0d0d1ef5972f0f8e5f5e32880d44951660b83bb0b25dea82,9b1e18b1b56344cc53483e31599ca852fc44a42fe2db61c1bc8cfd64b9c9018a,5111f78f81579979ed10e73c56c15c99b662b1a4a91307957511b61966dbfeb8,82c21cf30de112469971f4e0703d06c7f9e9f36cd8492c214d44bacf02221b2d,580776555804a1b208b7732957b59155df865a1f456ea7ff1a20060d7bbb950b,xgboost__fold_01__stress__580776555804
torch_lstm,sequence_features,10,371-feature windows EEG(t-100s)..EEG(t-10s),reference_neural_robustness,1,stress,15261,4670,42,11,bc3be14a13e7a39ebeab010389e1c408e3b117b37aecad2317d7955676362ffa,0.4029856666666667,0.461275,f11bd36835cddcbe0d0d1ef5972f0f8e5f5e32880d44951660b83bb0b25dea82,9b1e18b1b56344cc53483e31599ca852fc44a42fe2db61c1bc8cfd64b9c9018a,5111f78f81579979ed10e73c56c15c99b662b1a4a91307957511b61966dbfeb8,82c21cf30de112469971f4e0703d06c7f9e9f36cd8492c214d44bacf02221b2d,64fe0e5af302e29bf015e6557563a21f4df61a320c218ecebcc78dcd5db7176b,torch_lstm__fold_01__stress__64fe0e5af302
torch_transformer,sequence_features,8,last 8 of common history: EEG(t-80s)..EEG(t-10s),new_training,1,stress,15261,4670,42,11,bc3be14a13e7a39ebeab010389e1c408e3b117b37aecad2317d7955676362ffa,0.4029856666666667,0.461275,f11bd36835cddcbe0d0d1ef5972f0f8e5f5e32880d44951660b83bb0b25dea82,9b1e18b1b56344cc53483e31599ca852fc44a42fe2db61c1bc8cfd64b9c9018a,5111f78f81579979ed10e73c56c15c99b662b1a4a91307957511b61966dbfeb8,82c21cf30de112469971f4e0703d06c7f9e9f36cd8492c214d44bacf02221b2d,80d9936743b610959992b9a51e55c54e00f385b41782435097d73c9760f0f942,torch_transformer__fold_01__stress__80d9936743b6
lightgbm,single_window_features,1,371 features at EEG(t-10s),new_training,1,relaxation,15503,4644,42,11,38b0c29f91cf04074516bcbbf6cf6e9362b22718f7ac54fdbe5adf6de43d5d14,0.25662399999999996,0.39230799999999993,e77ed829d71ed9ac06c1ee8e6c6b266f42ce3a87ae373516b5232fded03290a9,bc84e731363f3568663145f3f13a3486f852a97ef07ad010386746d3fcb0a51d,a21e4f56c65b50fb430019dd4f7995f8fd1107cabedf7d3557b5589ee8579c57,1651d7caf08a2054d98c279227fb7fe21cb56256b20d6eb1ae40ffd2e00f61c3,7ba60440d8f953962b1c7775ca04c620a869992a5c2ea42a64dd3c549e1c9364,lightgbm__fold_01__relaxation__7ba60440d8f9
xgboost,single_window_features,1,371 features at EEG(t-10s),new_training,1,relaxation,15503,4644,42,11,38b0c29f91cf04074516bcbbf6cf6e9362b22718f7ac54fdbe5adf6de43d5d14,0.25662399999999996,0.39230799999999993,e77ed829d71ed9ac06c1ee8e6c6b266f42ce3a87ae373516b5232fded03290a9,bc84e731363f3568663145f3f13a3486f852a97ef07ad010386746d3fcb0a51d,a21e4f56c65b50fb430019dd4f7995f8fd1107cabedf7d3557b5589ee8579c57,1651d7caf08a2054d98c279227fb7fe21cb56256b20d6eb1ae40ffd2e00f61c3,58e156fe60107107e0821073ebaffce027c2370039bf959504b169a29d4f2f86,xgboost__fold_01__relaxation__58e156fe6010
torch_lstm,sequence_features,10,371-feature windows EEG(t-100s)..EEG(t-10s),reference_neural_robustness,1,relaxation,15503,4644,42,11,38b0c29f91cf04074516bcbbf6cf6e9362b22718f7ac54fdbe5adf6de43d5d14,0.25662399999999996,0.39230799999999993,e77ed829d71ed9ac06c1ee8e6c6b266f42ce3a87ae373516b5232fded03290a9,bc84e731363f3568663145f3f13a3486f852a97ef07ad010386746d3fcb0a51d,a21e4f56c65b50fb430019dd4f7995f8fd1107cabedf7d3557b5589ee8579c57,1651d7caf08a2054d98c279227fb7fe21cb56256b20d6eb1ae40ffd2e00f61c3,dd374ab751a178ab6f6dfd59f67714950289596bf393c4529f5193bb9a644511,torch_lstm__fold_01__relaxation__dd374ab751a1
torch_transformer,sequence_features,8,last 8 of common history: EEG(t-80s)..EEG(t-10s),new_training,1,relaxation,15503,4644,42,11,38b0c29f91cf04074516bcbbf6cf6e9362b22718f7ac54fdbe5adf6de43d5d14,0.25662399999999996,0.39230799999999993,e77ed829d71ed9ac06c1ee8e6c6b266f42ce3a87ae373516b5232fded03290a9,bc84e731363f3568663145f3f13a3486f852a97ef07ad010386746d3fcb0a51d,a21e4f56c65b50fb430019dd4f7995f8fd1107cabedf7d3557b5589ee8579c57,1651d7caf08a2054d98c279227fb7fe21cb56256b20d6eb1ae40ffd2e00f61c3,ecbbcff42efcb036af1aeebc0aae36ba4c7aa4e0548e17e2c2d9559b118f655f,torch_transformer__fold_01__relaxation__ecbbcff42efc
lightgbm,single_window_features,1,371 features at EEG(t-10s),new_training,1,interest,15281,4458,42,11,bd39db4c19d9f742cb059d0566f550cf160821412eeb67d3cc0780042dbd7317,0.480751,0.5305233333333333,9da7326f78c38ff543fbb922febe89520c1ff5e22c0bf61679d5f8799c056e4c,a0e34296ec65deb14bc03518835f06d39af4c2995aa2c51aa577a4a6ca76b7a8,3783e792e169d109c983bc182efff5db76e698790b5320d63533061367d40e92,d3a725dedb9b2375f2e4149fa8651475c0e9d0544811155a8172d15458a178d6,4f9c410d0213f74a98804b9a59fa726a0ac810f55074afdb2979756ad088b149,lightgbm__fold_01__interest__4f9c410d0213
xgboost,single_window_features,1,371 features at EEG(t-10s),new_training,1,interest,15281,4458,42,11,bd39db4c19d9f742cb059d0566f550cf160821412eeb67d3cc0780042dbd7317,0.480751,0.5305233333333333,9da7326f78c38ff543fbb922febe89520c1ff5e22c0bf61679d5f8799c056e4c,a0e34296ec65deb14bc03518835f06d39af4c2995aa2c51aa577a4a6ca76b7a8,3783e792e169d109c983bc182efff5db76e698790b5320d63533061367d40e92,d3a725dedb9b2375f2e4149fa8651475c0e9d0544811155a8172d15458a178d6,503f5c2eacf797d7ac5ef819d6b930cd089c06ea721f8630a0e518341c33e8e6,xgboost__fold_01__interest__503f5c2eacf7
torch_lstm,sequence_features,10,371-feature windows EEG(t-100s)..EEG(t-10s),reference_neural_robustness,1,interest,15281,4458,42,11,bd39db4c19d9f742cb059d0566f550cf160821412eeb67d3cc0780042dbd7317,0.480751,0.5305233333333333,9da7326f78c38ff543fbb922febe89520c1ff5e22c0bf61679d5f8799c056e4c,a0e34296ec65deb14bc03518835f06d39af4c2995aa2c51aa577a4a6ca76b7a8,3783e792e169d109c983bc182efff5db76e698790b5320d63533061367d40e92,d3a725dedb9b2375f2e4149fa8651475c0e9d0544811155a8172d15458a178d6,df1074e148126db7ca6dd08da8bf013aebe1dd9edbbaf85f77171bbbb540fe5b,torch_lstm__fold_01__interest__df1074e14812
torch_transformer,sequence_features,8,last 8 of common history: EEG(t-80s)..EEG(t-10s),new_training,1,interest,15281,4458,42,11,bd39db4c19d9f742cb059d0566f550cf160821412eeb67d3cc0780042dbd7317,0.480751,0.5305233333333333,9da7326f78c38ff543fbb922febe89520c1ff5e22c0bf61679d5f8799c056e4c,a0e34296ec65deb14bc03518835f06d39af4c2995aa2c51aa577a4a6ca76b7a8,3783e792e169d109c983bc182efff5db76e698790b5320d63533061367d40e92,d3a725dedb9b2375f2e4149fa8651475c0e9d0544811155a8172d15458a178d6,80124b46942c8f52d01bf04df5bbefbc056bcf4843403bbfa53926ced3e61712,torch_transformer__fold_01__interest__80124b46942c
lightgbm,single_window_features,1,371 features at EEG(t-10s),new_training,1,focus,15320,4526,42,11,7d71bb99b3a559d0df0aa3bf8b195bafc98a0dd046a82039a430a2fa4892b0d0,0.368801,0.4654386666666666,2988df718d7623df09d1d295278bbab5cdef554d53823e3ba6016ca649ebeadd,b8f216cddcddd47abd7dd6fc3183dc69bf119cc91b9c4e82bee68cfe4ba8686c,0b894325fee67413f1534ca2f8a4ecd6f8d5e9d54b99a0264f22dbb201283945,ad8e112e70161a72f59927633262787a285370e3403c5a4f7214f15f6ab8e30d,200d69292d5504d180b2cf0c355ad524690ef8e0795abe79cc97dc245fd7ede7,lightgbm__fold_01__focus__200d69292d55
xgboost,single_window_features,1,371 features at EEG(t-10s),new_training,1,focus,15320,4526,42,11,7d71bb99b3a559d0df0aa3bf8b195bafc98a0dd046a82039a430a2fa4892b0d0,0.368801,0.4654386666666666,2988df718d7623df09d1d295278bbab5cdef554d53823e3ba6016ca649ebeadd,b8f216cddcddd47abd7dd6fc3183dc69bf119cc91b9c4e82bee68cfe4ba8686c,0b894325fee67413f1534ca2f8a4ecd6f8d5e9d54b99a0264f22dbb201283945,ad8e112e70161a72f59927633262787a285370e3403c5a4f7214f15f6ab8e30d,c0a7afe844f8367de5d9ba6a9872232346e1f4ee183ea9da522ee1a4bbc40333,xgboost__fold_01__focus__c0a7afe844f8
torch_lstm,sequence_features,10,371-feature windows EEG(t-100s)..EEG(t-10s),reference_neural_robustness,1,focus,15320,4526,42,11,7d71bb99b3a559d0df0aa3bf8b195bafc98a0dd046a82039a430a2fa4892b0d0,0.368801,0.4654386666666666,2988df718d7623df09d1d295278bbab5cdef554d53823e3ba6016ca649ebeadd,b8f216cddcddd47abd7dd6fc3183dc69bf119cc91b9c4e82bee68cfe4ba8686c,0b894325fee67413f1534ca2f8a4ecd6f8d5e9d54b99a0264f22dbb201283945,ad8e112e70161a72f59927633262787a285370e3403c5a4f7214f15f6ab8e30d,3cea1f3bbdb4b340036aeb45ffa2a03a6cdf3189833d1a5714dcdefed6f131f7,torch_lstm__fold_01__focus__3cea1f3bbdb4
torch_transformer,sequence_features,8,last 8 of common history: EEG(t-80s)..EEG(t-10s),new_training,1,focus,15320,4526,42,11,7d71bb99b3a559d0df0aa3bf8b195bafc98a0dd046a82039a430a2fa4892b0d0,0.368801,0.4654386666666666,2988df718d7623df09d1d295278bbab5cdef554d53823e3ba6016ca649ebeadd,b8f216cddcddd47abd7dd6fc3183dc69bf119cc91b9c4e82bee68cfe4ba8686c,0b894325fee67413f1534ca2f8a4ecd6f8d5e9d54b99a0264f22dbb201283945,ad8e112e70161a72f59927633262787a285370e3403c5a4f7214f15f6ab8e30d,f5b3613a1841ae17fa43397ebdf7cf9f3d3cccafea4b34185886a37bd48a98cd,torch_transformer__fold_01__focus__f5b3613a1841
lightgbm,single_window_features,1,371 features at EEG(t-10s),new_training,2,attention,15360,3654,43,10,05b80bfaecd22890a7e360375d08013c2763762bc191dded6a0bbd75f29be07f,0.409755,0.5089703333333333,77cebd465a4716a4e00dc55c5b3389cee48005b315c8b1027e60c18439ca30d9,a3ebc02ec3767dad4af369512b2eb070ee9e2bbc0224438333bec9e7a41c810a,865dbd4bdaffcd2d9c86f37362cb6ac65643d7246a8f06482ed96df6253bc530,a96e5b627433c185894c56797afdf9c5b43065f3c7027558302151a7b0059a6b,638063edde180a0c7d1be2664c0ddb3751131d4ffa99dcad32fbada5fed5e96b,lightgbm__fold_02__attention__638063edde18
xgboost,single_window_features,1,371 features at EEG(t-10s),new_training,2,attention,15360,3654,43,10,05b80bfaecd22890a7e360375d08013c2763762bc191dded6a0bbd75f29be07f,0.409755,0.5089703333333333,77cebd465a4716a4e00dc55c5b3389cee48005b315c8b1027e60c18439ca30d9,a3ebc02ec3767dad4af369512b2eb070ee9e2bbc0224438333bec9e7a41c810a,865dbd4bdaffcd2d9c86f37362cb6ac65643d7246a8f06482ed96df6253bc530,a96e5b627433c185894c56797afdf9c5b43065f3c7027558302151a7b0059a6b,de720d16c70862aaf90f7b6270889d3a7d1d61cb60cb9baca0afbbf7a496800b,xgboost__fold_02__attention__de720d16c708
torch_lstm,sequence_features,10,371-feature windows EEG(t-100s)..EEG(t-10s),reference_neural_robustness,2,attention,15360,3654,43,10,05b80bfaecd22890a7e360375d08013c2763762bc191dded6a0bbd75f29be07f,0.409755,0.5089703333333333,77cebd465a4716a4e00dc55c5b3389cee48005b315c8b1027e60c18439ca30d9,a3ebc02ec3767dad4af369512b2eb070ee9e2bbc0224438333bec9e7a41c810a,865dbd4bdaffcd2d9c86f37362cb6ac65643d7246a8f06482ed96df6253bc530,a96e5b627433c185894c56797afdf9c5b43065f3c7027558302151a7b0059a6b,fb2475449575374d7ca3505297c782bb826e7f9b76adda41fe8482ffbc21f0cf,torch_lstm__fold_02__attention__fb2475449575
torch_transformer,sequence_features,8,last 8 of common history: EEG(t-80s)..EEG(t-10s),new_training,2,attention,15360,3654,43,10,05b80bfaecd22890a7e360375d08013c2763762bc191dded6a0bbd75f29be07f,0.409755,0.5089703333333333,77cebd465a4716a4e00dc55c5b3389cee48005b315c8b1027e60c18439ca30d9,a3ebc02ec3767dad4af369512b2eb070ee9e2bbc0224438333bec9e7a41c810a,865dbd4bdaffcd2d9c86f37362cb6ac65643d7246a8f06482ed96df6253bc530,a96e5b627433c185894c56797afdf9c5b43065f3c7027558302151a7b0059a6b,11beb5400c8e379361973461f95ef51f8135ecd3a98e31450072ab440ab47b54,torch_transformer__fold_02__attention__11beb5400c8e
lightgbm,single_window_features,1,371 features at EEG(t-10s),new_training,2,engagement,15620,3657,43,10,96921223f37aee74e8576505e04d8d93656b6d22365a8c1e79d1aadc606e3780,0.572122,0.682083,1049b437a7b429687079327c9e4b940cb913dbbb2b26b4d66c8730f7c9b57736,440ff0940650eb12acf0dd13f0504875a80cce890af3d416dd18a2e868228165,c04403d7a2f9be6a03cf788e44d1c38187f2bbd3c5b908bed11adbc0282b4ec6,c74662013d2edba15ad6c8eee2b1cef96b32d36b89ee216a1ca90e81d5752afa,493edc5e1ccef4eba23cbaa995880cae06109f8b0860da0be835e65e11b8a307,lightgbm__fold_02__engagement__493edc5e1cce
xgboost,single_window_features,1,371 features at EEG(t-10s),new_training,2,engagement,15620,3657,43,10,96921223f37aee74e8576505e04d8d93656b6d22365a8c1e79d1aadc606e3780,0.572122,0.682083,1049b437a7b429687079327c9e4b940cb913dbbb2b26b4d66c8730f7c9b57736,440ff0940650eb12acf0dd13f0504875a80cce890af3d416dd18a2e868228165,c04403d7a2f9be6a03cf788e44d1c38187f2bbd3c5b908bed11adbc0282b4ec6,c74662013d2edba15ad6c8eee2b1cef96b32d36b89ee216a1ca90e81d5752afa,2ceb84b60c2665e76d874b1f4aa8537b472f4de9b55f6f1e03b67719c240cddd,xgboost__fold_02__engagement__2ceb84b60c26
torch_lstm,sequence_features,10,371-feature windows EEG(t-100s)..EEG(t-10s),reference_neural_robustness,2,engagement,15620,3657,43,10,96921223f37aee74e8576505e04d8d93656b6d22365a8c1e79d1aadc606e3780,0.572122,0.682083,1049b437a7b429687079327c9e4b940cb913dbbb2b26b4d66c8730f7c9b57736,440ff0940650eb12acf0dd13f0504875a80cce890af3d416dd18a2e868228165,c04403d7a2f9be6a03cf788e44d1c38187f2bbd3c5b908bed11adbc0282b4ec6,c74662013d2edba15ad6c8eee2b1cef96b32d36b89ee216a1ca90e81d5752afa,2f26ed078b845b974b9d3c30ada6180ad68b97d80daa90a93c9beeecfb874d6a,torch_lstm__fold_02__engagement__2f26ed078b84
torch_transformer,sequence_features,8,last 8 of common history: EEG(t-80s)..EEG(t-10s),new_training,2,engagement,15620,3657,43,10,96921223f37aee74e8576505e04d8d93656b6d22365a8c1e79d1aadc606e3780,0.572122,0.682083,1049b437a7b429687079327c9e4b940cb913dbbb2b26b4d66c8730f7c9b57736,440ff0940650eb12acf0dd13f0504875a80cce890af3d416dd18a2e868228165,c04403d7a2f9be6a03cf788e44d1c38187f2bbd3c5b908bed11adbc0282b4ec6,c74662013d2edba15ad6c8eee2b1cef96b32d36b89ee216a1ca90e81d5752afa,c8fe107b937592ff699017a4c3dedd2ab2858be66865d18d185b4f537e5e23e8,torch_transformer__fold_02__engagement__c8fe107b9375
lightgbm,single_window_features,1,371 features at EEG(t-10s),new_training,2,excitement,15790,3976,43,10,8cf290447cc76b4db2bf7811a784e38768237f66e910c108ea9bd99fce1b2673,0.194812,0.357134,baab3c167df2c8285d603acc26e03b68cbb1ca212a442e3bc6ab9f953265b17d,bf5a9849c7be67cbee29747f8b507c9d948f122bcc1900a6a35e3d7339848f4b,0a87dbaa8aa6a6a053e44aad53fa9ed6faf5001d0b56fd2084f60db51012fe47,f417e61cafde5ee51fef95b15db33994a48c4fd338440180382d27b18e38dbbd,487bdaa4feabc1b74927a9b4f8f7baab661658e5802ca7d7b1719e56b7a33a6f,lightgbm__fold_02__excitement__487bdaa4feab
xgboost,single_window_features,1,371 features at EEG(t-10s),new_training,2,excitement,15790,3976,43,10,8cf290447cc76b4db2bf7811a784e38768237f66e910c108ea9bd99fce1b2673,0.194812,0.357134,baab3c167df2c8285d603acc26e03b68cbb1ca212a442e3bc6ab9f953265b17d,bf5a9849c7be67cbee29747f8b507c9d948f122bcc1900a6a35e3d7339848f4b,0a87dbaa8aa6a6a053e44aad53fa9ed6faf5001d0b56fd2084f60db51012fe47,f417e61cafde5ee51fef95b15db33994a48c4fd338440180382d27b18e38dbbd,d83f1644cb0851e64439bfd4db346f4a1233b59edbc086b7ce6df767553e7226,xgboost__fold_02__excitement__d83f1644cb08
torch_lstm,sequence_features,10,371-feature windows EEG(t-100s)..EEG(t-10s),reference_neural_robustness,2,excitement,15790,3976,43,10,8cf290447cc76b4db2bf7811a784e38768237f66e910c108ea9bd99fce1b2673,0.194812,0.357134,baab3c167df2c8285d603acc26e03b68cbb1ca212a442e3bc6ab9f953265b17d,bf5a9849c7be67cbee29747f8b507c9d948f122bcc1900a6a35e3d7339848f4b,0a87dbaa8aa6a6a053e44aad53fa9ed6faf5001d0b56fd2084f60db51012fe47,f417e61cafde5ee51fef95b15db33994a48c4fd338440180382d27b18e38dbbd,72e5b3bf96980060bca8b5843d395ac1863d4f9c00587cfd94828a2b45b90ba3,torch_lstm__fold_02__excitement__72e5b3bf9698
torch_transformer,sequence_features,8,last 8 of common history: EEG(t-80s)..EEG(t-10s),new_training,2,excitement,15790,3976,43,10,8cf290447cc76b4db2bf7811a784e38768237f66e910c108ea9bd99fce1b2673,0.194812,0.357134,baab3c167df2c8285d603acc26e03b68cbb1ca212a442e3bc6ab9f953265b17d,bf5a9849c7be67cbee29747f8b507c9d948f122bcc1900a6a35e3d7339848f4b,0a87dbaa8aa6a6a053e44aad53fa9ed6faf5001d0b56fd2084f60db51012fe47,f417e61cafde5ee51fef95b15db33994a48c4fd338440180382d27b18e38dbbd,06105d4e0de7b39e7f95797070b310a6f44569d3d150d185f7c600d741517410,torch_transformer__fold_02__excitement__06105d4e0de7
lightgbm,single_window_features,1,371 features at EEG(t-10s),new_training,2,stress,15688,3241,43,10,f31c8981acf165f01f66cc01c4f2b2d6927c370f1a035493f12dece19b93ba49,0.396448,0.461981,d74b91a34bd550d96a0a429cebc51ad560189833e836941d1021e766204f8d39,d1198122f3f9a5f7663c6886c0af6127bad00e5183cb059cca0665b13ef38b3c,680653a8de97be239a14f527caf1fb44864eb7666fcd4a2498cba40aa60be4d2,c2a0ebf18e3b22e3d7ad52f01a7584a7b5111204576612aa30a3b3380b191c77,8348b89def12fe9f9b802d7e294ccdbdf67bdb6f887a3f7ea5a8200ef3584cfc,lightgbm__fold_02__stress__8348b89def12
xgboost,single_window_features,1,371 features at EEG(t-10s),new_training,2,stress,15688,3241,43,10,f31c8981acf165f01f66cc01c4f2b2d6927c370f1a035493f12dece19b93ba49,0.396448,0.461981,d74b91a34bd550d96a0a429cebc51ad560189833e836941d1021e766204f8d39,d1198122f3f9a5f7663c6886c0af6127bad00e5183cb059cca0665b13ef38b3c,680653a8de97be239a14f527caf1fb44864eb7666fcd4a2498cba40aa60be4d2,c2a0ebf18e3b22e3d7ad52f01a7584a7b5111204576612aa30a3b3380b191c77,5b8f0da829027e575fcb29bbf1d3617b9d724b9d5c19802c14af31f978b2ac75,xgboost__fold_02__stress__5b8f0da82902
torch_lstm,sequence_features,10,371-feature windows EEG(t-100s)..EEG(t-10s),reference_neural_robustness,2,stress,15688,3241,43,10,f31c8981acf165f01f66cc01c4f2b2d6927c370f1a035493f12dece19b93ba49,0.396448,0.461981,d74b91a34bd550d96a0a429cebc51ad560189833e836941d1021e766204f8d39,d1198122f3f9a5f7663c6886c0af6127bad00e5183cb059cca0665b13ef38b3c,680653a8de97be239a14f527caf1fb44864eb7666fcd4a2498cba40aa60be4d2,c2a0ebf18e3b22e3d7ad52f01a7584a7b5111204576612aa30a3b3380b191c77,a28783ef17950fb63f74531ba6862b44376db28de17531644d88019fc2849935,torch_lstm__fold_02__stress__a28783ef1795
torch_transformer,sequence_features,8,last 8 of common history: EEG(t-80s)..EEG(t-10s),new_training,2,stress,15688,3241,43,10,f31c8981acf165f01f66cc01c4f2b2d6927c370f1a035493f12dece19b93ba49,0.396448,0.461981,d74b91a34bd550d96a0a429cebc51ad560189833e836941d1021e766204f8d39,d1198122f3f9a5f7663c6886c0af6127bad00e5183cb059cca0665b13ef38b3c,680653a8de97be239a14f527caf1fb44864eb7666fcd4a2498cba40aa60be4d2,c2a0ebf18e3b22e3d7ad52f01a7584a7b5111204576612aa30a3b3380b191c77,7ea82f760fb78453c10fd2c1cb47cb03ec5d037ff63701eb67835be42ea58ab6,torch_transformer__fold_02__stress__7ea82f760fb7
lightgbm,single_window_features,1,371 features at EEG(t-10s),new_training,2,relaxation,15888,3700,43,10,7656df549309178054e578a36ceed79ea658632f163e5e508467b9011bdaa756,0.256714,0.404291,7654c0da0df3bb307d362fc4e8bf848f4abc439c93d71b38aa0df8ecaf87029c,90f672b35b8fb332d1c7f8634f9080d0b63fb2e0a08d08313cba9ff85b7078b1,ed4b4167469989b7ce1f5588c008770116da4df6ceb5709a893d103e7c260923,85c298f16e97c43644437b7b42d1280ceea2dd354b340cedad261f8cd1116229,3d2c8fd0316fb9edc6effce2f396d4152e1037626557eb2cc50febee0c8368ec,lightgbm__fold_02__relaxation__3d2c8fd0316f
xgboost,single_window_features,1,371 features at EEG(t-10s),new_training,2,relaxation,15888,3700,43,10,7656df549309178054e578a36ceed79ea658632f163e5e508467b9011bdaa756,0.256714,0.404291,7654c0da0df3bb307d362fc4e8bf848f4abc439c93d71b38aa0df8ecaf87029c,90f672b35b8fb332d1c7f8634f9080d0b63fb2e0a08d08313cba9ff85b7078b1,ed4b4167469989b7ce1f5588c008770116da4df6ceb5709a893d103e7c260923,85c298f16e97c43644437b7b42d1280ceea2dd354b340cedad261f8cd1116229,ee678826e61b5fc9b8157c3ebfe50a8a8997fd6f27a042982dc62bfe014b352d,xgboost__fold_02__relaxation__ee678826e61b
torch_lstm,sequence_features,10,371-feature windows EEG(t-100s)..EEG(t-10s),reference_neural_robustness,2,relaxation,15888,3700,43,10,7656df549309178054e578a36ceed79ea658632f163e5e508467b9011bdaa756,0.256714,0.404291,7654c0da0df3bb307d362fc4e8bf848f4abc439c93d71b38aa0df8ecaf87029c,90f672b35b8fb332d1c7f8634f9080d0b63fb2e0a08d08313cba9ff85b7078b1,ed4b4167469989b7ce1f5588c008770116da4df6ceb5709a893d103e7c260923,85c298f16e97c43644437b7b42d1280ceea2dd354b340cedad261f8cd1116229,597c00eead2802eca35baf23b54c2411e5bb785739e250008ed2909e673bd480,torch_lstm__fold_02__relaxation__597c00eead28
torch_transformer,sequence_features,8,last 8 of common history: EEG(t-80s)..EEG(t-10s),new_training,2,relaxation,15888,3700,43,10,7656df549309178054e578a36ceed79ea658632f163e5e508467b9011bdaa756,0.256714,0.404291,7654c0da0df3bb307d362fc4e8bf848f4abc439c93d71b38aa0df8ecaf87029c,90f672b35b8fb332d1c7f8634f9080d0b63fb2e0a08d08313cba9ff85b7078b1,ed4b4167469989b7ce1f5588c008770116da4df6ceb5709a893d103e7c260923,85c298f16e97c43644437b7b42d1280ceea2dd354b340cedad261f8cd1116229,9d6036e7152900de2b9d6b03af392f8065179685b9a44947cfc298cd312f7db3,torch_transformer__fold_02__relaxation__9d6036e71529
lightgbm,single_window_features,1,371 features at EEG(t-10s),new_training,2,interest,15692,3488,43,10,a6f226a94e84838366c4cf62d5dbcdfa343d2e4317631dc9cd843403760f8fb3,0.47714,0.52968,6431f6599ee63b0892e62c3399824da63288697288c9ee5ebe6da8a617c886c1,b9cb3994af30c22ff7c96c12a4868e21fb5f700c0308b0577b9abf34589f08dd,a44e6d9fa545ab1cf62adb5e045ac4ffe5bd388272a547a74020c9b10b515e50,4e30d4fc194fed90ea355e5368ea9d351826ebd4a280a2f160093026656d7332,9787474df8886d47d2ecdc5c15d4056d678ae27f93bdc469d76134caacf19d75,lightgbm__fold_02__interest__9787474df888
xgboost,single_window_features,1,371 features at EEG(t-10s),new_training,2,interest,15692,3488,43,10,a6f226a94e84838366c4cf62d5dbcdfa343d2e4317631dc9cd843403760f8fb3,0.47714,0.52968,6431f6599ee63b0892e62c3399824da63288697288c9ee5ebe6da8a617c886c1,b9cb3994af30c22ff7c96c12a4868e21fb5f700c0308b0577b9abf34589f08dd,a44e6d9fa545ab1cf62adb5e045ac4ffe5bd388272a547a74020c9b10b515e50,4e30d4fc194fed90ea355e5368ea9d351826ebd4a280a2f160093026656d7332,44f5aefe4f3bf579066b623701877cc2cb84f1de9854cf7ec1d7ac0dc9f25863,xgboost__fold_02__interest__44f5aefe4f3b
torch_lstm,sequence_features,10,371-feature windows EEG(t-100s)..EEG(t-10s),reference_neural_robustness,2,interest,15692,3488,43,10,a6f226a94e84838366c4cf62d5dbcdfa343d2e4317631dc9cd843403760f8fb3,0.47714,0.52968,6431f6599ee63b0892e62c3399824da63288697288c9ee5ebe6da8a617c886c1,b9cb3994af30c22ff7c96c12a4868e21fb5f700c0308b0577b9abf34589f08dd,a44e6d9fa545ab1cf62adb5e045ac4ffe5bd388272a547a74020c9b10b515e50,4e30d4fc194fed90ea355e5368ea9d351826ebd4a280a2f160093026656d7332,9647bbe97c714bc27d8b2c2755353ddb3d88e597f77fa46e83883387c901da3d,torch_lstm__fold_02__interest__9647bbe97c71
torch_transformer,sequence_features,8,last 8 of common history: EEG(t-80s)..EEG(t-10s),new_training,2,interest,15692,3488,43,10,a6f226a94e84838366c4cf62d5dbcdfa343d2e4317631dc9cd843403760f8fb3,0.47714,0.52968,6431f6599ee63b0892e62c3399824da63288697288c9ee5ebe6da8a617c886c1,b9cb3994af30c22ff7c96c12a4868e21fb5f700c0308b0577b9abf34589f08dd,a44e6d9fa545ab1cf62adb5e045ac4ffe5bd388272a547a74020c9b10b515e50,4e30d4fc194fed90ea355e5368ea9d351826ebd4a280a2f160093026656d7332,eae1356ab6c20a6a07b718a425f105b82d19f325218941629b5ce0577f702d42,torch_transformer__fold_02__interest__eae1356ab6c2
lightgbm,single_window_features,1,371 features at EEG(t-10s),new_training,2,focus,15705,4047,43,10,74e34c54e7221dc6ee613f5b9c86caff220ef215c764f9f3f1457db68a376147,0.364693,0.460551,bd8e4951fd20caf368bb6d91dbb6cb17363e9cee8ddafb4da24e5260a35c80bd,a6a9f812da8fec5c9ea03718a3d9dc2affcddfb3f3764129d3c8dd9197eed367,cab4123b8234ff750337c48265f4935dcbe888774929c6b5874f1e1756fd0b6f,ad3341e5e8d7931f698bfe1a667ba7410391140d662d1f9ffd0ba7fbc3570b42,d17c5579c6f4265da2f0d909e890a230be38335f80ed872795cddfe448b94823,lightgbm__fold_02__focus__d17c5579c6f4
xgboost,single_window_features,1,371 features at EEG(t-10s),new_training,2,focus,15705,4047,43,10,74e34c54e7221dc6ee613f5b9c86caff220ef215c764f9f3f1457db68a376147,0.364693,0.460551,bd8e4951fd20caf368bb6d91dbb6cb17363e9cee8ddafb4da24e5260a35c80bd,a6a9f812da8fec5c9ea03718a3d9dc2affcddfb3f3764129d3c8dd9197eed367,cab4123b8234ff750337c48265f4935dcbe888774929c6b5874f1e1756fd0b6f,ad3341e5e8d7931f698bfe1a667ba7410391140d662d1f9ffd0ba7fbc3570b42,b7ea179f0c16be03c01732eda7559ed8fb9f72c5f285e310ccfaa23ca321bfd2,xgboost__fold_02__focus__b7ea179f0c16
torch_lstm,sequence_features,10,371-feature windows EEG(t-100s)..EEG(t-10s),reference_neural_robustness,2,focus,15705,4047,43,10,74e34c54e7221dc6ee613f5b9c86caff220ef215c764f9f3f1457db68a376147,0.364693,0.460551,bd8e4951fd20caf368bb6d91dbb6cb17363e9cee8ddafb4da24e5260a35c80bd,a6a9f812da8fec5c9ea03718a3d9dc2affcddfb3f3764129d3c8dd9197eed367,cab4123b8234ff750337c48265f4935dcbe888774929c6b5874f1e1756fd0b6f,ad3341e5e8d7931f698bfe1a667ba7410391140d662d1f9ffd0ba7fbc3570b42,e57b72ffeb7e539f2fdb857e41fa010a18e1c88438c789441ebac38d5c664df3,torch_lstm__fold_02__focus__e57b72ffeb7e
torch_transformer,sequence_features,8,last 8 of common history: EEG(t-80s)..EEG(t-10s),new_training,2,focus,15705,4047,43,10,74e34c54e7221dc6ee613f5b9c86caff220ef215c764f9f3f1457db68a376147,0.364693,0.460551,bd8e4951fd20caf368bb6d91dbb6cb17363e9cee8ddafb4da24e5260a35c80bd,a6a9f812da8fec5c9ea03718a3d9dc2affcddfb3f3764129d3c8dd9197eed367,cab4123b8234ff750337c48265f4935dcbe888774929c6b5874f1e1756fd0b6f,ad3341e5e8d7931f698bfe1a667ba7410391140d662d1f9ffd0ba7fbc3570b42,5e8b392732e744d97b61111b06c2e4b2cb7e5bc946d8f487b58550fef8c87347,torch_transformer__fold_02__focus__5e8b392732e7
lightgbm,single_window_features,1,371 features at EEG(t-10s),new_training,3,attention,15265,3909,42,11,d9fe93c98329da3f22770036d5d5bcc1723fbbfb61707901d1eaef4a7001f95d,0.407012,0.50364,d68b7a6488e8fdcff273f9a45dc229248f6363dbb00f2862289f5099c4863dd5,989a887d792b95a60f191094ffcf877c22e35861b74a764d9a0c007915963ce6,d728d8584e8a911eea5893b8e147ab6b8602adbf3a8ced62a5d2a75b7a0b8e43,76d96fd3ff1b89b99d4cdf7287476a3539c70550b433892b9bcceca1d917601f,1ce5ed446a2153940256b20337044feba726a4aa31161af742da5a354f1f53ca,lightgbm__fold_03__attention__1ce5ed446a21
xgboost,single_window_features,1,371 features at EEG(t-10s),new_training,3,attention,15265,3909,42,11,d9fe93c98329da3f22770036d5d5bcc1723fbbfb61707901d1eaef4a7001f95d,0.407012,0.50364,d68b7a6488e8fdcff273f9a45dc229248f6363dbb00f2862289f5099c4863dd5,989a887d792b95a60f191094ffcf877c22e35861b74a764d9a0c007915963ce6,d728d8584e8a911eea5893b8e147ab6b8602adbf3a8ced62a5d2a75b7a0b8e43,76d96fd3ff1b89b99d4cdf7287476a3539c70550b433892b9bcceca1d917601f,a2ae022d1cf68d19cc27d1f3e28384541755cab3d0d4a0153f3e5917ffec35de,xgboost__fold_03__attention__a2ae022d1cf6
torch_lstm,sequence_features,10,371-feature windows EEG(t-100s)..EEG(t-10s),reference_neural_robustness,3,attention,15265,3909,42,11,d9fe93c98329da3f22770036d5d5bcc1723fbbfb61707901d1eaef4a7001f95d,0.407012,0.50364,d68b7a6488e8fdcff273f9a45dc229248f6363dbb00f2862289f5099c4863dd5,989a887d792b95a60f191094ffcf877c22e35861b74a764d9a0c007915963ce6,d728d8584e8a911eea5893b8e147ab6b8602adbf3a8ced62a5d2a75b7a0b8e43,76d96fd3ff1b89b99d4cdf7287476a3539c70550b433892b9bcceca1d917601f,09cf2b3d83b7bb9f8cf8fc9f00e79a27126cf3f048705727733b23261e4308ca,torch_lstm__fold_03__attention__09cf2b3d83b7
torch_transformer,sequence_features,8,last 8 of common history: EEG(t-80s)..EEG(t-10s),new_training,3,attention,15265,3909,42,11,d9fe93c98329da3f22770036d5d5bcc1723fbbfb61707901d1eaef4a7001f95d,0.407012,0.50364,d68b7a6488e8fdcff273f9a45dc229248f6363dbb00f2862289f5099c4863dd5,989a887d792b95a60f191094ffcf877c22e35861b74a764d9a0c007915963ce6,d728d8584e8a911eea5893b8e147ab6b8602adbf3a8ced62a5d2a75b7a0b8e43,76d96fd3ff1b89b99d4cdf7287476a3539c70550b433892b9bcceca1d917601f,6af71f7460a2b330a6afe66428d4c30bd455e1501fe644f41bc2dce1f7d37528,torch_transformer__fold_03__attention__6af71f7460a2
lightgbm,single_window_features,1,371 features at EEG(t-10s),new_training,3,engagement,15768,4025,42,11,a74a573473ef95d46567294f0aa220d0bd8b428d9a9120f4a96756b0c84d9f51,0.5875743333333333,0.689116,398229ea50cc9489f91e72673fe2ac6345f0ef68aa23f34a03e93b9c0449c524,d276e60c2bba43d46c54d0d59c969552424e8e2866690e03d816bc6eb6de137e,b0a310750bfccb2280fc4fd230bfdda00b5afc3ae1a394676c8b17ce1b421fc8,597e8871d21a877d9f6dd1fb2d6dd4c90cdcdeeab03973c8b060da14d6769ab7,c59f6c9800e9a3edbbcc519231a36a372f152b2ff5ea615ef3b60fc749c6c146,lightgbm__fold_03__engagement__c59f6c9800e9
xgboost,single_window_features,1,371 features at EEG(t-10s),new_training,3,engagement,15768,4025,42,11,a74a573473ef95d46567294f0aa220d0bd8b428d9a9120f4a96756b0c84d9f51,0.5875743333333333,0.689116,398229ea50cc9489f91e72673fe2ac6345f0ef68aa23f34a03e93b9c0449c524,d276e60c2bba43d46c54d0d59c969552424e8e2866690e03d816bc6eb6de137e,b0a310750bfccb2280fc4fd230bfdda00b5afc3ae1a394676c8b17ce1b421fc8,597e8871d21a877d9f6dd1fb2d6dd4c90cdcdeeab03973c8b060da14d6769ab7,da9782e8777e7cd1be2aec08387f6ac39093523d448c2b9455a6a0e91d7acc23,xgboost__fold_03__engagement__da9782e8777e
torch_lstm,sequence_features,10,371-feature windows EEG(t-100s)..EEG(t-10s),reference_neural_robustness,3,engagement,15768,4025,42,11,a74a573473ef95d46567294f0aa220d0bd8b428d9a9120f4a96756b0c84d9f51,0.5875743333333333,0.689116,398229ea50cc9489f91e72673fe2ac6345f0ef68aa23f34a03e93b9c0449c524,d276e60c2bba43d46c54d0d59c969552424e8e2866690e03d816bc6eb6de137e,b0a310750bfccb2280fc4fd230bfdda00b5afc3ae1a394676c8b17ce1b421fc8,597e8871d21a877d9f6dd1fb2d6dd4c90cdcdeeab03973c8b060da14d6769ab7,3f8d6753421e92539dec12cd8e1a5677b61e65339b8fc08865a2fa3e086a7d78,torch_lstm__fold_03__engagement__3f8d6753421e
torch_transformer,sequence_features,8,last 8 of common history: EEG(t-80s)..EEG(t-10s),new_training,3,engagement,15768,4025,42,11,a74a573473ef95d46567294f0aa220d0bd8b428d9a9120f4a96756b0c84d9f51,0.5875743333333333,0.689116,398229ea50cc9489f91e72673fe2ac6345f0ef68aa23f34a03e93b9c0449c524,d276e60c2bba43d46c54d0d59c969552424e8e2866690e03d816bc6eb6de137e,b0a310750bfccb2280fc4fd230bfdda00b5afc3ae1a394676c8b17ce1b421fc8,597e8871d21a877d9f6dd1fb2d6dd4c90cdcdeeab03973c8b060da14d6769ab7,b9826b145e66ce69e7f68e4848b4f0cbdcfece6db5a6ef4556d1fe029625645f,torch_transformer__fold_03__engagement__b9826b145e66
lightgbm,single_window_features,1,371 features at EEG(t-10s),new_training,3,excitement,15900,3799,42,11,fa418d56645cfa9ab67032bef122ddca9f2bf2af811172bdbe6b172d6197f493,0.19379133333333332,0.35695933333333324,149643e0132fd3b826dce38800b4f728afe3afc56a88e00ffa346c738a4b7bbd,f693064cc4a73bb1a34e8da3cc0c5b3e8c7fd1c04134d180ee21990e842ae24d,2d993a930a715e03315c996e2fc6dca3952d78ab09044b3fd84d1b75629a7726,fcfbbbd3e3c3a709994a92e18927c89bc1c3ccac643be985550f80049c5290f8,c6bf77e185ac54dbac688ddf1dd33032b7586cf02e027baeeac02d12bb2ecc87,lightgbm__fold_03__excitement__c6bf77e185ac
xgboost,single_window_features,1,371 features at EEG(t-10s),new_training,3,excitement,15900,3799,42,11,fa418d56645cfa9ab67032bef122ddca9f2bf2af811172bdbe6b172d6197f493,0.19379133333333332,0.35695933333333324,149643e0132fd3b826dce38800b4f728afe3afc56a88e00ffa346c738a4b7bbd,f693064cc4a73bb1a34e8da3cc0c5b3e8c7fd1c04134d180ee21990e842ae24d,2d993a930a715e03315c996e2fc6dca3952d78ab09044b3fd84d1b75629a7726,fcfbbbd3e3c3a709994a92e18927c89bc1c3ccac643be985550f80049c5290f8,12961ef7ad14b3b8040e6e97f8475316a55b33c55630359b596d01172418877d,xgboost__fold_03__excitement__12961ef7ad14
torch_lstm,sequence_features,10,371-feature windows EEG(t-100s)..EEG(t-10s),reference_neural_robustness,3,excitement,15900,3799,42,11,fa418d56645cfa9ab67032bef122ddca9f2bf2af811172bdbe6b172d6197f493,0.19379133333333332,0.35695933333333324,149643e0132fd3b826dce38800b4f728afe3afc56a88e00ffa346c738a4b7bbd,f693064cc4a73bb1a34e8da3cc0c5b3e8c7fd1c04134d180ee21990e842ae24d,2d993a930a715e03315c996e2fc6dca3952d78ab09044b3fd84d1b75629a7726,fcfbbbd3e3c3a709994a92e18927c89bc1c3ccac643be985550f80049c5290f8,f17b552e8fca0349b87d65177373b6e6edb59ee9696719a86c1ae290f9f75a6f,torch_lstm__fold_03__excitement__f17b552e8fca
torch_transformer,sequence_features,8,last 8 of common history: EEG(t-80s)..EEG(t-10s),new_training,3,excitement,15900,3799,42,11,fa418d56645cfa9ab67032bef122ddca9f2bf2af811172bdbe6b172d6197f493,0.19379133333333332,0.35695933333333324,149643e0132fd3b826dce38800b4f728afe3afc56a88e00ffa346c738a4b7bbd,f693064cc4a73bb1a34e8da3cc0c5b3e8c7fd1c04134d180ee21990e842ae24d,2d993a930a715e03315c996e2fc6dca3952d78ab09044b3fd84d1b75629a7726,fcfbbbd3e3c3a709994a92e18927c89bc1c3ccac643be985550f80049c5290f8,f98cf5cdb6ad12b4b3e7d2ff3e65cabfba4199f4880cb2c0081bc9df85dfe4fb,torch_transformer__fold_03__excitement__f98cf5cdb6ad
lightgbm,single_window_features,1,371 features at EEG(t-10s),new_training,3,stress,15759,4624,42,11,bcd3007f8b807817734d67f5fb79247d682169631186c1b04d4f2cedd74be7de,0.405259,0.460463,f6178421891da0b189cc92059c0e677631969dcd6e30274d0ff663664b39a831,7596d48e00e9fa391e0b9ca8da3ca0bad9c5887866bebcf4cec50e0c69e215d4,3367ffeb186fcc09a37d29aaee391cd45685ff90fd2d4711d61f82fbcda59e02,61b2b8ec2c5fb8277e5834cfe19444be637c994bd19cd9f5efc382ebde063d4b,87f93d674963401499ce7b165d610e1f40db50ccbade946b17e8a5cd904810f1,lightgbm__fold_03__stress__87f93d674963
xgboost,single_window_features,1,371 features at EEG(t-10s),new_training,3,stress,15759,4624,42,11,bcd3007f8b807817734d67f5fb79247d682169631186c1b04d4f2cedd74be7de,0.405259,0.460463,f6178421891da0b189cc92059c0e677631969dcd6e30274d0ff663664b39a831,7596d48e00e9fa391e0b9ca8da3ca0bad9c5887866bebcf4cec50e0c69e215d4,3367ffeb186fcc09a37d29aaee391cd45685ff90fd2d4711d61f82fbcda59e02,61b2b8ec2c5fb8277e5834cfe19444be637c994bd19cd9f5efc382ebde063d4b,5e424e0b05acb3d6720ad201cdad245f582369e45a02ad367ed965473762a334,xgboost__fold_03__stress__5e424e0b05ac
torch_lstm,sequence_features,10,371-feature windows EEG(t-100s)..EEG(t-10s),reference_neural_robustness,3,stress,15759,4624,42,11,bcd3007f8b807817734d67f5fb79247d682169631186c1b04d4f2cedd74be7de,0.405259,0.460463,f6178421891da0b189cc92059c0e677631969dcd6e30274d0ff663664b39a831,7596d48e00e9fa391e0b9ca8da3ca0bad9c5887866bebcf4cec50e0c69e215d4,3367ffeb186fcc09a37d29aaee391cd45685ff90fd2d4711d61f82fbcda59e02,61b2b8ec2c5fb8277e5834cfe19444be637c994bd19cd9f5efc382ebde063d4b,1bb8ac1791d3643dd8f67e610bf665f638f28b7343bebeb1703be4166923f9bf,torch_lstm__fold_03__stress__1bb8ac1791d3
torch_transformer,sequence_features,8,last 8 of common history: EEG(t-80s)..EEG(t-10s),new_training,3,stress,15759,4624,42,11,bcd3007f8b807817734d67f5fb79247d682169631186c1b04d4f2cedd74be7de,0.405259,0.460463,f6178421891da0b189cc92059c0e677631969dcd6e30274d0ff663664b39a831,7596d48e00e9fa391e0b9ca8da3ca0bad9c5887866bebcf4cec50e0c69e215d4,3367ffeb186fcc09a37d29aaee391cd45685ff90fd2d4711d61f82fbcda59e02,61b2b8ec2c5fb8277e5834cfe19444be637c994bd19cd9f5efc382ebde063d4b,5214c974f400075f06b11f3025dfab6d98597a2fae9222fa83f0fdd84511580c,torch_transformer__fold_03__stress__5214c974f400
lightgbm,single_window_features,1,371 features at EEG(t-10s),new_training,3,relaxation,15984,3823,42,11,e60bf995e60c88b6af88b34c7d1f44be24f60c5b4257ba68426a2504b9aa025a,0.25428966666666664,0.395869,f6a9a7579caaa5d9beff166635ca68e98b1d25efb9aac8c9df983300dd57b6e8,4b3b03b908f0b0ee1af625234d6a76e46be70bfbc1ddf4c045d07dd4db1f0df9,4c3c09fb2a9201b0278daa5218fa212f32319d0870185bdf2fd2eb6e4938d5e1,f8ca926ae071ece97f7d67f272ebef47ac7608021ea46578d3dac627d1a82383,94686800132bd7b62a1fa9129fe4b97a9ddd8afb83b71dd063ec467e801f6861,lightgbm__fold_03__relaxation__94686800132b
xgboost,single_window_features,1,371 features at EEG(t-10s),new_training,3,relaxation,15984,3823,42,11,e60bf995e60c88b6af88b34c7d1f44be24f60c5b4257ba68426a2504b9aa025a,0.25428966666666664,0.395869,f6a9a7579caaa5d9beff166635ca68e98b1d25efb9aac8c9df983300dd57b6e8,4b3b03b908f0b0ee1af625234d6a76e46be70bfbc1ddf4c045d07dd4db1f0df9,4c3c09fb2a9201b0278daa5218fa212f32319d0870185bdf2fd2eb6e4938d5e1,f8ca926ae071ece97f7d67f272ebef47ac7608021ea46578d3dac627d1a82383,7b9d5699d6fbbd60428ce9fcf7a8adeb85d461b9ceef1a43a9d5562361bf3996,xgboost__fold_03__relaxation__7b9d5699d6fb
torch_lstm,sequence_features,10,371-feature windows EEG(t-100s)..EEG(t-10s),reference_neural_robustness,3,relaxation,15984,3823,42,11,e60bf995e60c88b6af88b34c7d1f44be24f60c5b4257ba68426a2504b9aa025a,0.25428966666666664,0.395869,f6a9a7579caaa5d9beff166635ca68e98b1d25efb9aac8c9df983300dd57b6e8,4b3b03b908f0b0ee1af625234d6a76e46be70bfbc1ddf4c045d07dd4db1f0df9,4c3c09fb2a9201b0278daa5218fa212f32319d0870185bdf2fd2eb6e4938d5e1,f8ca926ae071ece97f7d67f272ebef47ac7608021ea46578d3dac627d1a82383,789a48c431985d442cd9e2b175c429383f483dca3fbaf3b79edfb6653612e2b1,torch_lstm__fold_03__relaxation__789a48c43198
torch_transformer,sequence_features,8,last 8 of common history: EEG(t-80s)..EEG(t-10s),new_training,3,relaxation,15984,3823,42,11,e60bf995e60c88b6af88b34c7d1f44be24f60c5b4257ba68426a2504b9aa025a,0.25428966666666664,0.395869,f6a9a7579caaa5d9beff166635ca68e98b1d25efb9aac8c9df983300dd57b6e8,4b3b03b908f0b0ee1af625234d6a76e46be70bfbc1ddf4c045d07dd4db1f0df9,4c3c09fb2a9201b0278daa5218fa212f32319d0870185bdf2fd2eb6e4938d5e1,f8ca926ae071ece97f7d67f272ebef47ac7608021ea46578d3dac627d1a82383,e4fa54b906fe8354cc91bad4552f9e8b79f95abab24cbeda5f7111bc2670c3e4,torch_transformer__fold_03__relaxation__e4fa54b906fe
lightgbm,single_window_features,1,371 features at EEG(t-10s),new_training,3,interest,15772,4275,42,11,3bcb6d908dca29ca782906a4f9f4eb0ea8493afdf7dc53a3c5de50526bd55ffb,0.480798,0.5285816666666666,a3e127a81a1dbc4988c9c82cdaeee48b47595200d5b896417b418f1a78040e9d,04929eb3183baa31fa159c754b7360dc607f8bfeddb51cacd7c82e27eceda3c9,61c6c8df8ec928543c7b55921417eabac0028cb7c0fd9d2152cbdfb18a3c0b84,9fba1a99a6c76c1d27eaaf16b5eebc41ef79a60eff894b713e66acdc7a2e7467,999f2b7b6caff05718d52cc318aaa5bc1e1cb8b7e7e6070e5b68cda9af2270c0,lightgbm__fold_03__interest__999f2b7b6caf
xgboost,single_window_features,1,371 features at EEG(t-10s),new_training,3,interest,15772,4275,42,11,3bcb6d908dca29ca782906a4f9f4eb0ea8493afdf7dc53a3c5de50526bd55ffb,0.480798,0.5285816666666666,a3e127a81a1dbc4988c9c82cdaeee48b47595200d5b896417b418f1a78040e9d,04929eb3183baa31fa159c754b7360dc607f8bfeddb51cacd7c82e27eceda3c9,61c6c8df8ec928543c7b55921417eabac0028cb7c0fd9d2152cbdfb18a3c0b84,9fba1a99a6c76c1d27eaaf16b5eebc41ef79a60eff894b713e66acdc7a2e7467,e823a4361b19443240a2f8f19776f4e687f7d55b0f7d1ecfcedc68227cf15972,xgboost__fold_03__interest__e823a4361b19
torch_lstm,sequence_features,10,371-feature windows EEG(t-100s)..EEG(t-10s),reference_neural_robustness,3,interest,15772,4275,42,11,3bcb6d908dca29ca782906a4f9f4eb0ea8493afdf7dc53a3c5de50526bd55ffb,0.480798,0.5285816666666666,a3e127a81a1dbc4988c9c82cdaeee48b47595200d5b896417b418f1a78040e9d,04929eb3183baa31fa159c754b7360dc607f8bfeddb51cacd7c82e27eceda3c9,61c6c8df8ec928543c7b55921417eabac0028cb7c0fd9d2152cbdfb18a3c0b84,9fba1a99a6c76c1d27eaaf16b5eebc41ef79a60eff894b713e66acdc7a2e7467,851594351a681ac36c6993a6bf6e94a459cb9198d8964fc664ae0ab3e02c7784,torch_lstm__fold_03__interest__851594351a68
torch_transformer,sequence_features,8,last 8 of common history: EEG(t-80s)..EEG(t-10s),new_training,3,interest,15772,4275,42,11,3bcb6d908dca29ca782906a4f9f4eb0ea8493afdf7dc53a3c5de50526bd55ffb,0.480798,0.5285816666666666,a3e127a81a1dbc4988c9c82cdaeee48b47595200d5b896417b418f1a78040e9d,04929eb3183baa31fa159c754b7360dc607f8bfeddb51cacd7c82e27eceda3c9,61c6c8df8ec928543c7b55921417eabac0028cb7c0fd9d2152cbdfb18a3c0b84,9fba1a99a6c76c1d27eaaf16b5eebc41ef79a60eff894b713e66acdc7a2e7467,6b0d29b0d76a5c09399ab238e5abe36b2d1553265997dd49dc5b67ca5b672ed3,torch_transformer__fold_03__interest__6b0d29b0d76a
lightgbm,single_window_features,1,371 features at EEG(t-10s),new_training,3,focus,15827,3942,42,11,0c7365a9f52cdea7f5ff5bd02009df8f23994345c83ad7446745f49568834711,0.3654773333333333,0.46152833333333326,e857e23b1935c1e52f585a2a261ecc7c50a49fe68a5475c6477aef12a6dd8acd,9ee4ca4fe8e2dc5be45091a4578e257a77fabc02e7794a1ed43c4e76bef6bcae,aa440aa5313daca0f59324bb101a020d573c95894f83e27d09d9d69f392f99fe,e8d4247107a69319c54dd4107c1298eff455837ccdedcf1c9e09253195b1d282,00bb752e1be7ec586ae791480aeef743a13e7b2ec7580324b887cc5e165dc70f,lightgbm__fold_03__focus__00bb752e1be7
xgboost,single_window_features,1,371 features at EEG(t-10s),new_training,3,focus,15827,3942,42,11,0c7365a9f52cdea7f5ff5bd02009df8f23994345c83ad7446745f49568834711,0.3654773333333333,0.46152833333333326,e857e23b1935c1e52f585a2a261ecc7c50a49fe68a5475c6477aef12a6dd8acd,9ee4ca4fe8e2dc5be45091a4578e257a77fabc02e7794a1ed43c4e76bef6bcae,aa440aa5313daca0f59324bb101a020d573c95894f83e27d09d9d69f392f99fe,e8d4247107a69319c54dd4107c1298eff455837ccdedcf1c9e09253195b1d282,67495095f1fe1839bfe794672427ecaa2156d33a488d05863f664d819a8562c3,xgboost__fold_03__focus__67495095f1fe
torch_lstm,sequence_features,10,371-feature windows EEG(t-100s)..EEG(t-10s),reference_neural_robustness,3,focus,15827,3942,42,11,0c7365a9f52cdea7f5ff5bd02009df8f23994345c83ad7446745f49568834711,0.3654773333333333,0.46152833333333326,e857e23b1935c1e52f585a2a261ecc7c50a49fe68a5475c6477aef12a6dd8acd,9ee4ca4fe8e2dc5be45091a4578e257a77fabc02e7794a1ed43c4e76bef6bcae,aa440aa5313daca0f59324bb101a020d573c95894f83e27d09d9d69f392f99fe,e8d4247107a69319c54dd4107c1298eff455837ccdedcf1c9e09253195b1d282,38c416abb92ce59f6906498645f60ec54a7852a0b099bf6776d9ef3aece81b91,torch_lstm__fold_03__focus__38c416abb92c
torch_transformer,sequence_features,8,last 8 of common history: EEG(t-80s)..EEG(t-10s),new_training,3,focus,15827,3942,42,11,0c7365a9f52cdea7f5ff5bd02009df8f23994345c83ad7446745f49568834711,0.3654773333333333,0.46152833333333326,e857e23b1935c1e52f585a2a261ecc7c50a49fe68a5475c6477aef12a6dd8acd,9ee4ca4fe8e2dc5be45091a4578e257a77fabc02e7794a1ed43c4e76bef6bcae,aa440aa5313daca0f59324bb101a020d573c95894f83e27d09d9d69f392f99fe,e8d4247107a69319c54dd4107c1298eff455837ccdedcf1c9e09253195b1d282,3d5a8f23672b8c1a91dfe945018e1481901f93fc6f6606d5a2798d128dbbc188,torch_transformer__fold_03__focus__3d5a8f23672b
lightgbm,single_window_features,1,371 features at EEG(t-10s),new_training,4,attention,15424,3721,43,10,4404f50166a53629f16deb855b5dbdefb3de95149a3eec0eec91689ced0aaf96,0.410495,0.5079906666666667,8e8db65694da89070a8ad83f541c0fa54a532b27772c67f507b75cd39c4f5136,3363fe63940bfdae1e6c39fbde63aa5e2fd269416e488d7d7dab747cee9fb83f,16dd64eafb04d2335f4d152420eb67262eb5629a8a0c8bd2270c0ca42f78aacb,bb10ba444fb273e4186f209e1cfb451a887e5e794b42efaea10c11a6363fa2c8,0ea09e1045ea480c467b1cf50e99fb9a8d49d117cbd8708b9d466269949f0cea,lightgbm__fold_04__attention__0ea09e1045ea
xgboost,single_window_features,1,371 features at EEG(t-10s),new_training,4,attention,15424,3721,43,10,4404f50166a53629f16deb855b5dbdefb3de95149a3eec0eec91689ced0aaf96,0.410495,0.5079906666666667,8e8db65694da89070a8ad83f541c0fa54a532b27772c67f507b75cd39c4f5136,3363fe63940bfdae1e6c39fbde63aa5e2fd269416e488d7d7dab747cee9fb83f,16dd64eafb04d2335f4d152420eb67262eb5629a8a0c8bd2270c0ca42f78aacb,bb10ba444fb273e4186f209e1cfb451a887e5e794b42efaea10c11a6363fa2c8,908fc8605043dc00252b675ab36a903e05a504dbd5314d9123627f47c190ae44,xgboost__fold_04__attention__908fc8605043
torch_lstm,sequence_features,10,371-feature windows EEG(t-100s)..EEG(t-10s),reference_neural_robustness,4,attention,15424,3721,43,10,4404f50166a53629f16deb855b5dbdefb3de95149a3eec0eec91689ced0aaf96,0.410495,0.5079906666666667,8e8db65694da89070a8ad83f541c0fa54a532b27772c67f507b75cd39c4f5136,3363fe63940bfdae1e6c39fbde63aa5e2fd269416e488d7d7dab747cee9fb83f,16dd64eafb04d2335f4d152420eb67262eb5629a8a0c8bd2270c0ca42f78aacb,bb10ba444fb273e4186f209e1cfb451a887e5e794b42efaea10c11a6363fa2c8,83c52ae4f4a4d31a9f3dad7ef62ccec1add674da37ecbf30ab54720eb1a8f0f5,torch_lstm__fold_04__attention__83c52ae4f4a4
torch_transformer,sequence_features,8,last 8 of common history: EEG(t-80s)..EEG(t-10s),new_training,4,attention,15424,3721,43,10,4404f50166a53629f16deb855b5dbdefb3de95149a3eec0eec91689ced0aaf96,0.410495,0.5079906666666667,8e8db65694da89070a8ad83f541c0fa54a532b27772c67f507b75cd39c4f5136,3363fe63940bfdae1e6c39fbde63aa5e2fd269416e488d7d7dab747cee9fb83f,16dd64eafb04d2335f4d152420eb67262eb5629a8a0c8bd2270c0ca42f78aacb,bb10ba444fb273e4186f209e1cfb451a887e5e794b42efaea10c11a6363fa2c8,9449c7a8ece22144193370bd77f39b0494e074c65b8c287278e1d24c12dda6c6,torch_transformer__fold_04__attention__9449c7a8ece2
lightgbm,single_window_features,1,371 features at EEG(t-10s),new_training,4,engagement,15902,3534,43,10,4efdbb963e4328ea609ced0c43ea79ec54863afcf8b6dc3b54e36caff30afe16,0.5819393333333334,0.6880023333333333,039b017512d677764271315885a4370f1b19c53cfb167cb1a23856ff2c760cbb,74a7be6068b3a0cb731706cba451d25deb8d18b89033e4532d8dc75dea9c989d,238724f5eaf250a12a0b8434cf082ff1c72ed726ab7a934c89f615d7670da2f3,989efbd569bfc04aef6386e059b0aba3d29aec9988597cf1299a61b1897ae7f8,3d70bc9f29ca37f8ae56caae6e8b69f27ad3120cc29d5d4da99286b176afee26,lightgbm__fold_04__engagement__3d70bc9f29ca
xgboost,single_window_features,1,371 features at EEG(t-10s),new_training,4,engagement,15902,3534,43,10,4efdbb963e4328ea609ced0c43ea79ec54863afcf8b6dc3b54e36caff30afe16,0.5819393333333334,0.6880023333333333,039b017512d677764271315885a4370f1b19c53cfb167cb1a23856ff2c760cbb,74a7be6068b3a0cb731706cba451d25deb8d18b89033e4532d8dc75dea9c989d,238724f5eaf250a12a0b8434cf082ff1c72ed726ab7a934c89f615d7670da2f3,989efbd569bfc04aef6386e059b0aba3d29aec9988597cf1299a61b1897ae7f8,79f9235ad1e57c562913445e9b17eb538ecde7bb7970042710fe2180f4822d26,xgboost__fold_04__engagement__79f9235ad1e5
torch_lstm,sequence_features,10,371-feature windows EEG(t-100s)..EEG(t-10s),reference_neural_robustness,4,engagement,15902,3534,43,10,4efdbb963e4328ea609ced0c43ea79ec54863afcf8b6dc3b54e36caff30afe16,0.5819393333333334,0.6880023333333333,039b017512d677764271315885a4370f1b19c53cfb167cb1a23856ff2c760cbb,74a7be6068b3a0cb731706cba451d25deb8d18b89033e4532d8dc75dea9c989d,238724f5eaf250a12a0b8434cf082ff1c72ed726ab7a934c89f615d7670da2f3,989efbd569bfc04aef6386e059b0aba3d29aec9988597cf1299a61b1897ae7f8,33442a1ceafa787f33ff90d4e5ce9cf740da73914245ae771da458f6a7dfd067,torch_lstm__fold_04__engagement__33442a1ceafa
torch_transformer,sequence_features,8,last 8 of common history: EEG(t-80s)..EEG(t-10s),new_training,4,engagement,15902,3534,43,10,4efdbb963e4328ea609ced0c43ea79ec54863afcf8b6dc3b54e36caff30afe16,0.5819393333333334,0.6880023333333333,039b017512d677764271315885a4370f1b19c53cfb167cb1a23856ff2c760cbb,74a7be6068b3a0cb731706cba451d25deb8d18b89033e4532d8dc75dea9c989d,238724f5eaf250a12a0b8434cf082ff1c72ed726ab7a934c89f615d7670da2f3,989efbd569bfc04aef6386e059b0aba3d29aec9988597cf1299a61b1897ae7f8,df4f52e2b4381a4584a5bf4c821d5b3ae1bb823ad3913d517075116e4a2085d0,torch_transformer__fold_04__engagement__df4f52e2b438
lightgbm,single_window_features,1,371 features at EEG(t-10s),new_training,4,excitement,16040,3810,43,10,01a9a36af7fd4938668057f58a4af0d4815b36985a13f61e071f1297e75e14d1,0.198937,0.36487366666666665,77b900fa4fbd50c7e5e7215822fd4fcc9f046764e36c14dddaecb68b876684b0,c0ff02a177cfd57f1d486439d917a232b5aacc50e4757ae712f1d8ec83d44711,ee711d307c8fae7fe6bc0346249e836acbd229a78d016a3aaab55bcb42951e9b,3200f77c764eb39585c68b8a432a76c1bf2881e2f58fc8ab509d95a9905ac9eb,1c554b1ebdabb3885719aea60bd7427549b0d0b9d6f6d3e707f718554b3b40d3,lightgbm__fold_04__excitement__1c554b1ebdab
xgboost,single_window_features,1,371 features at EEG(t-10s),new_training,4,excitement,16040,3810,43,10,01a9a36af7fd4938668057f58a4af0d4815b36985a13f61e071f1297e75e14d1,0.198937,0.36487366666666665,77b900fa4fbd50c7e5e7215822fd4fcc9f046764e36c14dddaecb68b876684b0,c0ff02a177cfd57f1d486439d917a232b5aacc50e4757ae712f1d8ec83d44711,ee711d307c8fae7fe6bc0346249e836acbd229a78d016a3aaab55bcb42951e9b,3200f77c764eb39585c68b8a432a76c1bf2881e2f58fc8ab509d95a9905ac9eb,14eb75d5fa24e0a1d26a282622b81f0f4548a589a641be7966b213808b18f4b3,xgboost__fold_04__excitement__14eb75d5fa24
torch_lstm,sequence_features,10,371-feature windows EEG(t-100s)..EEG(t-10s),reference_neural_robustness,4,excitement,16040,3810,43,10,01a9a36af7fd4938668057f58a4af0d4815b36985a13f61e071f1297e75e14d1,0.198937,0.36487366666666665,77b900fa4fbd50c7e5e7215822fd4fcc9f046764e36c14dddaecb68b876684b0,c0ff02a177cfd57f1d486439d917a232b5aacc50e4757ae712f1d8ec83d44711,ee711d307c8fae7fe6bc0346249e836acbd229a78d016a3aaab55bcb42951e9b,3200f77c764eb39585c68b8a432a76c1bf2881e2f58fc8ab509d95a9905ac9eb,8bf1a461d9bff25dd7f661476b3194b7c3e9510e260bc592c17d33fb2ee6e9ab,torch_lstm__fold_04__excitement__8bf1a461d9bf
torch_transformer,sequence_features,8,last 8 of common history: EEG(t-80s)..EEG(t-10s),new_training,4,excitement,16040,3810,43,10,01a9a36af7fd4938668057f58a4af0d4815b36985a13f61e071f1297e75e14d1,0.198937,0.36487366666666665,77b900fa4fbd50c7e5e7215822fd4fcc9f046764e36c14dddaecb68b876684b0,c0ff02a177cfd57f1d486439d917a232b5aacc50e4757ae712f1d8ec83d44711,ee711d307c8fae7fe6bc0346249e836acbd229a78d016a3aaab55bcb42951e9b,3200f77c764eb39585c68b8a432a76c1bf2881e2f58fc8ab509d95a9905ac9eb,c5b89388484bcdc78209ba21997c2e69bf999c51a548a1e2ab6923ccc0808d37,torch_transformer__fold_04__excitement__c5b89388484b
lightgbm,single_window_features,1,371 features at EEG(t-10s),new_training,4,stress,15944,2832,43,10,27d0b6e27ea4a69159776babe88351288b3e08a8b6a0e0a437af967ad54f9cf0,0.39695366666666665,0.46365033333333333,e3deafd7001f0c7ce42d0b0daca01bbb2ba2cadf31bc06b31ae05a09be999fa6,bd6d73c1f45012b8911a2aa4fa92af92cc06aefc12b47395c186038892e3260d,2bbeba1cd1d5084e26b518882f7e34dec5984d9c100c38e7a10d08ae4b1cb3bc,4fdad3476a2622a4342494aeffd26e146d42bd1d5afb3333e0504d3f4e213fab,b0a5485d00f75754ef75eefe59db18f3a3791b663fbd5a028eed782adb7c59b2,lightgbm__fold_04__stress__b0a5485d00f7
xgboost,single_window_features,1,371 features at EEG(t-10s),new_training,4,stress,15944,2832,43,10,27d0b6e27ea4a69159776babe88351288b3e08a8b6a0e0a437af967ad54f9cf0,0.39695366666666665,0.46365033333333333,e3deafd7001f0c7ce42d0b0daca01bbb2ba2cadf31bc06b31ae05a09be999fa6,bd6d73c1f45012b8911a2aa4fa92af92cc06aefc12b47395c186038892e3260d,2bbeba1cd1d5084e26b518882f7e34dec5984d9c100c38e7a10d08ae4b1cb3bc,4fdad3476a2622a4342494aeffd26e146d42bd1d5afb3333e0504d3f4e213fab,4beafd8b561a0bf14a51161f244efbb90e1ff377acf7173a6c01178ce063b6ee,xgboost__fold_04__stress__4beafd8b561a
torch_lstm,sequence_features,10,371-feature windows EEG(t-100s)..EEG(t-10s),reference_neural_robustness,4,stress,15944,2832,43,10,27d0b6e27ea4a69159776babe88351288b3e08a8b6a0e0a437af967ad54f9cf0,0.39695366666666665,0.46365033333333333,e3deafd7001f0c7ce42d0b0daca01bbb2ba2cadf31bc06b31ae05a09be999fa6,bd6d73c1f45012b8911a2aa4fa92af92cc06aefc12b47395c186038892e3260d,2bbeba1cd1d5084e26b518882f7e34dec5984d9c100c38e7a10d08ae4b1cb3bc,4fdad3476a2622a4342494aeffd26e146d42bd1d5afb3333e0504d3f4e213fab,12ba8d2cf7c0607801f669e02f7e7537d70f12b86f2738c4630c3d738ed4d1d2,torch_lstm__fold_04__stress__12ba8d2cf7c0
torch_transformer,sequence_features,8,last 8 of common history: EEG(t-80s)..EEG(t-10s),new_training,4,stress,15944,2832,43,10,27d0b6e27ea4a69159776babe88351288b3e08a8b6a0e0a437af967ad54f9cf0,0.39695366666666665,0.46365033333333333,e3deafd7001f0c7ce42d0b0daca01bbb2ba2cadf31bc06b31ae05a09be999fa6,bd6d73c1f45012b8911a2aa4fa92af92cc06aefc12b47395c186038892e3260d,2bbeba1cd1d5084e26b518882f7e34dec5984d9c100c38e7a10d08ae4b1cb3bc,4fdad3476a2622a4342494aeffd26e146d42bd1d5afb3333e0504d3f4e213fab,4893d211fd3c6dda6365cde52c96576e00774dd501701fa3ca14be3f7108d846,torch_transformer__fold_04__stress__4893d211fd3c
lightgbm,single_window_features,1,371 features at EEG(t-10s),new_training,4,relaxation,16165,3682,43,10,a5f608b86ee9061617d36b1743ad601431f955dde27218d8d7829829dc257d43,0.259306,0.403906,4bb7f060af57a0e0240f59d45cd8a8dd1e385f00aebc7ac14648cebd2b8c1398,0607a52e628a5a6fb2b73c6d5c76f5bf40c9d8ac0740b245964ac36cdadda198,d7b3a7b7997f8867906c53ee1e7a0a238e229e2f47ab23e565136cb3c07d2425,c8bfda4357d23e5542cfad44a5fedadbcf949625f4eabcad1d0c633cd5b9b24d,67fbc4c3d55ebed2c3dcecafae9d99e5954fbcac46530a2e40d43bfa7bff9f26,lightgbm__fold_04__relaxation__67fbc4c3d55e
xgboost,single_window_features,1,371 features at EEG(t-10s),new_training,4,relaxation,16165,3682,43,10,a5f608b86ee9061617d36b1743ad601431f955dde27218d8d7829829dc257d43,0.259306,0.403906,4bb7f060af57a0e0240f59d45cd8a8dd1e385f00aebc7ac14648cebd2b8c1398,0607a52e628a5a6fb2b73c6d5c76f5bf40c9d8ac0740b245964ac36cdadda198,d7b3a7b7997f8867906c53ee1e7a0a238e229e2f47ab23e565136cb3c07d2425,c8bfda4357d23e5542cfad44a5fedadbcf949625f4eabcad1d0c633cd5b9b24d,e48eddab7bedfee747fac0f23f8dcf3b5b4f3d8cb704e70bf54f0ebffd5df6bb,xgboost__fold_04__relaxation__e48eddab7bed
torch_lstm,sequence_features,10,371-feature windows EEG(t-100s)..EEG(t-10s),reference_neural_robustness,4,relaxation,16165,3682,43,10,a5f608b86ee9061617d36b1743ad601431f955dde27218d8d7829829dc257d43,0.259306,0.403906,4bb7f060af57a0e0240f59d45cd8a8dd1e385f00aebc7ac14648cebd2b8c1398,0607a52e628a5a6fb2b73c6d5c76f5bf40c9d8ac0740b245964ac36cdadda198,d7b3a7b7997f8867906c53ee1e7a0a238e229e2f47ab23e565136cb3c07d2425,c8bfda4357d23e5542cfad44a5fedadbcf949625f4eabcad1d0c633cd5b9b24d,a029686e2d5e693e11809b7b246dbbed1e559fda37871700d556ddea10db29c8,torch_lstm__fold_04__relaxation__a029686e2d5e
torch_transformer,sequence_features,8,last 8 of common history: EEG(t-80s)..EEG(t-10s),new_training,4,relaxation,16165,3682,43,10,a5f608b86ee9061617d36b1743ad601431f955dde27218d8d7829829dc257d43,0.259306,0.403906,4bb7f060af57a0e0240f59d45cd8a8dd1e385f00aebc7ac14648cebd2b8c1398,0607a52e628a5a6fb2b73c6d5c76f5bf40c9d8ac0740b245964ac36cdadda198,d7b3a7b7997f8867906c53ee1e7a0a238e229e2f47ab23e565136cb3c07d2425,c8bfda4357d23e5542cfad44a5fedadbcf949625f4eabcad1d0c633cd5b9b24d,78561a5c280f47b0df896f3dcc1229c7183a18d43a9c5f5ae366a61eb57e9e52,torch_transformer__fold_04__relaxation__78561a5c280f
lightgbm,single_window_features,1,371 features at EEG(t-10s),new_training,4,interest,15959,3818,43,10,c4110c8ecd8ea7c835b8ea571bfeb6ad10ec8d02d986bd0e2c5b9a70c03e3241,0.4793536666666667,0.5286693333333333,5d2923d470ffaa6748a718e99a152912381719ae4ee5d010039063a0544cb306,81cfac1457b11c78cc03cfb00c7174d056a22f0c8cbaeb1b27a2cbbe9bf756c7,e5e91848a87cbeff3e6556e34dc338bc9818cc9eabbe5fb21b5f656dace18471,a73e32db033cff7f6401e281a7e8720fbe4caf0f2321e5867c1770368b2d1b7f,afc7da08624ba1c3747c445f9b9657711764f2ba721467b4028f4bdb58ef93d6,lightgbm__fold_04__interest__afc7da08624b
xgboost,single_window_features,1,371 features at EEG(t-10s),new_training,4,interest,15959,3818,43,10,c4110c8ecd8ea7c835b8ea571bfeb6ad10ec8d02d986bd0e2c5b9a70c03e3241,0.4793536666666667,0.5286693333333333,5d2923d470ffaa6748a718e99a152912381719ae4ee5d010039063a0544cb306,81cfac1457b11c78cc03cfb00c7174d056a22f0c8cbaeb1b27a2cbbe9bf756c7,e5e91848a87cbeff3e6556e34dc338bc9818cc9eabbe5fb21b5f656dace18471,a73e32db033cff7f6401e281a7e8720fbe4caf0f2321e5867c1770368b2d1b7f,b4c318f5ac8116c64b0d702b7ccfa2875d79f86d4bec2a144c4179466cefb5a5,xgboost__fold_04__interest__b4c318f5ac81
torch_lstm,sequence_features,10,371-feature windows EEG(t-100s)..EEG(t-10s),reference_neural_robustness,4,interest,15959,3818,43,10,c4110c8ecd8ea7c835b8ea571bfeb6ad10ec8d02d986bd0e2c5b9a70c03e3241,0.4793536666666667,0.5286693333333333,5d2923d470ffaa6748a718e99a152912381719ae4ee5d010039063a0544cb306,81cfac1457b11c78cc03cfb00c7174d056a22f0c8cbaeb1b27a2cbbe9bf756c7,e5e91848a87cbeff3e6556e34dc338bc9818cc9eabbe5fb21b5f656dace18471,a73e32db033cff7f6401e281a7e8720fbe4caf0f2321e5867c1770368b2d1b7f,561f7904dc037846c9c7c777b26a48320abc0bf5a292fb8be6ac066289179c6a,torch_lstm__fold_04__interest__561f7904dc03
torch_transformer,sequence_features,8,last 8 of common history: EEG(t-80s)..EEG(t-10s),new_training,4,interest,15959,3818,43,10,c4110c8ecd8ea7c835b8ea571bfeb6ad10ec8d02d986bd0e2c5b9a70c03e3241,0.4793536666666667,0.5286693333333333,5d2923d470ffaa6748a718e99a152912381719ae4ee5d010039063a0544cb306,81cfac1457b11c78cc03cfb00c7174d056a22f0c8cbaeb1b27a2cbbe9bf756c7,e5e91848a87cbeff3e6556e34dc338bc9818cc9eabbe5fb21b5f656dace18471,a73e32db033cff7f6401e281a7e8720fbe4caf0f2321e5867c1770368b2d1b7f,6d7bde9ee9f9b531ce9c2dd0d12f55c5733968a2b882d85b0fb907f40560b636,torch_transformer__fold_04__interest__6d7bde9ee9f9
lightgbm,single_window_features,1,371 features at EEG(t-10s),new_training,4,focus,15990,3603,43,10,bcbf7453b6c3768b7f4446c03f027f80397a24d1f0f54a82146b8fe6d4a67bdf,0.365106,0.46338333333333337,51f4c135e03d133dd3e4f09f27fbf49dadbcc59145e6b3e65abba4cfc6643b11,10634789403fe9879056ab2934a7f114987d6407dc097e00635256063ab2dc9c,8a1dd2e940097de663ed4311b845b7bca7cd79fe11dd5c0a7b48a04cf1df4fb8,6ddcbabc54e603c78ca8beb477f979929d7fc00e139e50341b54537e33a61135,8fb5fc3083113b0330bd6b562f69e75754b296f574a31195a75f5ded1c252a41,lightgbm__fold_04__focus__8fb5fc308311
xgboost,single_window_features,1,371 features at EEG(t-10s),new_training,4,focus,15990,3603,43,10,bcbf7453b6c3768b7f4446c03f027f80397a24d1f0f54a82146b8fe6d4a67bdf,0.365106,0.46338333333333337,51f4c135e03d133dd3e4f09f27fbf49dadbcc59145e6b3e65abba4cfc6643b11,10634789403fe9879056ab2934a7f114987d6407dc097e00635256063ab2dc9c,8a1dd2e940097de663ed4311b845b7bca7cd79fe11dd5c0a7b48a04cf1df4fb8,6ddcbabc54e603c78ca8beb477f979929d7fc00e139e50341b54537e33a61135,78788234dd8fdc122fbc47c8fa176263bda16b95b906889e1b8e10024d7e8021,xgboost__fold_04__focus__78788234dd8f
torch_lstm,sequence_features,10,371-feature windows EEG(t-100s)..EEG(t-10s),reference_neural_robustness,4,focus,15990,3603,43,10,bcbf7453b6c3768b7f4446c03f027f80397a24d1f0f54a82146b8fe6d4a67bdf,0.365106,0.46338333333333337,51f4c135e03d133dd3e4f09f27fbf49dadbcc59145e6b3e65abba4cfc6643b11,10634789403fe9879056ab2934a7f114987d6407dc097e00635256063ab2dc9c,8a1dd2e940097de663ed4311b845b7bca7cd79fe11dd5c0a7b48a04cf1df4fb8,6ddcbabc54e603c78ca8beb477f979929d7fc00e139e50341b54537e33a61135,726fa72d0a7ffac5a6986323bb32bed903411e93c35283649840c4e8fd2ee7ff,torch_lstm__fold_04__focus__726fa72d0a7f
torch_transformer,sequence_features,8,last 8 of common history: EEG(t-80s)..EEG(t-10s),new_training,4,focus,15990,3603,43,10,bcbf7453b6c3768b7f4446c03f027f80397a24d1f0f54a82146b8fe6d4a67bdf,0.365106,0.46338333333333337,51f4c135e03d133dd3e4f09f27fbf49dadbcc59145e6b3e65abba4cfc6643b11,10634789403fe9879056ab2934a7f114987d6407dc097e00635256063ab2dc9c,8a1dd2e940097de663ed4311b845b7bca7cd79fe11dd5c0a7b48a04cf1df4fb8,6ddcbabc54e603c78ca8beb477f979929d7fc00e139e50341b54537e33a61135,12980ee0fea3635351812ecf4e0af1a0b61f78d9a5d428d3cdfdc2c8b9663833,torch_transformer__fold_04__focus__12980ee0fea3
lightgbm,single_window_features,1,371 features at EEG(t-10s),new_training,5,attention,15382,3675,42,11,2f86d0e8c455b4f21168d0123e21d085836ed48610878f7e823e2e4fab91a878,0.408289,0.5064886666666667,2a7d1e561effeaad487783807e5137aa5a627e054dc3eb15d17293065b140333,4fa85c929baa151bcb1726093e4db9f1dfa05d8e7622177c07323ed7e59c039d,a273368325c296317c15debce95a30fbf459bd4ae72940a617e6fbe66d1abc16,e80f5f22dab88504b4f67d03c1b2687b07c3593031928c167454943badc1b717,1e4f872dbab56ba3acf407ec29d0e2bfc4ec96a5b4908293e77254a927c054a5,lightgbm__fold_05__attention__1e4f872dbab5
xgboost,single_window_features,1,371 features at EEG(t-10s),new_training,5,attention,15382,3675,42,11,2f86d0e8c455b4f21168d0123e21d085836ed48610878f7e823e2e4fab91a878,0.408289,0.5064886666666667,2a7d1e561effeaad487783807e5137aa5a627e054dc3eb15d17293065b140333,4fa85c929baa151bcb1726093e4db9f1dfa05d8e7622177c07323ed7e59c039d,a273368325c296317c15debce95a30fbf459bd4ae72940a617e6fbe66d1abc16,e80f5f22dab88504b4f67d03c1b2687b07c3593031928c167454943badc1b717,0f9ce2d0c25105f9d7d26d01e88d70e20bfe22d66f91dd01f1eb1b8036b35fed,xgboost__fold_05__attention__0f9ce2d0c251
torch_lstm,sequence_features,10,371-feature windows EEG(t-100s)..EEG(t-10s),reference_neural_robustness,5,attention,15382,3675,42,11,2f86d0e8c455b4f21168d0123e21d085836ed48610878f7e823e2e4fab91a878,0.408289,0.5064886666666667,2a7d1e561effeaad487783807e5137aa5a627e054dc3eb15d17293065b140333,4fa85c929baa151bcb1726093e4db9f1dfa05d8e7622177c07323ed7e59c039d,a273368325c296317c15debce95a30fbf459bd4ae72940a617e6fbe66d1abc16,e80f5f22dab88504b4f67d03c1b2687b07c3593031928c167454943badc1b717,25a910c47bc6228a1271ba3a2c8707ec236294a59e069b0f1f57f459fa9f32b9,torch_lstm__fold_05__attention__25a910c47bc6
torch_transformer,sequence_features,8,last 8 of common history: EEG(t-80s)..EEG(t-10s),new_training,5,attention,15382,3675,42,11,2f86d0e8c455b4f21168d0123e21d085836ed48610878f7e823e2e4fab91a878,0.408289,0.5064886666666667,2a7d1e561effeaad487783807e5137aa5a627e054dc3eb15d17293065b140333,4fa85c929baa151bcb1726093e4db9f1dfa05d8e7622177c07323ed7e59c039d,a273368325c296317c15debce95a30fbf459bd4ae72940a617e6fbe66d1abc16,e80f5f22dab88504b4f67d03c1b2687b07c3593031928c167454943badc1b717,5fc0023d3a05c359603fd7b6bd8eb83d8c79428d81b8106c3ef1b74e323b8d63,torch_transformer__fold_05__attention__5fc0023d3a05
lightgbm,single_window_features,1,371 features at EEG(t-10s),new_training,5,engagement,15793,4056,42,11,fd819c1414dbc4a71c004ee2f223fde45d23c5e1a929dfb308519bdd81be5cc8,0.5812246666666667,0.6832976666666667,7b80cca84fb23604d37d1b190926c28cf9e422d406b04f037e535cc0d2d0c557,87f1575b35a3ffd9a6bb7985b6b487620e2f123c50f9b68dfc18f29615d95b79,9b32b2cd03c230388808f95c52b7daf741decbc9be074a4f058c3b25f46b0629,5acd71adbc2a88743e53e77afa7bb1c463f4d7b00b762131054bc391ee5cef29,94ce5371fdc1d3af5f846bc4cc1b26bfe87aef51e5e3ef5e9d050445fdc4adcd,lightgbm__fold_05__engagement__94ce5371fdc1
xgboost,single_window_features,1,371 features at EEG(t-10s),new_training,5,engagement,15793,4056,42,11,fd819c1414dbc4a71c004ee2f223fde45d23c5e1a929dfb308519bdd81be5cc8,0.5812246666666667,0.6832976666666667,7b80cca84fb23604d37d1b190926c28cf9e422d406b04f037e535cc0d2d0c557,87f1575b35a3ffd9a6bb7985b6b487620e2f123c50f9b68dfc18f29615d95b79,9b32b2cd03c230388808f95c52b7daf741decbc9be074a4f058c3b25f46b0629,5acd71adbc2a88743e53e77afa7bb1c463f4d7b00b762131054bc391ee5cef29,cc95c8e1e038e1c300cb6de98b166e5ce9117762dc2fe81b538d35449526bd72,xgboost__fold_05__engagement__cc95c8e1e038
torch_lstm,sequence_features,10,371-feature windows EEG(t-100s)..EEG(t-10s),reference_neural_robustness,5,engagement,15793,4056,42,11,fd819c1414dbc4a71c004ee2f223fde45d23c5e1a929dfb308519bdd81be5cc8,0.5812246666666667,0.6832976666666667,7b80cca84fb23604d37d1b190926c28cf9e422d406b04f037e535cc0d2d0c557,87f1575b35a3ffd9a6bb7985b6b487620e2f123c50f9b68dfc18f29615d95b79,9b32b2cd03c230388808f95c52b7daf741decbc9be074a4f058c3b25f46b0629,5acd71adbc2a88743e53e77afa7bb1c463f4d7b00b762131054bc391ee5cef29,10253ee7e1792255bd6c48868a498cc34d0f3381d5e559b0038b64598c9afdae,torch_lstm__fold_05__engagement__10253ee7e179
torch_transformer,sequence_features,8,last 8 of common history: EEG(t-80s)..EEG(t-10s),new_training,5,engagement,15793,4056,42,11,fd819c1414dbc4a71c004ee2f223fde45d23c5e1a929dfb308519bdd81be5cc8,0.5812246666666667,0.6832976666666667,7b80cca84fb23604d37d1b190926c28cf9e422d406b04f037e535cc0d2d0c557,87f1575b35a3ffd9a6bb7985b6b487620e2f123c50f9b68dfc18f29615d95b79,9b32b2cd03c230388808f95c52b7daf741decbc9be074a4f058c3b25f46b0629,5acd71adbc2a88743e53e77afa7bb1c463f4d7b00b762131054bc391ee5cef29,ebad483b9def617def2fb72f9d9a38334e071a087380a60c39379a4a0e440579,torch_transformer__fold_05__engagement__ebad483b9def
lightgbm,single_window_features,1,371 features at EEG(t-10s),new_training,5,excitement,15980,3746,42,11,e83502bfb241187a15bbe01f2a2df8a2dcfd119976c2c47635b1515b95a004a5,0.196205,0.361125,3317afb7154742b2ef541993dcd9841fa46ec0823b0a58a5437692fd31f8d8e9,1aba059c379a70f8e0e66ec883a401f537fcc5489d79ec87d78a15173d3f7613,914222f44b0c63b6b4e0552899df314d51aeb4980f27a1672a600aa692fddb58,679d17955dec14a690ed9ede2385903667feffe54a346a32a024110fb439f9a8,93ce096bcd283367525d6fd5b36ee8ab1d3370462fe778867e903cc0f4149865,lightgbm__fold_05__excitement__93ce096bcd28
xgboost,single_window_features,1,371 features at EEG(t-10s),new_training,5,excitement,15980,3746,42,11,e83502bfb241187a15bbe01f2a2df8a2dcfd119976c2c47635b1515b95a004a5,0.196205,0.361125,3317afb7154742b2ef541993dcd9841fa46ec0823b0a58a5437692fd31f8d8e9,1aba059c379a70f8e0e66ec883a401f537fcc5489d79ec87d78a15173d3f7613,914222f44b0c63b6b4e0552899df314d51aeb4980f27a1672a600aa692fddb58,679d17955dec14a690ed9ede2385903667feffe54a346a32a024110fb439f9a8,ac62f37f12a24ce09c11d061c537164ee0e311893f71bfb05bb19e73807cb70f,xgboost__fold_05__excitement__ac62f37f12a2
torch_lstm,sequence_features,10,371-feature windows EEG(t-100s)..EEG(t-10s),reference_neural_robustness,5,excitement,15980,3746,42,11,e83502bfb241187a15bbe01f2a2df8a2dcfd119976c2c47635b1515b95a004a5,0.196205,0.361125,3317afb7154742b2ef541993dcd9841fa46ec0823b0a58a5437692fd31f8d8e9,1aba059c379a70f8e0e66ec883a401f537fcc5489d79ec87d78a15173d3f7613,914222f44b0c63b6b4e0552899df314d51aeb4980f27a1672a600aa692fddb58,679d17955dec14a690ed9ede2385903667feffe54a346a32a024110fb439f9a8,d52f8eeda1509473cb5add8007523b0815e2c2456587b7d8e05a7eb99feb65a0,torch_lstm__fold_05__excitement__d52f8eeda150
torch_transformer,sequence_features,8,last 8 of common history: EEG(t-80s)..EEG(t-10s),new_training,5,excitement,15980,3746,42,11,e83502bfb241187a15bbe01f2a2df8a2dcfd119976c2c47635b1515b95a004a5,0.196205,0.361125,3317afb7154742b2ef541993dcd9841fa46ec0823b0a58a5437692fd31f8d8e9,1aba059c379a70f8e0e66ec883a401f537fcc5489d79ec87d78a15173d3f7613,914222f44b0c63b6b4e0552899df314d51aeb4980f27a1672a600aa692fddb58,679d17955dec14a690ed9ede2385903667feffe54a346a32a024110fb439f9a8,10d2125dd93e80e87c48c10910663b6ef3952a2c07cead95c825464befc5edee,torch_transformer__fold_05__excitement__10d2125dd93e
lightgbm,single_window_features,1,371 features at EEG(t-10s),new_training,5,stress,15836,4168,42,11,f830184ed4091f7c1893003e91eb518737ed15e8b5f007bf46bf30fa7cf23cdb,0.4021516666666667,0.4598493333333333,a943e3acf45ad3900024ab76367962b8f0c2a1147f783e65c6a1decc00c41e3b,a345bbdf52f4a3d0ffd186f0934f8c664b2f7f3b385058a1cb7010bbe0cbd901,f53f395b8aed3fcc6b60b7642cf32cac9cedb5e388f9eaac4acdd6b30e33c884,8b2e0f9ddda74527036b9cbbf6ab83e6817d71f0d3cc47bc921161849f3efe31,d66bd2a9ea0cb87f6888b24ee8e3a10b8399c36abfeceaedac647c0e23f71d7e,lightgbm__fold_05__stress__d66bd2a9ea0c
xgboost,single_window_features,1,371 features at EEG(t-10s),new_training,5,stress,15836,4168,42,11,f830184ed4091f7c1893003e91eb518737ed15e8b5f007bf46bf30fa7cf23cdb,0.4021516666666667,0.4598493333333333,a943e3acf45ad3900024ab76367962b8f0c2a1147f783e65c6a1decc00c41e3b,a345bbdf52f4a3d0ffd186f0934f8c664b2f7f3b385058a1cb7010bbe0cbd901,f53f395b8aed3fcc6b60b7642cf32cac9cedb5e388f9eaac4acdd6b30e33c884,8b2e0f9ddda74527036b9cbbf6ab83e6817d71f0d3cc47bc921161849f3efe31,00b3d0b8294ccb8b296899ec576ee467934de23940810462e51b1cff1e38904d,xgboost__fold_05__stress__00b3d0b8294c
torch_lstm,sequence_features,10,371-feature windows EEG(t-100s)..EEG(t-10s),reference_neural_robustness,5,stress,15836,4168,42,11,f830184ed4091f7c1893003e91eb518737ed15e8b5f007bf46bf30fa7cf23cdb,0.4021516666666667,0.4598493333333333,a943e3acf45ad3900024ab76367962b8f0c2a1147f783e65c6a1decc00c41e3b,a345bbdf52f4a3d0ffd186f0934f8c664b2f7f3b385058a1cb7010bbe0cbd901,f53f395b8aed3fcc6b60b7642cf32cac9cedb5e388f9eaac4acdd6b30e33c884,8b2e0f9ddda74527036b9cbbf6ab83e6817d71f0d3cc47bc921161849f3efe31,8b9ae4668e60995dcd5cf4d5abf8c557cb698f7279a2fc96c520ae81d6a1f236,torch_lstm__fold_05__stress__8b9ae4668e60
torch_transformer,sequence_features,8,last 8 of common history: EEG(t-80s)..EEG(t-10s),new_training,5,stress,15836,4168,42,11,f830184ed4091f7c1893003e91eb518737ed15e8b5f007bf46bf30fa7cf23cdb,0.4021516666666667,0.4598493333333333,a943e3acf45ad3900024ab76367962b8f0c2a1147f783e65c6a1decc00c41e3b,a345bbdf52f4a3d0ffd186f0934f8c664b2f7f3b385058a1cb7010bbe0cbd901,f53f395b8aed3fcc6b60b7642cf32cac9cedb5e388f9eaac4acdd6b30e33c884,8b2e0f9ddda74527036b9cbbf6ab83e6817d71f0d3cc47bc921161849f3efe31,072e560a433365f56c260d046e1c572a9ccd62bae2de90657ef1a509c5b09f92,torch_transformer__fold_05__stress__072e560a4333
lightgbm,single_window_features,1,371 features at EEG(t-10s),new_training,5,relaxation,16049,4059,42,11,a638d2bb20962ed825b35f176b1a4005a8304bfc01370b1636d6ce403b817a6a,0.256914,0.3938446666666667,fa3860f8e9536c99113588b43cf85d95914a028e33991597f8f7abe69e33df27,b84237f379d804a62498ef2950f960f1fcb39d08de9989d97f60fe6e558070b3,d07e81edd1058ff00a1635b776149e1c450603a62ebded465881b28b9adc88f3,8810fcade6d6ba771422a9262e2ea0c3121fd5701cb5cb3c3e937e359b2c5c78,8f643ada5ec3fec113905ff0b725835c38ee1a561ed0586e36b7d354b0404fc1,lightgbm__fold_05__relaxation__8f643ada5ec3
xgboost,single_window_features,1,371 features at EEG(t-10s),new_training,5,relaxation,16049,4059,42,11,a638d2bb20962ed825b35f176b1a4005a8304bfc01370b1636d6ce403b817a6a,0.256914,0.3938446666666667,fa3860f8e9536c99113588b43cf85d95914a028e33991597f8f7abe69e33df27,b84237f379d804a62498ef2950f960f1fcb39d08de9989d97f60fe6e558070b3,d07e81edd1058ff00a1635b776149e1c450603a62ebded465881b28b9adc88f3,8810fcade6d6ba771422a9262e2ea0c3121fd5701cb5cb3c3e937e359b2c5c78,f001e907b734e15053607d8232506582a4e9b2423d36ae13a03f61c2f34290bc,xgboost__fold_05__relaxation__f001e907b734
torch_lstm,sequence_features,10,371-feature windows EEG(t-100s)..EEG(t-10s),reference_neural_robustness,5,relaxation,16049,4059,42,11,a638d2bb20962ed825b35f176b1a4005a8304bfc01370b1636d6ce403b817a6a,0.256914,0.3938446666666667,fa3860f8e9536c99113588b43cf85d95914a028e33991597f8f7abe69e33df27,b84237f379d804a62498ef2950f960f1fcb39d08de9989d97f60fe6e558070b3,d07e81edd1058ff00a1635b776149e1c450603a62ebded465881b28b9adc88f3,8810fcade6d6ba771422a9262e2ea0c3121fd5701cb5cb3c3e937e359b2c5c78,e63036751be9cbb106ef6f4c634cff4a26624dc121a9343ceec0ecc040b10997,torch_lstm__fold_05__relaxation__e63036751be9
torch_transformer,sequence_features,8,last 8 of common history: EEG(t-80s)..EEG(t-10s),new_training,5,relaxation,16049,4059,42,11,a638d2bb20962ed825b35f176b1a4005a8304bfc01370b1636d6ce403b817a6a,0.256914,0.3938446666666667,fa3860f8e9536c99113588b43cf85d95914a028e33991597f8f7abe69e33df27,b84237f379d804a62498ef2950f960f1fcb39d08de9989d97f60fe6e558070b3,d07e81edd1058ff00a1635b776149e1c450603a62ebded465881b28b9adc88f3,8810fcade6d6ba771422a9262e2ea0c3121fd5701cb5cb3c3e937e359b2c5c78,9f2ba0caa85acee321e82aeaf9c12491b3efa8ee7334bbbf6ef94aa13cca3001,torch_transformer__fold_05__relaxation__9f2ba0caa85a
lightgbm,single_window_features,1,371 features at EEG(t-10s),new_training,5,interest,15858,3595,42,11,df1d4a9a8a978ee0e3bcd8ba820067c8fc420fd3f5f02f8d6b88fa7e63bbaac1,0.47852433333333333,0.529754,e7f5119708193b9b96b45280d7040f6cee1ed6730ed51a0ed6d7880f0b7b3393,2dc745550248ca3d5d0222c38887456f0048575f473a10d25c07881a35c99224,c324e73f6748a6c907022dd21d8b8300f84fef6e6020a3d49597acf766f2845c,bb1a3a69cff6fda38205fd9aed18ab63a4f69d23da16db634813c2f014f16fcf,ca695badcdc0f871815718ed26c39017da4b4b945dbedb8b617294595a05af29,lightgbm__fold_05__interest__ca695badcdc0
xgboost,single_window_features,1,371 features at EEG(t-10s),new_training,5,interest,15858,3595,42,11,df1d4a9a8a978ee0e3bcd8ba820067c8fc420fd3f5f02f8d6b88fa7e63bbaac1,0.47852433333333333,0.529754,e7f5119708193b9b96b45280d7040f6cee1ed6730ed51a0ed6d7880f0b7b3393,2dc745550248ca3d5d0222c38887456f0048575f473a10d25c07881a35c99224,c324e73f6748a6c907022dd21d8b8300f84fef6e6020a3d49597acf766f2845c,bb1a3a69cff6fda38205fd9aed18ab63a4f69d23da16db634813c2f014f16fcf,dcca45f36322ef6b37ac0be0cb38d18130ad495d9bc01be4dc9e8437e846c852,xgboost__fold_05__interest__dcca45f36322
torch_lstm,sequence_features,10,371-feature windows EEG(t-100s)..EEG(t-10s),reference_neural_robustness,5,interest,15858,3595,42,11,df1d4a9a8a978ee0e3bcd8ba820067c8fc420fd3f5f02f8d6b88fa7e63bbaac1,0.47852433333333333,0.529754,e7f5119708193b9b96b45280d7040f6cee1ed6730ed51a0ed6d7880f0b7b3393,2dc745550248ca3d5d0222c38887456f0048575f473a10d25c07881a35c99224,c324e73f6748a6c907022dd21d8b8300f84fef6e6020a3d49597acf766f2845c,bb1a3a69cff6fda38205fd9aed18ab63a4f69d23da16db634813c2f014f16fcf,e258716b35af81fce6626c98eca84d6af7d99c2923f5d6c51e88ea9113b2cac9,torch_lstm__fold_05__interest__e258716b35af
torch_transformer,sequence_features,8,last 8 of common history: EEG(t-80s)..EEG(t-10s),new_training,5,interest,15858,3595,42,11,df1d4a9a8a978ee0e3bcd8ba820067c8fc420fd3f5f02f8d6b88fa7e63bbaac1,0.47852433333333333,0.529754,e7f5119708193b9b96b45280d7040f6cee1ed6730ed51a0ed6d7880f0b7b3393,2dc745550248ca3d5d0222c38887456f0048575f473a10d25c07881a35c99224,c324e73f6748a6c907022dd21d8b8300f84fef6e6020a3d49597acf766f2845c,bb1a3a69cff6fda38205fd9aed18ab63a4f69d23da16db634813c2f014f16fcf,909ff93ae4ba7e0f1c460fa7c4dda454e6135f6b475ade973f3f029bf99136ce,torch_transformer__fold_05__interest__909ff93ae4ba
lightgbm,single_window_features,1,371 features at EEG(t-10s),new_training,5,focus,15923,3573,42,11,d1251c35ecfb7ccdf7b0d7e26663f103bb7b943f31fc83ad844ddbed424760ce,0.367191,0.4675926666666666,a36d91760f027769f11697e1a86b46081646285107362e31bca8fc08923eade2,875f2b7a50dd4534041a99400f9fbf92de681283546d716970f7db6b706110e8,4204ec11b51e357bd497021363341a70d1bf172711edb1a875aa7bfd2159abd4,772bf6ae41bce579ce6641c9226ed5c88dccab3b3a29d9ea2d361bae5103980a,f7b954769d6b8983a38925e30aa7f0696793f2a8656f3d41b35072ce89ac148d,lightgbm__fold_05__focus__f7b954769d6b
xgboost,single_window_features,1,371 features at EEG(t-10s),new_training,5,focus,15923,3573,42,11,d1251c35ecfb7ccdf7b0d7e26663f103bb7b943f31fc83ad844ddbed424760ce,0.367191,0.4675926666666666,a36d91760f027769f11697e1a86b46081646285107362e31bca8fc08923eade2,875f2b7a50dd4534041a99400f9fbf92de681283546d716970f7db6b706110e8,4204ec11b51e357bd497021363341a70d1bf172711edb1a875aa7bfd2159abd4,772bf6ae41bce579ce6641c9226ed5c88dccab3b3a29d9ea2d361bae5103980a,666d779da44ff9da861cabde3a2ccf6ea53b1c814992e6425d072ca3e37aa083,xgboost__fold_05__focus__666d779da44f
torch_lstm,sequence_features,10,371-feature windows EEG(t-100s)..EEG(t-10s),reference_neural_robustness,5,focus,15923,3573,42,11,d1251c35ecfb7ccdf7b0d7e26663f103bb7b943f31fc83ad844ddbed424760ce,0.367191,0.4675926666666666,a36d91760f027769f11697e1a86b46081646285107362e31bca8fc08923eade2,875f2b7a50dd4534041a99400f9fbf92de681283546d716970f7db6b706110e8,4204ec11b51e357bd497021363341a70d1bf172711edb1a875aa7bfd2159abd4,772bf6ae41bce579ce6641c9226ed5c88dccab3b3a29d9ea2d361bae5103980a,a58e73645da5733e600b30444f5dfe3dc09be39b52dfb51e6ebbcf4fdcff5d26,torch_lstm__fold_05__focus__a58e73645da5
torch_transformer,sequence_features,8,last 8 of common history: EEG(t-80s)..EEG(t-10s),new_training,5,focus,15923,3573,42,11,d1251c35ecfb7ccdf7b0d7e26663f103bb7b943f31fc83ad844ddbed424760ce,0.367191,0.4675926666666666,a36d91760f027769f11697e1a86b46081646285107362e31bca8fc08923eade2,875f2b7a50dd4534041a99400f9fbf92de681283546d716970f7db6b706110e8,4204ec11b51e357bd497021363341a70d1bf172711edb1a875aa7bfd2159abd4,772bf6ae41bce579ce6641c9226ed5c88dccab3b3a29d9ea2d361bae5103980a,a0eafa43320e41acba9b70845d3aaa513fcf89ecd56a17e239d9ef18db8bb306,torch_transformer__fold_05__focus__a0eafa43320e
