status,result_status,protocol_hash,specification_hash,threshold_hash,run_id,outer_fold,pm,target_id,condition,lag_seconds,q_low,q_high,n_train,n_test,n_test_participants,training_time_seconds,participant_macro_balanced_accuracy,participant_valid_balanced_accuracy,participant_macro_f1,participant_valid_f1,participant_macro_roc_auc,participant_valid_roc_auc,participant_macro_pr_auc,participant_valid_pr_auc,participant_macro_low_recall,participant_valid_low_recall,participant_macro_high_recall,participant_valid_high_recall,participant_macro_precision,participant_valid_precision,participant_macro_accuracy,participant_valid_accuracy,model,estimator,model_params_hash
complete,confirmatory,ac07a43b2554a2f178e9a63e28a1462cee253d613f122516e26ac0dcfe6c7431,b3ff10d8fa31233bdec9d37dbf6b909b353a608495d83e16f70ddaf0f5409218,40889ed77c7a49254028614aa69c424c2355cbd1baaed50dc47082b1864510f7,fold_01__attention__low_high__b3ff10d8fa31,1,attention,target_attention,lag_minus_10s,-10,0.4064083333333333,0.5057536666666667,15241,4275,11,4.249557900009677,0.717536152756545,11,0.6708424050651906,11,0.8534022944202992,11,0.8636367735875777,11,0.733533942642648,11,0.7015383628704421,11,0.7438746115683206,11,0.6887244419737232,11,xgboost,,
complete,confirmatory,ac07a43b2554a2f178e9a63e28a1462cee253d613f122516e26ac0dcfe6c7431,c284173fb0416d9551c9c52049b6d177b9bf90904cf2698a0fe114f4e1fc8a02,7d374ea6928381e1ee56d96473fa6567757f8df43407f81bbd24c398d82e419e,fold_01__engagement__low_high__c284173fb041,1,engagement,target_engagement,lag_minus_10s,-10,0.5800476666666666,0.6855443333333333,15934,4556,11,4.26743819998228,0.7252264469797326,11,0.727760973963512,11,0.8433571930955778,11,0.8375064988327139,11,0.7348321556702003,11,0.715620738289265,11,0.7775935488980665,11,0.7689034943090121,11,xgboost,,
complete,confirmatory,ac07a43b2554a2f178e9a63e28a1462cee253d613f122516e26ac0dcfe6c7431,17e0284902f2c93083b6984a8385075db4d55246475b3a01525df7541649b8d0,f13db677a8358b59d7e0528258ba7ff9bf95b5314741ce39a724cf74d183ddaa,fold_01__excitement__low_high__17e0284902f2,1,excitement,target_excitement,lag_minus_10s,-10,0.198928,0.3627136666666666,15941,4710,11,3.6743762999831233,0.8320831997677488,11,0.7904236773064427,11,0.9473308059907432,11,0.9302694189051944,11,0.7643251383834716,11,0.8998412611520265,11,0.8121791285768178,11,0.8247359623818863,11,xgboost,,
complete,confirmatory,ac07a43b2554a2f178e9a63e28a1462cee253d613f122516e26ac0dcfe6c7431,a3ec652599bf61ac3397ff0413626301acdbeb814a746fc1e16d08e4e3a81b7b,7d71bb99b3a559d0df0aa3bf8b195bafc98a0dd046a82039a430a2fa4892b0d0,fold_01__focus__low_high__a3ec652599bf,1,focus,target_focus,lag_minus_10s,-10,0.368801,0.4654386666666666,15934,4745,11,4.173382700013463,0.7005744703340785,11,0.6257932197614262,11,0.8020551055706965,11,0.7540212909972912,11,0.641015456370732,11,0.7601334842974249,11,0.6794981175526911,11,0.6899402581819316,11,xgboost,,
complete,confirmatory,ac07a43b2554a2f178e9a63e28a1462cee253d613f122516e26ac0dcfe6c7431,6ac44cd38f8f7068950f290eceeee1a565879e110125898f92348a448c6531ae,bd39db4c19d9f742cb059d0566f550cf160821412eeb67d3cc0780042dbd7317,fold_01__interest__low_high__6ac44cd38f8f,1,interest,target_interest,lag_minus_10s,-10,0.480751,0.5305233333333333,15927,4692,11,4.001080800022464,0.6780051306124927,11,0.6438107174311395,11,0.796234161960755,11,0.7641395212028244,11,0.6897263360371827,11,0.6662839251878028,11,0.7347637004856167,11,0.668727300009543,11,xgboost,,
complete,confirmatory,ac07a43b2554a2f178e9a63e28a1462cee253d613f122516e26ac0dcfe6c7431,61e125142f4b4cd5d284d4b4a355dffe33df3b401270114c76f9f3c0aaf27b1d,38b0c29f91cf04074516bcbbf6cf6e9362b22718f7ac54fdbe5adf6de43d5d14,fold_01__relaxation__low_high__61e125142f4b,1,relaxation,target_relaxation,lag_minus_10s,-10,0.2566239999999999,0.3923079999999999,15947,4860,11,4.030549099989003,0.7396412613633704,11,0.7191591822706692,11,0.9117308138200518,11,0.918859437960747,11,0.641627785755031,11,0.8376547369717099,11,0.8379762893842126,11,0.7837943938494246,11,xgboost,,
complete,confirmatory,ac07a43b2554a2f178e9a63e28a1462cee253d613f122516e26ac0dcfe6c7431,9b0756711fe948a3e6392e555d42f2295684f2d7d0a77d1a1f73dfda352e78bf,bc3be14a13e7a39ebeab010389e1c408e3b117b37aecad2317d7955676362ffa,fold_01__stress__low_high__9b0756711fe9,1,stress,target_stress,lag_minus_10s,-10,0.4029856666666667,0.461275,15924,4905,11,3.9877641999919433,0.6880323670761403,11,0.6491124125436422,11,0.8273677425553564,11,0.8042986100365521,11,0.6638751647919134,11,0.7121895693603675,11,0.7307999477524962,11,0.6815754654459105,11,xgboost,,
complete,confirmatory,ac07a43b2554a2f178e9a63e28a1462cee253d613f122516e26ac0dcfe6c7431,729e0e78d3f09ee42f16977af57079abc2f95d3f86ad1866c9bf930ad3e886d2,05b80bfaecd22890a7e360375d08013c2763762bc191dded6a0bbd75f29be07f,fold_02__attention__low_high__729e0e78d3f0,2,attention,target_attention,lag_minus_10s,-10,0.409755,0.5089703333333333,15830,3758,10,4.136980799987214,0.704032855386117,10,0.6709189388421669,10,0.8569934985698786,10,0.8401398738261087,10,0.6552145657577132,10,0.7528511450145209,10,0.7796711372779529,10,0.7239243145861971,10,xgboost,,
complete,confirmatory,ac07a43b2554a2f178e9a63e28a1462cee253d613f122516e26ac0dcfe6c7431,1a246c8b53f357dfd99e0fe9338bb345366900f9514d4f7772db13cc884552a4,96921223f37aee74e8576505e04d8d93656b6d22365a8c1e79d1aadc606e3780,fold_02__engagement__low_high__1a246c8b53f3,2,engagement,target_engagement,lag_minus_10s,-10,0.572122,0.682083,16404,3812,10,4.170316500007175,0.7538314799435291,10,0.7486317879123053,10,0.8691618931693877,10,0.9224861265647948,10,0.6999958644209889,10,0.8076670954660694,10,0.7883615510335497,10,0.8010588429152907,10,xgboost,,
complete,confirmatory,ac07a43b2554a2f178e9a63e28a1462cee253d613f122516e26ac0dcfe6c7431,149429db7a0ac8a20273407ae7c23e8f3a149d02792ca9ba43fc661303017d23,8cf290447cc76b4db2bf7811a784e38768237f66e910c108ea9bd99fce1b2673,fold_02__excitement__low_high__149429db7a0a,2,excitement,target_excitement,lag_minus_10s,-10,0.194812,0.357134,16414,4099,11,3.783397699997295,0.8812448791064825,11,0.7998942119160639,11,0.9543962628478136,10,0.9457752834366374,10,0.8804571816971215,11,0.8702358341674279,10,0.8023564687531569,11,0.8722983647745955,11,xgboost,,
complete,confirmatory,ac07a43b2554a2f178e9a63e28a1462cee253d613f122516e26ac0dcfe6c7431,7ff92501bf9c14edec2a3ceb130cde40231787e35058fe1bf2966a212932c14f,74e34c54e7221dc6ee613f5b9c86caff220ef215c764f9f3f1457db68a376147,fold_02__focus__low_high__7ff92501bf9c,2,focus,target_focus,lag_minus_10s,-10,0.364693,0.460551,16408,4177,11,5.391281699994579,0.7243966896300754,11,0.6811878337788229,11,0.8343981167564329,10,0.7686632874263493,10,0.7205853466412312,11,0.7510288358808117,10,0.703867579888588,11,0.7641757948810038,11,xgboost,,
complete,confirmatory,ac07a43b2554a2f178e9a63e28a1462cee253d613f122516e26ac0dcfe6c7431,5b27fb2025dac3b5b940300317d5d00ea2f18aa7dc136397d2121651d47bf077,a6f226a94e84838366c4cf62d5dbcdfa343d2e4317631dc9cd843403760f8fb3,fold_02__interest__low_high__5b27fb2025da,2,interest,target_interest,lag_minus_10s,-10,0.47714,0.52968,16405,3629,11,5.5073301999946125,0.8007086200716621,11,0.7326379129110069,11,0.8900249860743259,10,0.9080619966643566,10,0.7715065712361799,11,0.8129017357978585,10,0.7642989309532573,11,0.7874803077366828,11,xgboost,,
complete,confirmatory,ac07a43b2554a2f178e9a63e28a1462cee253d613f122516e26ac0dcfe6c7431,8bbc62e51c4dc757c3bd700f8f8404e35bcde4ef30e917c28d94723e5eb73096,7656df549309178054e578a36ceed79ea658632f163e5e508467b9011bdaa756,fold_02__relaxation__low_high__8bbc62e51c4d,2,relaxation,target_relaxation,lag_minus_10s,-10,0.256714,0.404291,16429,3787,11,5.137996999983443,0.8536589474230104,11,0.7921285189217577,11,0.9409170598447154,10,0.9249750726496612,10,0.8631514838310506,11,0.8285830521164673,10,0.807313614073826,11,0.8464516695363679,11,xgboost,,
complete,confirmatory,ac07a43b2554a2f178e9a63e28a1462cee253d613f122516e26ac0dcfe6c7431,447d7b3e9774b22172ef1373f1b8fd2960d631b7f0ee4e9bb47375e8a827da3e,f31c8981acf165f01f66cc01c4f2b2d6927c370f1a035493f12dece19b93ba49,fold_02__stress__low_high__447d7b3e9774,2,stress,target_stress,lag_minus_10s,-10,0.396448,0.461981,16401,3382,11,3.9465441000065766,0.7558764283360957,11,0.707206615370653,11,0.89200377577599,10,0.9258924385918996,10,0.7281520868114957,11,0.811960846846765,10,0.7609826916432805,11,0.7475470941708854,11,xgboost,,
complete,confirmatory,ac07a43b2554a2f178e9a63e28a1462cee253d613f122516e26ac0dcfe6c7431,be7ca99410618a95e78fa7b16cb1144899b834e4d532c6aa84d95de414544727,d9fe93c98329da3f22770036d5d5bcc1723fbbfb61707901d1eaef4a7001f95d,fold_03__attention__low_high__be7ca9941061,3,attention,target_attention,lag_minus_10s,-10,0.407012,0.50364,15726,4019,11,4.697574799996801,0.7109075250704614,11,0.6835147192744784,11,0.854769650249196,11,0.8708338019937323,11,0.6795177808262568,11,0.7422972693146659,11,0.7595758865426263,11,0.7240265571767508,11,xgboost,,
complete,confirmatory,ac07a43b2554a2f178e9a63e28a1462cee253d613f122516e26ac0dcfe6c7431,b1e21aa6e0ccc6542b6b9f9eda92aa81516df2f78357eb56303cc252d9ea7eff,a74a573473ef95d46567294f0aa220d0bd8b428d9a9120f4a96756b0c84d9f51,fold_03__engagement__low_high__b1e21aa6e0cc,3,engagement,target_engagement,lag_minus_10s,-10,0.5875743333333333,0.689116,16515,4210,11,5.565002499992261,0.7414453846670548,11,0.7320994237655968,11,0.8584403701728184,11,0.7969119384858441,11,0.6908710855410232,11,0.7920196837930866,11,0.7852557870189693,11,0.7731475466888754,11,xgboost,,
complete,confirmatory,ac07a43b2554a2f178e9a63e28a1462cee253d613f122516e26ac0dcfe6c7431,5f83f5edccbb42bb85daaab493d18f9c5963f3cd2445629710f9a95262bed6d2,fa418d56645cfa9ab67032bef122ddca9f2bf2af811172bdbe6b172d6197f493,fold_03__excitement__low_high__5f83f5edccbb,3,excitement,target_excitement,lag_minus_10s,-10,0.1937913333333333,0.3569593333333332,16517,3925,11,4.627385500003584,0.8046671611985162,11,0.7870610955039048,11,0.9205321885353078,11,0.9350021726482542,11,0.8651662467087532,11,0.7441680756882796,11,0.8282781990427062,11,0.8039658728784544,11,xgboost,,
complete,confirmatory,ac07a43b2554a2f178e9a63e28a1462cee253d613f122516e26ac0dcfe6c7431,d1315fa195d271aff609ea0514b9bdb3654ff029e19295c500561a2b7bbc2628,0c7365a9f52cdea7f5ff5bd02009df8f23994345c83ad7446745f49568834711,fold_03__focus__low_high__d1315fa195d2,3,focus,target_focus,lag_minus_10s,-10,0.3654773333333333,0.4615283333333332,16512,4090,11,5.259204300004058,0.6962724232823496,11,0.674381379961687,11,0.824507161479793,11,0.8222803394852332,11,0.7057863012858067,11,0.6867585452788924,11,0.7411741147795969,11,0.7416168939701214,11,xgboost,,
complete,confirmatory,ac07a43b2554a2f178e9a63e28a1462cee253d613f122516e26ac0dcfe6c7431,ac54d051ee319b9b4f863e9ae1086fef7678b21088ccab2b23519665c6ef99a9,3bcb6d908dca29ca782906a4f9f4eb0ea8493afdf7dc53a3c5de50526bd55ffb,fold_03__interest__low_high__ac54d051ee31,3,interest,target_interest,lag_minus_10s,-10,0.480798,0.5285816666666666,16506,4428,11,5.0912536999967415,0.7373398562464419,11,0.7014447799553367,11,0.8561512174705748,11,0.8474217307307383,11,0.7352123830470965,11,0.7394673294457874,11,0.7531212940370247,11,0.7329474043469489,11,xgboost,,
complete,confirmatory,ac07a43b2554a2f178e9a63e28a1462cee253d613f122516e26ac0dcfe6c7431,c323ce186523ef709442aa79df3c9bfa81b628f290c85625113c580c6c114610,e60bf995e60c88b6af88b34c7d1f44be24f60c5b4257ba68426a2504b9aa025a,fold_03__relaxation__low_high__c323ce186523,3,relaxation,target_relaxation,lag_minus_10s,-10,0.2542896666666666,0.395869,16534,3918,11,5.124100799992448,0.7856883092942369,11,0.7652780043234366,11,0.9273029718315132,11,0.9367951412569326,11,0.822956427726567,11,0.748420190861907,11,0.8247538105699139,11,0.7945489436804152,11,xgboost,,
complete,confirmatory,ac07a43b2554a2f178e9a63e28a1462cee253d613f122516e26ac0dcfe6c7431,dd0a17f37022d3ef3921fb955a4721de4dc8843048074f1f44f0a94b8086b57f,bcd3007f8b807817734d67f5fb79247d682169631186c1b04d4f2cedd74be7de,fold_03__stress__low_high__dd0a17f37022,3,stress,target_stress,lag_minus_10s,-10,0.405259,0.460463,16507,4794,11,5.180708200001391,0.7457941489198094,11,0.6907810010546747,11,0.8643445948113027,11,0.8299564877478393,11,0.7933462420104135,11,0.6982420558292053,11,0.7401505569336998,11,0.7115065967750899,11,xgboost,,
complete,confirmatory,ac07a43b2554a2f178e9a63e28a1462cee253d613f122516e26ac0dcfe6c7431,58ce4e993fc6ecbbbdbf265bd8eeeb0ca6fc5eeaa78ec6a698e5d24c65eab360,4404f50166a53629f16deb855b5dbdefb3de95149a3eec0eec91689ced0aaf96,fold_04__attention__low_high__58ce4e993fc6,4,attention,target_attention,lag_minus_10s,-10,0.410495,0.5079906666666667,15937,3789,10,5.078482899989467,0.6763917447696047,10,0.6451371566706527,10,0.8529103156785828,10,0.8120320337210544,10,0.8686817671002117,10,0.4841017224389977,10,0.7410508394615851,10,0.6837971860880175,10,xgboost,,
complete,confirmatory,ac07a43b2554a2f178e9a63e28a1462cee253d613f122516e26ac0dcfe6c7431,03e3ab8cf11da9832d523c7954962d5619af94c63fd42b5fde4c6120cbc8a67d,4efdbb963e4328ea609ced0c43ea79ec54863afcf8b6dc3b54e36caff30afe16,fold_04__engagement__low_high__03e3ab8cf11d,4,engagement,target_engagement,lag_minus_10s,-10,0.5819393333333334,0.6880023333333333,16687,3677,10,5.298669899988454,0.7146191027842146,10,0.6657503490724892,10,0.8679114380124366,10,0.8324112386483463,10,0.6254465628797001,10,0.8037916426887289,10,0.7426770931644449,10,0.7241534853348939,10,xgboost,,
complete,confirmatory,ac07a43b2554a2f178e9a63e28a1462cee253d613f122516e26ac0dcfe6c7431,be7db9d4639d5711f62898e67ed8ae9de87a33cad6d5633f56165e1e0c944b9d,01a9a36af7fd4938668057f58a4af0d4815b36985a13f61e071f1297e75e14d1,fold_04__excitement__low_high__be7db9d4639d,4,excitement,target_excitement,lag_minus_10s,-10,0.198937,0.3648736666666666,16689,3904,10,4.925403500004904,0.8425554308765818,10,0.8518193285658626,10,0.9388758737981744,10,0.9369298203656036,10,0.8657840006319175,10,0.8193268611212462,10,0.8801732369195658,10,0.8829821005889533,10,xgboost,,
complete,confirmatory,ac07a43b2554a2f178e9a63e28a1462cee253d613f122516e26ac0dcfe6c7431,3d8d3010f9bf50db2978f7244f2f4b40ed6a7948340f84d75c428a55a22abbcc,bcbf7453b6c3768b7f4446c03f027f80397a24d1f0f54a82146b8fe6d4a67bdf,fold_04__focus__low_high__3d8d3010f9bf,4,focus,target_focus,lag_minus_10s,-10,0.365106,0.4633833333333333,16688,3731,10,5.376298599992879,0.70041705193411,10,0.695929859862247,10,0.8065052323762678,10,0.7792839491129048,10,0.7393031014727093,10,0.6615310023955103,10,0.7132381057743546,10,0.7675635184671042,10,xgboost,,
complete,confirmatory,ac07a43b2554a2f178e9a63e28a1462cee253d613f122516e26ac0dcfe6c7431,661c20e0b8650ad28a2adfd91d8ad8eb9ae9e0b7857f485a7fbe1c9d8fde0d5a,c4110c8ecd8ea7c835b8ea571bfeb6ad10ec8d02d986bd0e2c5b9a70c03e3241,fold_04__interest__low_high__661c20e0b865,4,interest,target_interest,lag_minus_10s,-10,0.4793536666666667,0.5286693333333333,16683,3971,10,5.3140845999878366,0.7415369227857862,10,0.7097988182469153,10,0.8508661551596038,10,0.8545653564837403,10,0.7101597321644566,10,0.772914113407116,10,0.749366172730407,10,0.7424401347588494,10,xgboost,,
complete,confirmatory,ac07a43b2554a2f178e9a63e28a1462cee253d613f122516e26ac0dcfe6c7431,ca6e86af0721d611407e16adc56623e01dc90c227c74081f48f198a4cd383835,a5f608b86ee9061617d36b1743ad601431f955dde27218d8d7829829dc257d43,fold_04__relaxation__low_high__ca6e86af0721,4,relaxation,target_relaxation,lag_minus_10s,-10,0.259306,0.403906,16707,3771,10,5.35633459998644,0.8250824085261433,10,0.8251316269133679,10,0.9375652044179872,10,0.9166520825708944,10,0.8864670204671119,10,0.7636977965851746,10,0.8570736223673887,10,0.8443361478921931,10,xgboost,,
complete,confirmatory,ac07a43b2554a2f178e9a63e28a1462cee253d613f122516e26ac0dcfe6c7431,45623d5445e09312889f98c0aaea3547098879ccdfc0959d7b213c4b079a4189,27d0b6e27ea4a69159776babe88351288b3e08a8b6a0e0a437af967ad54f9cf0,fold_04__stress__low_high__45623d5445e0,4,stress,target_stress,lag_minus_10s,-10,0.3969536666666666,0.4636503333333333,16679,2955,10,5.111021199991228,0.769045964024785,10,0.7170284660056602,10,0.8858652570623775,10,0.9120286712854064,10,0.7320629488247804,10,0.8060289792247897,10,0.7482442399790525,10,0.7414921673021292,10,xgboost,,
complete,confirmatory,ac07a43b2554a2f178e9a63e28a1462cee253d613f122516e26ac0dcfe6c7431,84b4aec3b96a87fdc7e15e44576cf8e1c913b72de3aa43b1132e10691b45f277,2f86d0e8c455b4f21168d0123e21d085836ed48610878f7e823e2e4fab91a878,fold_05__attention__low_high__84b4aec3b96a,5,attention,target_attention,lag_minus_10s,-10,0.408289,0.5064886666666667,15812,3818,11,5.559970400005113,0.7734655107774508,11,0.7502436688828542,11,0.8757588663541139,11,0.8302854376799561,11,0.7404173372136398,11,0.8065136843412624,11,0.7674907005945218,11,0.7782873513810448,11,xgboost,,
complete,confirmatory,ac07a43b2554a2f178e9a63e28a1462cee253d613f122516e26ac0dcfe6c7431,b8ce4e308625a55ac193734c694f4cf029c63086453a3888a5114c001eb028df,fd819c1414dbc4a71c004ee2f223fde45d23c5e1a929dfb308519bdd81be5cc8,fold_05__engagement__low_high__b8ce4e308625,5,engagement,target_engagement,lag_minus_10s,-10,0.5812246666666667,0.6832976666666667,16528,4267,11,5.728412700002082,0.7095129876904299,11,0.6581903680895297,11,0.8330746665128804,11,0.7945055364681377,11,0.7570270695983823,11,0.6619989057824773,11,0.7373970897573106,11,0.690027095467995,11,xgboost,,
complete,confirmatory,ac07a43b2554a2f178e9a63e28a1462cee253d613f122516e26ac0dcfe6c7431,46fddcfc7f472c5b6d98a4a9e32e8104d6fff32a26a451eac4c5bbdfcfe93c9d,e83502bfb241187a15bbe01f2a2df8a2dcfd119976c2c47635b1515b95a004a5,fold_05__excitement__low_high__46fddcfc7f47,5,excitement,target_excitement,lag_minus_10s,-10,0.196205,0.361125,16537,3930,11,5.035265000013169,0.841909928693411,11,0.8309189431956917,11,0.9515974880531356,11,0.9518185281200516,11,0.8237306997178319,11,0.86008915766899,11,0.8573167929136606,11,0.8524726901308225,11,xgboost,,
complete,confirmatory,ac07a43b2554a2f178e9a63e28a1462cee253d613f122516e26ac0dcfe6c7431,4ea6190f2fb11beea58ef3a92decf60edd9f5d48c9598628255689c04aef1432,d1251c35ecfb7ccdf7b0d7e26663f103bb7b943f31fc83ad844ddbed424760ce,fold_05__focus__low_high__4ea6190f2fb1,5,focus,target_focus,lag_minus_10s,-10,0.367191,0.4675926666666666,16541,3778,11,5.15785109999706,0.6832984571410754,11,0.6412987361958489,11,0.8092933135852985,11,0.7642311594085895,11,0.6256931003892846,11,0.7409038138928659,11,0.7083115524196437,11,0.6768777280151284,11,xgboost,,
complete,confirmatory,ac07a43b2554a2f178e9a63e28a1462cee253d613f122516e26ac0dcfe6c7431,87bf91e2b80cc2daa5026c24eddfc72ae399d1e2ddb66426986745db25e15026,df1d4a9a8a978ee0e3bcd8ba820067c8fc420fd3f5f02f8d6b88fa7e63bbaac1,fold_05__interest__low_high__87bf91e2b80c,5,interest,target_interest,lag_minus_10s,-10,0.4785243333333333,0.529754,16528,3791,11,4.941177999979118,0.7228143984630179,11,0.6117887313936698,11,0.8544007162432397,11,0.8609391357541895,11,0.7633621767844406,11,0.6822666201415953,11,0.717656880946654,11,0.6450017905183703,11,xgboost,,
complete,confirmatory,ac07a43b2554a2f178e9a63e28a1462cee253d613f122516e26ac0dcfe6c7431,7679f10142da1d95ca8cfe5876296724308395fabcff863ef3a2e694b69aeb85,a638d2bb20962ed825b35f176b1a4005a8304bfc01370b1636d6ce403b817a6a,fold_05__relaxation__low_high__7679f10142da,5,relaxation,target_relaxation,lag_minus_10s,-10,0.256914,0.3938446666666667,16548,4217,11,5.09271960001206,0.7542993481283585,11,0.7531608778202254,11,0.9198090386547144,11,0.9255234416691628,11,0.7243077076605806,11,0.7842909885961366,11,0.8487033108482355,11,0.8240217658003552,11,xgboost,,
complete,confirmatory,ac07a43b2554a2f178e9a63e28a1462cee253d613f122516e26ac0dcfe6c7431,51933d713d98fcac3efc940cf92466216cc50e3eed2cb50e97325948ac91c609,f830184ed4091f7c1893003e91eb518737ed15e8b5f007bf46bf30fa7cf23cdb,fold_05__stress__low_high__51933d713d98,5,stress,target_stress,lag_minus_10s,-10,0.4021516666666667,0.4598493333333333,16523,4380,11,5.240288100001635,0.7208367050177521,11,0.6800535215278116,11,0.853894036220236,11,0.8653407759640033,11,0.6120736684732477,11,0.8295997415622568,11,0.7747349903400761,11,0.750815160796702,11,xgboost,,
complete,confirmatory,a2c51deb4d94e33d71863f1f1c7927470266b7352647664f3a411fb5db819b4e,65f655b9d2a47f57817f9ac40baa98385cf3096ccadc659197ce81368b1f0b86,40889ed77c7a49254028614aa69c424c2355cbd1baaed50dc47082b1864510f7,random_forest__fold_01__attention__low_high__65f655b9d2a4,1,attention,target_attention,lag_minus_10s,-10,0.40640833333333337,0.5057536666666667,15241,4275,11,2.6231797999935225,0.7100522184760464,11,0.6536568171635482,11,0.8329243072551263,11,0.8350753593028827,11,0.7914037933737568,11,0.6287006435783362,11,0.7475099219440658,11,0.6761201661314086,11,random_forest,RandomForestClassifier,10764a881b0350bcd7d69a9dfe40e64dbe28c03e5649c47c6247d17314de711c
complete,confirmatory,a2c51deb4d94e33d71863f1f1c7927470266b7352647664f3a411fb5db819b4e,00ba28c314d458397cc07aefdd89eb2739105e3cf0072ea71934bbc2e09c1634,7d374ea6928381e1ee56d96473fa6567757f8df43407f81bbd24c398d82e419e,random_forest__fold_01__engagement__low_high__00ba28c314d4,1,engagement,target_engagement,lag_minus_10s,-10,0.5800476666666666,0.6855443333333333,15934,4556,11,2.7333270000235643,0.7202373182810496,11,0.7190987079971577,11,0.8432459339312769,11,0.8369056806373041,11,0.6543032812927678,11,0.7861713552693314,11,0.7661575453163079,11,0.7608943645334197,11,random_forest,RandomForestClassifier,10764a881b0350bcd7d69a9dfe40e64dbe28c03e5649c47c6247d17314de711c
complete,confirmatory,a2c51deb4d94e33d71863f1f1c7927470266b7352647664f3a411fb5db819b4e,6b6a427f81c6708c264ad87e2982efa75a33f001ad5d5c0a0c1af85bb0871772,f13db677a8358b59d7e0528258ba7ff9bf95b5314741ce39a724cf74d183ddaa,random_forest__fold_01__excitement__low_high__6b6a427f81c6,1,excitement,target_excitement,lag_minus_10s,-10,0.198928,0.3627136666666666,15941,4710,11,3.0528999000089243,0.8305183324234581,11,0.7918833740608094,11,0.9549661005757945,11,0.9265352104071094,11,0.7505982139870659,11,0.9104384508598504,11,0.8183919662015033,11,0.8276027277128981,11,random_forest,RandomForestClassifier,10764a881b0350bcd7d69a9dfe40e64dbe28c03e5649c47c6247d17314de711c
complete,confirmatory,a2c51deb4d94e33d71863f1f1c7927470266b7352647664f3a411fb5db819b4e,a5e442d41dbeb5caa21be88ad785c6c25c04ad3abede8e0a9564668c0587fcb1,bc3be14a13e7a39ebeab010389e1c408e3b117b37aecad2317d7955676362ffa,random_forest__fold_01__stress__low_high__a5e442d41dbe,1,stress,target_stress,lag_minus_10s,-10,0.4029856666666667,0.461275,15924,4905,11,2.783634399995208,0.711732930512823,11,0.6717680709256103,11,0.8578009836717396,11,0.8261864910928786,11,0.6722705663415968,11,0.7511952946840492,11,0.7529432151792563,11,0.7022413755158134,11,random_forest,RandomForestClassifier,10764a881b0350bcd7d69a9dfe40e64dbe28c03e5649c47c6247d17314de711c
complete,confirmatory,a2c51deb4d94e33d71863f1f1c7927470266b7352647664f3a411fb5db819b4e,ecfed2a6a6f476d78a8d540e8c0e5eafa5e6fa23d48826835f98e75ae3d29f03,38b0c29f91cf04074516bcbbf6cf6e9362b22718f7ac54fdbe5adf6de43d5d14,random_forest__fold_01__relaxation__low_high__ecfed2a6a6f4,1,relaxation,target_relaxation,lag_minus_10s,-10,0.25662399999999996,0.39230799999999993,15947,4860,11,2.891083599999547,0.7293734897763655,11,0.7064206038760408,11,0.8949747564506225,11,0.8911862124976415,11,0.622784630094322,11,0.8359623494584089,11,0.8269410376977168,11,0.7725362457704308,11,random_forest,RandomForestClassifier,10764a881b0350bcd7d69a9dfe40e64dbe28c03e5649c47c6247d17314de711c
complete,confirmatory,a2c51deb4d94e33d71863f1f1c7927470266b7352647664f3a411fb5db819b4e,bb4a476f37723f9d857c715c79831aafb42c95edda53cddd18156caf649b85b0,bd39db4c19d9f742cb059d0566f550cf160821412eeb67d3cc0780042dbd7317,random_forest__fold_01__interest__low_high__bb4a476f3772,1,interest,target_interest,lag_minus_10s,-10,0.480751,0.5305233333333333,15927,4692,11,2.76546719999169,0.7094902951034529,11,0.6605790042434592,11,0.8092452234644579,11,0.7821226529203322,11,0.6781475843796063,11,0.7408330058272997,11,0.7606309784239941,11,0.6836915916250246,11,random_forest,RandomForestClassifier,10764a881b0350bcd7d69a9dfe40e64dbe28c03e5649c47c6247d17314de711c
complete,confirmatory,a2c51deb4d94e33d71863f1f1c7927470266b7352647664f3a411fb5db819b4e,350d08c6221aa350aac9f192887c61cbfd00c2031aa04a2dc28fc72a592c0af8,7d71bb99b3a559d0df0aa3bf8b195bafc98a0dd046a82039a430a2fa4892b0d0,random_forest__fold_01__focus__low_high__350d08c6221a,1,focus,target_focus,lag_minus_10s,-10,0.368801,0.4654386666666666,15934,4745,11,2.6825140999862924,0.7368202481120314,11,0.6583554733630037,11,0.8161343533624911,11,0.7089754319078453,11,0.6994246522156863,11,0.7742158440083763,11,0.6931898118745249,11,0.7191215702186462,11,random_forest,RandomForestClassifier,10764a881b0350bcd7d69a9dfe40e64dbe28c03e5649c47c6247d17314de711c
complete,confirmatory,a2c51deb4d94e33d71863f1f1c7927470266b7352647664f3a411fb5db819b4e,4bc38f438dcb5328dc9f112c6532f43eb5d253d0ec27440a8393ef3156ff5fc2,05b80bfaecd22890a7e360375d08013c2763762bc191dded6a0bbd75f29be07f,random_forest__fold_02__attention__low_high__4bc38f438dcb,2,attention,target_attention,lag_minus_10s,-10,0.409755,0.5089703333333333,15830,3758,10,2.6896510000224225,0.6830510240269538,10,0.6281334214756717,10,0.8086765668275196,10,0.7772438227930364,10,0.5998188587679977,10,0.7662831892859099,10,0.7639482393261876,10,0.6876611037659357,10,random_forest,RandomForestClassifier,10764a881b0350bcd7d69a9dfe40e64dbe28c03e5649c47c6247d17314de711c
complete,confirmatory,a2c51deb4d94e33d71863f1f1c7927470266b7352647664f3a411fb5db819b4e,68cdc8ef48bfe7e6b8d02ae318b2432795e56f84f72d1e6adf432b28ecbd69fd,96921223f37aee74e8576505e04d8d93656b6d22365a8c1e79d1aadc606e3780,random_forest__fold_02__engagement__low_high__68cdc8ef48bf,2,engagement,target_engagement,lag_minus_10s,-10,0.572122,0.682083,16404,3812,10,2.7778498000116087,0.7263532861961463,10,0.7253796189914322,10,0.8393055892438213,10,0.9001530266767952,10,0.6229773982880802,10,0.8297291741042123,10,0.7801144997904803,10,0.7958035320201384,10,random_forest,RandomForestClassifier,10764a881b0350bcd7d69a9dfe40e64dbe28c03e5649c47c6247d17314de711c
complete,confirmatory,a2c51deb4d94e33d71863f1f1c7927470266b7352647664f3a411fb5db819b4e,08cfde3e2b3ea3a6ee9ff40c6ac47a61e714167f3e69de292705bae0af8fc5c6,8cf290447cc76b4db2bf7811a784e38768237f66e910c108ea9bd99fce1b2673,random_forest__fold_02__excitement__low_high__08cfde3e2b3e,2,excitement,target_excitement,lag_minus_10s,-10,0.194812,0.357134,16414,4099,11,3.279625800001668,0.7770560692322532,11,0.7446735573147459,11,0.9394523374401459,10,0.9369891008865749,10,0.7884917106532338,11,0.8421824705923999,10,0.7500378147493756,11,0.7715049361951688,11,random_forest,RandomForestClassifier,10764a881b0350bcd7d69a9dfe40e64dbe28c03e5649c47c6247d17314de711c
complete,confirmatory,a2c51deb4d94e33d71863f1f1c7927470266b7352647664f3a411fb5db819b4e,df3c19ab0d60f14e98b961c3bdd521b7ca2d657100ad3623884be5aa90f4b24f,f31c8981acf165f01f66cc01c4f2b2d6927c370f1a035493f12dece19b93ba49,random_forest__fold_02__stress__low_high__df3c19ab0d60,2,stress,target_stress,lag_minus_10s,-10,0.396448,0.461981,16401,3382,11,2.8830871999962255,0.7196216308450706,11,0.6781663274489322,11,0.8487287059115772,10,0.9278605605809295,10,0.6826450364595696,11,0.7822580477536288,10,0.7435774093625117,11,0.7156304686183933,11,random_forest,RandomForestClassifier,10764a881b0350bcd7d69a9dfe40e64dbe28c03e5649c47c6247d17314de711c
complete,confirmatory,a2c51deb4d94e33d71863f1f1c7927470266b7352647664f3a411fb5db819b4e,4b347c7e64dc1fd97be8785e47ffd47432d5cde118c61ff6790c32ce5e995dbb,7656df549309178054e578a36ceed79ea658632f163e5e508467b9011bdaa756,random_forest__fold_02__relaxation__low_high__4b347c7e64dc,2,relaxation,target_relaxation,lag_minus_10s,-10,0.256714,0.404291,16429,3787,11,2.79792399998405,0.8675039344467748,11,0.8094637390398752,11,0.9473744106235582,10,0.9261235668998733,10,0.8976027819040312,11,0.82114559568847,10,0.8178137855171012,11,0.8633905827430577,11,random_forest,RandomForestClassifier,10764a881b0350bcd7d69a9dfe40e64dbe28c03e5649c47c6247d17314de711c
complete,confirmatory,a2c51deb4d94e33d71863f1f1c7927470266b7352647664f3a411fb5db819b4e,66711cf31b8131dbd8e0390923e9fbb9aad4cc895e8ca012001f3c5dfb9fd16d,a6f226a94e84838366c4cf62d5dbcdfa343d2e4317631dc9cd843403760f8fb3,random_forest__fold_02__interest__low_high__66711cf31b81,2,interest,target_interest,lag_minus_10s,-10,0.47714,0.52968,16405,3629,11,2.941111500025727,0.8006657561381321,11,0.7300303867685124,11,0.8791968752903333,10,0.887889483786379,10,0.7960672453616937,11,0.7857906936060275,10,0.7600955821770224,11,0.784231838553205,11,random_forest,RandomForestClassifier,10764a881b0350bcd7d69a9dfe40e64dbe28c03e5649c47c6247d17314de711c
complete,confirmatory,a2c51deb4d94e33d71863f1f1c7927470266b7352647664f3a411fb5db819b4e,609cbfd34bd013c35647763fef189e52409d499eda8e64b0c388176a4e33c515,74e34c54e7221dc6ee613f5b9c86caff220ef215c764f9f3f1457db68a376147,random_forest__fold_02__focus__low_high__609cbfd34bd0,2,focus,target_focus,lag_minus_10s,-10,0.364693,0.460551,16408,4177,11,2.926021999999648,0.6611503219314158,11,0.6364679207263257,11,0.8194115500614363,10,0.7457099571243824,10,0.7119372604766215,11,0.6713997217248309,10,0.6457677362444012,11,0.7137765284445324,11,random_forest,RandomForestClassifier,10764a881b0350bcd7d69a9dfe40e64dbe28c03e5649c47c6247d17314de711c
complete,confirmatory,a2c51deb4d94e33d71863f1f1c7927470266b7352647664f3a411fb5db819b4e,89d4e274e50183be10733cdc9aea8058060af4758d5d0a4cf0ecea22ae2e8e46,d9fe93c98329da3f22770036d5d5bcc1723fbbfb61707901d1eaef4a7001f95d,random_forest__fold_03__attention__low_high__89d4e274e501,3,attention,target_attention,lag_minus_10s,-10,0.407012,0.50364,15726,4019,11,2.7329284000152256,0.6586793543490465,11,0.6177557803780508,11,0.7914608869963281,11,0.824624697626919,11,0.6074451213056232,11,0.7099135873924696,11,0.7237208726599892,11,0.6631519441140671,11,random_forest,RandomForestClassifier,10764a881b0350bcd7d69a9dfe40e64dbe28c03e5649c47c6247d17314de711c
complete,confirmatory,a2c51deb4d94e33d71863f1f1c7927470266b7352647664f3a411fb5db819b4e,011ba234fe26fb3b7e516aa1498c0426f30a257cb77ecb327dc1b3a779590ed8,a74a573473ef95d46567294f0aa220d0bd8b428d9a9120f4a96756b0c84d9f51,random_forest__fold_03__engagement__low_high__011ba234fe26,3,engagement,target_engagement,lag_minus_10s,-10,0.5875743333333333,0.689116,16515,4210,11,2.8482987000024877,0.7467451569489238,11,0.7249851164069141,11,0.8512187023166436,11,0.7789803870200246,11,0.6690179562005482,11,0.8244723576972994,11,0.7803030592639435,11,0.7621469644478662,11,random_forest,RandomForestClassifier,10764a881b0350bcd7d69a9dfe40e64dbe28c03e5649c47c6247d17314de711c
complete,confirmatory,a2c51deb4d94e33d71863f1f1c7927470266b7352647664f3a411fb5db819b4e,6389b0c10cbcc99ec5b97820e257041cdfcb334f43bcaa2fbd2144023844f8e9,fa418d56645cfa9ab67032bef122ddca9f2bf2af811172bdbe6b172d6197f493,random_forest__fold_03__excitement__low_high__6389b0c10cbc,3,excitement,target_excitement,lag_minus_10s,-10,0.19379133333333332,0.35695933333333324,16517,3925,11,3.218843599985121,0.8147976698015978,11,0.7967864608728227,11,0.9336057504452459,11,0.9432539768276638,11,0.8780973455430838,11,0.7514979940601122,11,0.8346474161723813,11,0.8119633702161845,11,random_forest,RandomForestClassifier,10764a881b0350bcd7d69a9dfe40e64dbe28c03e5649c47c6247d17314de711c
complete,confirmatory,a2c51deb4d94e33d71863f1f1c7927470266b7352647664f3a411fb5db819b4e,40360c969ce289122249ca25f578d6dc347945dba8f8a89e7b4b77b9f331ac44,bcd3007f8b807817734d67f5fb79247d682169631186c1b04d4f2cedd74be7de,random_forest__fold_03__stress__low_high__40360c969ce2,3,stress,target_stress,lag_minus_10s,-10,0.405259,0.460463,16507,4794,11,2.84984930002247,0.7446838888061532,11,0.6907540042042306,11,0.8746293815695366,11,0.8445727468420213,11,0.7782505751591394,11,0.711117202453167,11,0.7411744081247527,11,0.712869773970398,11,random_forest,RandomForestClassifier,10764a881b0350bcd7d69a9dfe40e64dbe28c03e5649c47c6247d17314de711c
complete,confirmatory,a2c51deb4d94e33d71863f1f1c7927470266b7352647664f3a411fb5db819b4e,3eb8a8321b7309d6c6569216fcd08bc5c4fe84335582a47622e6cb3318a64ed8,e60bf995e60c88b6af88b34c7d1f44be24f60c5b4257ba68426a2504b9aa025a,random_forest__fold_03__relaxation__low_high__3eb8a8321b73,3,relaxation,target_relaxation,lag_minus_10s,-10,0.25428966666666664,0.395869,16534,3918,11,2.8388725999975577,0.7884655586217245,11,0.7733259407764059,11,0.9201848873612469,11,0.9257693330660705,11,0.8662531727667416,11,0.7106779444767075,11,0.8113631605524719,11,0.7892500704667147,11,random_forest,RandomForestClassifier,10764a881b0350bcd7d69a9dfe40e64dbe28c03e5649c47c6247d17314de711c
complete,confirmatory,a2c51deb4d94e33d71863f1f1c7927470266b7352647664f3a411fb5db819b4e,b4fcc7da2809efe96d0ace553e55f30362ee26ec69d918c626bcf1253daad774,3bcb6d908dca29ca782906a4f9f4eb0ea8493afdf7dc53a3c5de50526bd55ffb,random_forest__fold_03__interest__low_high__b4fcc7da2809,3,interest,target_interest,lag_minus_10s,-10,0.480798,0.5285816666666666,16506,4428,11,2.8866181999910623,0.7379388114758721,11,0.6932681185349094,11,0.8618536382404955,11,0.8406109765938382,11,0.7831453262616729,11,0.6927322966900712,11,0.7634756638138598,11,0.7168800053127351,11,random_forest,RandomForestClassifier,10764a881b0350bcd7d69a9dfe40e64dbe28c03e5649c47c6247d17314de711c
complete,confirmatory,a2c51deb4d94e33d71863f1f1c7927470266b7352647664f3a411fb5db819b4e,b7046b1b94d16db4cffee998971698f97e9ab3b05f0fbd80684b121b46f240d8,0c7365a9f52cdea7f5ff5bd02009df8f23994345c83ad7446745f49568834711,random_forest__fold_03__focus__low_high__b7046b1b94d1,3,focus,target_focus,lag_minus_10s,-10,0.3654773333333333,0.46152833333333326,16512,4090,11,2.820865399989998,0.6920681891966328,11,0.6681476397119817,11,0.7996885260828698,11,0.796570865205064,11,0.7467386105655179,11,0.6373977678277476,11,0.7101013976540128,11,0.7279582246404036,11,random_forest,RandomForestClassifier,10764a881b0350bcd7d69a9dfe40e64dbe28c03e5649c47c6247d17314de711c
complete,confirmatory,a2c51deb4d94e33d71863f1f1c7927470266b7352647664f3a411fb5db819b4e,b0c401443724e4ab25e47d0ab919310686b452a8aea5825c568d7593f0b136c3,4404f50166a53629f16deb855b5dbdefb3de95149a3eec0eec91689ced0aaf96,random_forest__fold_04__attention__low_high__b0c401443724,4,attention,target_attention,lag_minus_10s,-10,0.410495,0.5079906666666667,15937,3789,10,2.647337400005199,0.6856371223712815,10,0.653692117366981,10,0.8116357970565075,10,0.7477625555413263,10,0.7754592676385951,10,0.5958149771039679,10,0.7171441173621904,10,0.6775464314939101,10,random_forest,RandomForestClassifier,10764a881b0350bcd7d69a9dfe40e64dbe28c03e5649c47c6247d17314de711c
complete,confirmatory,a2c51deb4d94e33d71863f1f1c7927470266b7352647664f3a411fb5db819b4e,1bea0803e52be6a81c5308ef6f9280ea00ccd83ad1ad9892082fba50dff81a3b,4efdbb963e4328ea609ced0c43ea79ec54863afcf8b6dc3b54e36caff30afe16,random_forest__fold_04__engagement__low_high__1bea0803e52b,4,engagement,target_engagement,lag_minus_10s,-10,0.5819393333333334,0.6880023333333333,16687,3677,10,2.734579300013138,0.7207286606603214,10,0.6858002612091084,10,0.8289617708228348,10,0.7885767837126089,10,0.6918034440690949,10,0.7496538772515479,10,0.7323785721134376,10,0.7384627720960514,10,random_forest,RandomForestClassifier,10764a881b0350bcd7d69a9dfe40e64dbe28c03e5649c47c6247d17314de711c
complete,confirmatory,a2c51deb4d94e33d71863f1f1c7927470266b7352647664f3a411fb5db819b4e,3465e218a72c7597342b3f874e17738d43e5951b8aadf5af93e86c128603aac8,01a9a36af7fd4938668057f58a4af0d4815b36985a13f61e071f1297e75e14d1,random_forest__fold_04__excitement__low_high__3465e218a72c,4,excitement,target_excitement,lag_minus_10s,-10,0.198937,0.36487366666666665,16689,3904,10,3.1473119000147562,0.8467443588333585,10,0.8578548773346316,10,0.9447763745018267,10,0.9384739673876948,10,0.8804861858059926,10,0.8130025318607249,10,0.8888123374397032,10,0.8864044500997471,10,random_forest,RandomForestClassifier,10764a881b0350bcd7d69a9dfe40e64dbe28c03e5649c47c6247d17314de711c
complete,confirmatory,a2c51deb4d94e33d71863f1f1c7927470266b7352647664f3a411fb5db819b4e,3ccbeeef7aa8edf75e3abb5b8883da15f96b3bfb97c713d501957de6583efd5c,27d0b6e27ea4a69159776babe88351288b3e08a8b6a0e0a437af967ad54f9cf0,random_forest__fold_04__stress__low_high__3ccbeeef7aa8,4,stress,target_stress,lag_minus_10s,-10,0.39695366666666665,0.46365033333333333,16679,2955,10,2.982784599997103,0.7873064385585922,10,0.7327539797216233,10,0.8838170700898142,10,0.9172734988199567,10,0.7880415081615246,10,0.7865713689556597,10,0.7594866670193696,10,0.7543132138760958,10,random_forest,RandomForestClassifier,10764a881b0350bcd7d69a9dfe40e64dbe28c03e5649c47c6247d17314de711c
complete,confirmatory,a2c51deb4d94e33d71863f1f1c7927470266b7352647664f3a411fb5db819b4e,f6aba1b7d7c2852c2711d194fd5e2bdfc41d864e5b195dc32a5f6e7cca129ad1,a5f608b86ee9061617d36b1743ad601431f955dde27218d8d7829829dc257d43,random_forest__fold_04__relaxation__low_high__f6aba1b7d7c2,4,relaxation,target_relaxation,lag_minus_10s,-10,0.259306,0.403906,16707,3771,10,2.8343404000042938,0.8252732420331748,10,0.8237813253703725,10,0.9417025488221922,10,0.9194118083188367,10,0.8615116178647739,10,0.7890348662015756,10,0.854873011887842,10,0.840933753677023,10,random_forest,RandomForestClassifier,10764a881b0350bcd7d69a9dfe40e64dbe28c03e5649c47c6247d17314de711c
complete,confirmatory,a2c51deb4d94e33d71863f1f1c7927470266b7352647664f3a411fb5db819b4e,456ae66a3cb109a23fcb90b7b6dfaf70edf93c5a7ad276764bc7972e8e5a0a2c,c4110c8ecd8ea7c835b8ea571bfeb6ad10ec8d02d986bd0e2c5b9a70c03e3241,random_forest__fold_04__interest__low_high__456ae66a3cb1,4,interest,target_interest,lag_minus_10s,-10,0.4793536666666667,0.5286693333333333,16683,3971,10,2.889299900009064,0.7584922475111707,10,0.7171745436700363,10,0.8597656876336854,10,0.8527920608418398,10,0.7682949081392348,10,0.7486895868831065,10,0.7470641971978341,10,0.7403155555366056,10,random_forest,RandomForestClassifier,10764a881b0350bcd7d69a9dfe40e64dbe28c03e5649c47c6247d17314de711c
complete,confirmatory,a2c51deb4d94e33d71863f1f1c7927470266b7352647664f3a411fb5db819b4e,9ab21687b63580f931ecb3d158300e4875fcea47aa58459f874b588f616b35f8,bcbf7453b6c3768b7f4446c03f027f80397a24d1f0f54a82146b8fe6d4a67bdf,random_forest__fold_04__focus__low_high__9ab21687b635,4,focus,target_focus,lag_minus_10s,-10,0.365106,0.46338333333333337,16688,3731,10,2.905754399980651,0.690190952206827,10,0.6870430311333573,10,0.7919121872156408,10,0.7639251140227419,10,0.7578496606119278,10,0.6225322438017263,10,0.7093050479143151,10,0.7569479822855795,10,random_forest,RandomForestClassifier,10764a881b0350bcd7d69a9dfe40e64dbe28c03e5649c47c6247d17314de711c
complete,confirmatory,a2c51deb4d94e33d71863f1f1c7927470266b7352647664f3a411fb5db819b4e,a275651174b51f2b062c24142e8d01cbe24a326c9e63b3850aea232848d6dafc,2f86d0e8c455b4f21168d0123e21d085836ed48610878f7e823e2e4fab91a878,random_forest__fold_05__attention__low_high__a275651174b5,5,attention,target_attention,lag_minus_10s,-10,0.408289,0.5064886666666667,15812,3818,11,2.6925117000064347,0.7292054531688108,11,0.7013642342691914,11,0.8247087024000602,11,0.7608101297583385,11,0.7707887172690733,11,0.687622189068548,11,0.7278890005514348,11,0.7378024049940699,11,random_forest,RandomForestClassifier,10764a881b0350bcd7d69a9dfe40e64dbe28c03e5649c47c6247d17314de711c
complete,confirmatory,a2c51deb4d94e33d71863f1f1c7927470266b7352647664f3a411fb5db819b4e,bdf20db67cd3756c1ebd31e08f581fad733449496353dc7e370a6748552f3ec3,fd819c1414dbc4a71c004ee2f223fde45d23c5e1a929dfb308519bdd81be5cc8,random_forest__fold_05__engagement__low_high__bdf20db67cd3,5,engagement,target_engagement,lag_minus_10s,-10,0.5812246666666667,0.6832976666666667,16528,4267,11,2.7670922999968752,0.7308114282512573,11,0.6748801944635975,11,0.8160750898182969,11,0.7948680314415429,11,0.7518164425296991,11,0.7098064139728156,11,0.7481138621871957,11,0.6929491719336304,11,random_forest,RandomForestClassifier,10764a881b0350bcd7d69a9dfe40e64dbe28c03e5649c47c6247d17314de711c
complete,confirmatory,a2c51deb4d94e33d71863f1f1c7927470266b7352647664f3a411fb5db819b4e,c010d6828582e126d10228bd42290c101dcb808273e222f3fd998c29daff601a,e83502bfb241187a15bbe01f2a2df8a2dcfd119976c2c47635b1515b95a004a5,random_forest__fold_05__excitement__low_high__c010d6828582,5,excitement,target_excitement,lag_minus_10s,-10,0.196205,0.361125,16537,3930,11,3.2653828999900725,0.8479845016213411,11,0.8390534531478594,11,0.9491820138505601,11,0.9478393412809105,11,0.8305814534840716,11,0.8653875497586107,11,0.8719509174111034,11,0.8620542441249232,11,random_forest,RandomForestClassifier,10764a881b0350bcd7d69a9dfe40e64dbe28c03e5649c47c6247d17314de711c
complete,confirmatory,a2c51deb4d94e33d71863f1f1c7927470266b7352647664f3a411fb5db819b4e,a9beecd07b9487799945692680de17e98e58c1be89869b3848b46a959547fb2f,f830184ed4091f7c1893003e91eb518737ed15e8b5f007bf46bf30fa7cf23cdb,random_forest__fold_05__stress__low_high__a9beecd07b94,5,stress,target_stress,lag_minus_10s,-10,0.4021516666666667,0.4598493333333333,16523,4380,11,2.9148591999837663,0.7025984676012258,11,0.6595372365868409,11,0.8074613937799788,11,0.8591570651705968,11,0.6008037443454309,11,0.8043931908570208,11,0.7396138604188852,11,0.7271922847353639,11,random_forest,RandomForestClassifier,10764a881b0350bcd7d69a9dfe40e64dbe28c03e5649c47c6247d17314de711c
complete,confirmatory,a2c51deb4d94e33d71863f1f1c7927470266b7352647664f3a411fb5db819b4e,8bbdf94ed6365a68aa50ac9a3ea8eb37749240afdfd59c7777f72a93cc56e7ef,a638d2bb20962ed825b35f176b1a4005a8304bfc01370b1636d6ce403b817a6a,random_forest__fold_05__relaxation__low_high__8bbdf94ed636,5,relaxation,target_relaxation,lag_minus_10s,-10,0.256914,0.3938446666666667,16548,4217,11,2.907683099998394,0.749268894894839,11,0.7569944415830023,11,0.8965714629193783,11,0.8971204030782342,11,0.7422978457973216,11,0.7562399439923564,11,0.8503249710465691,11,0.8274863027050643,11,random_forest,RandomForestClassifier,10764a881b0350bcd7d69a9dfe40e64dbe28c03e5649c47c6247d17314de711c
complete,confirmatory,a2c51deb4d94e33d71863f1f1c7927470266b7352647664f3a411fb5db819b4e,f66d7928202bdc54ada815906406fec0523624fd2470c9b4279e8f6f9aae4ac8,df1d4a9a8a978ee0e3bcd8ba820067c8fc420fd3f5f02f8d6b88fa7e63bbaac1,random_forest__fold_05__interest__low_high__f66d7928202b,5,interest,target_interest,lag_minus_10s,-10,0.47852433333333333,0.529754,16528,3791,11,2.8150772000080906,0.7122353076926224,11,0.5935930072929448,11,0.8403080081972658,11,0.8485327928025446,11,0.7524256859161883,11,0.6720449294690567,11,0.710503145864532,11,0.6295130437381921,11,random_forest,RandomForestClassifier,10764a881b0350bcd7d69a9dfe40e64dbe28c03e5649c47c6247d17314de711c
complete,confirmatory,a2c51deb4d94e33d71863f1f1c7927470266b7352647664f3a411fb5db819b4e,703cf3161c3300250a085df42585e9dcac8c0ef274c189cda83a0243f338dc22,d1251c35ecfb7ccdf7b0d7e26663f103bb7b943f31fc83ad844ddbed424760ce,random_forest__fold_05__focus__low_high__703cf3161c33,5,focus,target_focus,lag_minus_10s,-10,0.367191,0.4675926666666666,16541,3778,11,3.004794000007678,0.6732902399910119,11,0.6274588543534362,11,0.775058264522113,11,0.7141337639076398,11,0.5954891206729535,11,0.7510913593090707,11,0.7015083160800175,11,0.6682143818877511,11,random_forest,RandomForestClassifier,10764a881b0350bcd7d69a9dfe40e64dbe28c03e5649c47c6247d17314de711c
complete,confirmatory,a2c51deb4d94e33d71863f1f1c7927470266b7352647664f3a411fb5db819b4e,0d43acce7736a88276def49550ec0f28eda91959a0a65ad3baa5858c785817a4,40889ed77c7a49254028614aa69c424c2355cbd1baaed50dc47082b1864510f7,lightgbm__fold_01__attention__low_high__0d43acce7736,1,attention,target_attention,lag_minus_10s,-10,0.40640833333333337,0.5057536666666667,15241,4275,11,2.1827240000129677,0.7231033709477117,11,0.6770051145335109,11,0.8623555136649109,11,0.8705063298434947,11,0.7120875371271581,11,0.734119204768265,11,0.7589496820132795,11,0.6939167744785792,11,lightgbm,LGBMClassifier,6f5020a62aa64b2ba8e9eeb74b2bb836f9767f0e14b46b7d244a45e2f8dda4ec
complete,confirmatory,a2c51deb4d94e33d71863f1f1c7927470266b7352647664f3a411fb5db819b4e,6a4ee0388e74b4c319860de571f9d8b0aeb2dea20d79ad9810c7dd9d62c4d134,7d374ea6928381e1ee56d96473fa6567757f8df43407f81bbd24c398d82e419e,lightgbm__fold_01__engagement__low_high__6a4ee0388e74,1,engagement,target_engagement,lag_minus_10s,-10,0.5800476666666666,0.6855443333333333,15934,4556,11,2.3456083000055514,0.7297993607784904,11,0.7301966263514131,11,0.8447003858473134,11,0.8479971470380014,11,0.713612526596893,11,0.7459861949600879,11,0.7799099448499038,11,0.7699078298041435,11,lightgbm,LGBMClassifier,6f5020a62aa64b2ba8e9eeb74b2bb836f9767f0e14b46b7d244a45e2f8dda4ec
complete,confirmatory,a2c51deb4d94e33d71863f1f1c7927470266b7352647664f3a411fb5db819b4e,1c9a2a804f18b457eacac2d07763da84eb808443c8c8a9ce7ef2d689d8e7ab4f,f13db677a8358b59d7e0528258ba7ff9bf95b5314741ce39a724cf74d183ddaa,lightgbm__fold_01__excitement__low_high__1c9a2a804f18,1,excitement,target_excitement,lag_minus_10s,-10,0.198928,0.3627136666666666,15941,4710,11,2.371562800020911,0.8484462559758555,11,0.8057955625795742,11,0.9494376756120494,11,0.9215849871845131,11,0.78585014073976,11,0.911042371211951,11,0.8205512225660022,11,0.8385841613974953,11,lightgbm,LGBMClassifier,6f5020a62aa64b2ba8e9eeb74b2bb836f9767f0e14b46b7d244a45e2f8dda4ec
complete,confirmatory,a2c51deb4d94e33d71863f1f1c7927470266b7352647664f3a411fb5db819b4e,699531a3dcc89926d54df4e79dc1e55645fcc928af86248a2c0568c1479ca238,bc3be14a13e7a39ebeab010389e1c408e3b117b37aecad2317d7955676362ffa,lightgbm__fold_01__stress__low_high__699531a3dcc8,1,stress,target_stress,lag_minus_10s,-10,0.4029856666666667,0.461275,15924,4905,11,2.3420004000072367,0.7011667312257935,11,0.6676234015725451,11,0.8452736295254456,11,0.8252188584815571,11,0.675757965060454,11,0.726575497391133,11,0.736190232869658,11,0.6970603529549856,11,lightgbm,LGBMClassifier,6f5020a62aa64b2ba8e9eeb74b2bb836f9767f0e14b46b7d244a45e2f8dda4ec
complete,confirmatory,a2c51deb4d94e33d71863f1f1c7927470266b7352647664f3a411fb5db819b4e,a34e674f3c447263897c3bd615a0e5bd79a66d5b2ddc4b7b4fdf97aacab060ef,38b0c29f91cf04074516bcbbf6cf6e9362b22718f7ac54fdbe5adf6de43d5d14,lightgbm__fold_01__relaxation__low_high__a34e674f3c44,1,relaxation,target_relaxation,lag_minus_10s,-10,0.25662399999999996,0.39230799999999993,15947,4860,11,2.3213342999806628,0.7364324854553795,11,0.7151848975639333,11,0.9119008641868117,11,0.922499891459811,11,0.6348417600149813,11,0.8380232108957775,11,0.8413575479112023,11,0.7802599854045731,11,lightgbm,LGBMClassifier,6f5020a62aa64b2ba8e9eeb74b2bb836f9767f0e14b46b7d244a45e2f8dda4ec
complete,confirmatory,a2c51deb4d94e33d71863f1f1c7927470266b7352647664f3a411fb5db819b4e,892da210fe962488106b3938aba396a6354d2053aca32aa06b7e307aacae7b22,bd39db4c19d9f742cb059d0566f550cf160821412eeb67d3cc0780042dbd7317,lightgbm__fold_01__interest__low_high__892da210fe96,1,interest,target_interest,lag_minus_10s,-10,0.480751,0.5305233333333333,15927,4692,11,2.3259468999749515,0.6850302871385814,11,0.650621238453427,11,0.8090456557596593,11,0.7813622451707811,11,0.6937989699776271,11,0.6762616042995359,11,0.7403694979059747,11,0.6716659467252983,11,lightgbm,LGBMClassifier,6f5020a62aa64b2ba8e9eeb74b2bb836f9767f0e14b46b7d244a45e2f8dda4ec
complete,confirmatory,a2c51deb4d94e33d71863f1f1c7927470266b7352647664f3a411fb5db819b4e,dcdf00afc3fd7078c0b0aac7d79482599e56f4babfb27e62af7b260331517842,7d71bb99b3a559d0df0aa3bf8b195bafc98a0dd046a82039a430a2fa4892b0d0,lightgbm__fold_01__focus__low_high__dcdf00afc3fd,1,focus,target_focus,lag_minus_10s,-10,0.368801,0.4654386666666666,15934,4745,11,2.2830147999920882,0.7161014365637257,11,0.6317467296976157,11,0.8243161159114969,11,0.7481154417808711,11,0.6869227046101567,11,0.7452801685172944,11,0.6769431664141596,11,0.6927759014218408,11,lightgbm,LGBMClassifier,6f5020a62aa64b2ba8e9eeb74b2bb836f9767f0e14b46b7d244a45e2f8dda4ec
complete,confirmatory,a2c51deb4d94e33d71863f1f1c7927470266b7352647664f3a411fb5db819b4e,69a4e4fe1de19f440dd93e67d6ce1ca82d38a642f1ec7229ad196ee9f8a1e86d,05b80bfaecd22890a7e360375d08013c2763762bc191dded6a0bbd75f29be07f,lightgbm__fold_02__attention__low_high__69a4e4fe1de1,2,attention,target_attention,lag_minus_10s,-10,0.409755,0.5089703333333333,15830,3758,10,2.3550642000045627,0.7066395972904619,10,0.6720262904573155,10,0.8508859451608759,10,0.8270652280246089,10,0.6496884491727373,10,0.7635907454081866,10,0.7839644063282619,10,0.726421598569453,10,lightgbm,LGBMClassifier,6f5020a62aa64b2ba8e9eeb74b2bb836f9767f0e14b46b7d244a45e2f8dda4ec
complete,confirmatory,a2c51deb4d94e33d71863f1f1c7927470266b7352647664f3a411fb5db819b4e,24e19db4d692a28add9cc090f86a5da2b6b3f243123a1005ffe2e97779c5e68c,96921223f37aee74e8576505e04d8d93656b6d22365a8c1e79d1aadc606e3780,lightgbm__fold_02__engagement__low_high__24e19db4d692,2,engagement,target_engagement,lag_minus_10s,-10,0.572122,0.682083,16404,3812,10,2.3837920000078157,0.7501711139664878,10,0.749535486495368,10,0.8848415010909342,10,0.9292987653233578,10,0.680027662301234,10,0.8203145656317415,10,0.798306267187022,10,0.8056847969640512,10,lightgbm,LGBMClassifier,6f5020a62aa64b2ba8e9eeb74b2bb836f9767f0e14b46b7d244a45e2f8dda4ec
complete,confirmatory,a2c51deb4d94e33d71863f1f1c7927470266b7352647664f3a411fb5db819b4e,23f789f45b5ad3367464ea945f36fffa5e61b4f747b27fa39779fbee6a3baa21,8cf290447cc76b4db2bf7811a784e38768237f66e910c108ea9bd99fce1b2673,lightgbm__fold_02__excitement__low_high__23f789f45b5a,2,excitement,target_excitement,lag_minus_10s,-10,0.194812,0.357134,16414,4099,11,2.366709699999774,0.8806107283746919,11,0.801028705419294,11,0.9534787917665781,10,0.9471448562418712,10,0.875760781200827,11,0.8740067431034125,10,0.8042767189566734,11,0.8738566256726876,11,lightgbm,LGBMClassifier,6f5020a62aa64b2ba8e9eeb74b2bb836f9767f0e14b46b7d244a45e2f8dda4ec
complete,confirmatory,a2c51deb4d94e33d71863f1f1c7927470266b7352647664f3a411fb5db819b4e,804bb4b10fc3e5eac389edc5a68040db7a144bafbad93733be4c20e0be4a80c6,f31c8981acf165f01f66cc01c4f2b2d6927c370f1a035493f12dece19b93ba49,lightgbm__fold_02__stress__low_high__804bb4b10fc3,2,stress,target_stress,lag_minus_10s,-10,0.396448,0.461981,16401,3382,11,2.226417699974263,0.7316854475624937,11,0.6781102938823348,11,0.8404652881327739,10,0.9217376903753163,10,0.7023705183987354,11,0.7871004143988771,10,0.7465726013262262,11,0.7165057905690663,11,lightgbm,LGBMClassifier,6f5020a62aa64b2ba8e9eeb74b2bb836f9767f0e14b46b7d244a45e2f8dda4ec
complete,confirmatory,a2c51deb4d94e33d71863f1f1c7927470266b7352647664f3a411fb5db819b4e,a3d5126aac22b34b66d288e8270bf6cfbc72987ce33b81262a8cb8b22d27206b,7656df549309178054e578a36ceed79ea658632f163e5e508467b9011bdaa756,lightgbm__fold_02__relaxation__low_high__a3d5126aac22,2,relaxation,target_relaxation,lag_minus_10s,-10,0.256714,0.404291,16429,3787,11,2.3831208999908995,0.851991849974165,11,0.7885054524235774,11,0.9438416243906156,10,0.9258462322761339,10,0.8564063889658056,11,0.832335042080777,10,0.8054561831432291,11,0.8424726686726284,11,lightgbm,LGBMClassifier,6f5020a62aa64b2ba8e9eeb74b2bb836f9767f0e14b46b7d244a45e2f8dda4ec
complete,confirmatory,a2c51deb4d94e33d71863f1f1c7927470266b7352647664f3a411fb5db819b4e,fb212554d437fe8a87a09d3784c5086660c2c6d921cd16bd9ea9d56e8eadd139,a6f226a94e84838366c4cf62d5dbcdfa343d2e4317631dc9cd843403760f8fb3,lightgbm__fold_02__interest__low_high__fb212554d437,2,interest,target_interest,lag_minus_10s,-10,0.47714,0.52968,16405,3629,11,2.2768308999948204,0.8010832848628001,11,0.7293406864297224,11,0.8937450246854148,10,0.9075714865278798,10,0.7775444400436483,11,0.8070843426501468,10,0.766692692026909,11,0.7824482962326215,11,lightgbm,LGBMClassifier,6f5020a62aa64b2ba8e9eeb74b2bb836f9767f0e14b46b7d244a45e2f8dda4ec
complete,confirmatory,a2c51deb4d94e33d71863f1f1c7927470266b7352647664f3a411fb5db819b4e,22cb4cf23f9c7eba0d9c0b1414dd2addf1f5d31e71f6c86eff4759765c347b67,74e34c54e7221dc6ee613f5b9c86caff220ef215c764f9f3f1457db68a376147,lightgbm__fold_02__focus__low_high__22cb4cf23f9c,2,focus,target_focus,lag_minus_10s,-10,0.364693,0.460551,16408,4177,11,2.227845299988985,0.7608544775947883,11,0.6925356203616807,11,0.8395580967021881,10,0.7720094280371923,10,0.7700379271270097,11,0.7268381308688237,10,0.6973994933524511,11,0.813881995478135,11,lightgbm,LGBMClassifier,6f5020a62aa64b2ba8e9eeb74b2bb836f9767f0e14b46b7d244a45e2f8dda4ec
complete,confirmatory,a2c51deb4d94e33d71863f1f1c7927470266b7352647664f3a411fb5db819b4e,5f60a49176645df28b3b3d212bfc3e131d1cd2f3bfc7c004080e47541f6251e8,d9fe93c98329da3f22770036d5d5bcc1723fbbfb61707901d1eaef4a7001f95d,lightgbm__fold_03__attention__low_high__5f60a4917664,3,attention,target_attention,lag_minus_10s,-10,0.407012,0.50364,15726,4019,11,2.2543257999932393,0.7113915957558476,11,0.6774486925704941,11,0.8611507126771323,11,0.8787021158910817,11,0.6579876592213926,11,0.7647955322903027,11,0.7597273337928581,11,0.7213866156313476,11,lightgbm,LGBMClassifier,6f5020a62aa64b2ba8e9eeb74b2bb836f9767f0e14b46b7d244a45e2f8dda4ec
complete,confirmatory,a2c51deb4d94e33d71863f1f1c7927470266b7352647664f3a411fb5db819b4e,53748ec5937e95581c4d6d15ecd857364ef52b7805f60b967ebc95566f0bfedb,a74a573473ef95d46567294f0aa220d0bd8b428d9a9120f4a96756b0c84d9f51,lightgbm__fold_03__engagement__low_high__53748ec5937e,3,engagement,target_engagement,lag_minus_10s,-10,0.5875743333333333,0.689116,16515,4210,11,2.2940515000082087,0.7452165184751233,11,0.7363765941904561,11,0.8627152971088581,11,0.8101122042600539,11,0.6983875264794606,11,0.792045510470786,11,0.7973820903891536,11,0.7781872557826189,11,lightgbm,LGBMClassifier,6f5020a62aa64b2ba8e9eeb74b2bb836f9767f0e14b46b7d244a45e2f8dda4ec
complete,confirmatory,a2c51deb4d94e33d71863f1f1c7927470266b7352647664f3a411fb5db819b4e,a168bfbae26509f8987d572cf2db95c5b386e7dff9f7fadf2cf3a281fc048a65,fa418d56645cfa9ab67032bef122ddca9f2bf2af811172bdbe6b172d6197f493,lightgbm__fold_03__excitement__low_high__a168bfbae265,3,excitement,target_excitement,lag_minus_10s,-10,0.19379133333333332,0.35695933333333324,16517,3925,11,2.2970199000264984,0.8033879695816296,11,0.7866317196074696,11,0.9306400748201181,11,0.9435532603371442,11,0.8631553132476316,11,0.7436206259156278,11,0.82949006957738,11,0.803577865421432,11,lightgbm,LGBMClassifier,6f5020a62aa64b2ba8e9eeb74b2bb836f9767f0e14b46b7d244a45e2f8dda4ec
complete,confirmatory,a2c51deb4d94e33d71863f1f1c7927470266b7352647664f3a411fb5db819b4e,ca7d6029591fa86a30f982347cffc7409c0434a810dfe4c1e2006523b9010ee2,bcd3007f8b807817734d67f5fb79247d682169631186c1b04d4f2cedd74be7de,lightgbm__fold_03__stress__low_high__ca7d6029591f,3,stress,target_stress,lag_minus_10s,-10,0.405259,0.460463,16507,4794,11,2.1889139000268187,0.7336279178137631,11,0.675254082795317,11,0.8661174512823538,11,0.8386710243093326,11,0.7644205094176653,11,0.7028353262098613,11,0.7413538681350494,11,0.7019751079572752,11,lightgbm,LGBMClassifier,6f5020a62aa64b2ba8e9eeb74b2bb836f9767f0e14b46b7d244a45e2f8dda4ec
complete,confirmatory,a2c51deb4d94e33d71863f1f1c7927470266b7352647664f3a411fb5db819b4e,3453d68729452dc705197ef8c89f175bf9f259fc9696ceb61bd5a39093f4d12e,e60bf995e60c88b6af88b34c7d1f44be24f60c5b4257ba68426a2504b9aa025a,lightgbm__fold_03__relaxation__low_high__3453d6872945,3,relaxation,target_relaxation,lag_minus_10s,-10,0.25428966666666664,0.395869,16534,3918,11,2.410118200001307,0.7870364516783112,11,0.7663538150897704,11,0.9328121783388835,11,0.9412191680205576,11,0.8292877776334336,11,0.7447851257231884,11,0.8284895428333227,11,0.7962410169170578,11,lightgbm,LGBMClassifier,6f5020a62aa64b2ba8e9eeb74b2bb836f9767f0e14b46b7d244a45e2f8dda4ec
complete,confirmatory,a2c51deb4d94e33d71863f1f1c7927470266b7352647664f3a411fb5db819b4e,ad5c97337df70ad000f1ad798be4414152f9cfe2a4393ec43916bb36a3196562,3bcb6d908dca29ca782906a4f9f4eb0ea8493afdf7dc53a3c5de50526bd55ffb,lightgbm__fold_03__interest__low_high__ad5c97337df7,3,interest,target_interest,lag_minus_10s,-10,0.480798,0.5285816666666666,16506,4428,11,2.2795836000004783,0.7354425676387699,11,0.6961085075768925,11,0.8616985427372147,11,0.8572424007195043,11,0.7395067178411723,11,0.7313784174363677,11,0.7514245955075457,11,0.7346022499377856,11,lightgbm,LGBMClassifier,6f5020a62aa64b2ba8e9eeb74b2bb836f9767f0e14b46b7d244a45e2f8dda4ec
complete,confirmatory,a2c51deb4d94e33d71863f1f1c7927470266b7352647664f3a411fb5db819b4e,ede9b32c40df8761b10e3e72705caf6e0f599807cff62318e834530cd84d80a4,0c7365a9f52cdea7f5ff5bd02009df8f23994345c83ad7446745f49568834711,lightgbm__fold_03__focus__low_high__ede9b32c40df,3,focus,target_focus,lag_minus_10s,-10,0.3654773333333333,0.46152833333333326,16512,4090,11,2.2863602999714203,0.6821086052934031,11,0.6568199881821497,11,0.8266318283802453,11,0.8321121626683575,11,0.6920251866232701,11,0.6721920239635361,11,0.7353861366041913,11,0.7354669917018298,11,lightgbm,LGBMClassifier,6f5020a62aa64b2ba8e9eeb74b2bb836f9767f0e14b46b7d244a45e2f8dda4ec
complete,confirmatory,a2c51deb4d94e33d71863f1f1c7927470266b7352647664f3a411fb5db819b4e,3f5bc65f9aeb3e038a8d9c46de1403e21695ba491de144163dc5c22af0fad62a,4404f50166a53629f16deb855b5dbdefb3de95149a3eec0eec91689ced0aaf96,lightgbm__fold_04__attention__low_high__3f5bc65f9aeb,4,attention,target_attention,lag_minus_10s,-10,0.410495,0.5079906666666667,15937,3789,10,2.241160300007323,0.6832576614677482,10,0.6525633704754166,10,0.8590123516204452,10,0.8219130010650412,10,0.8611550365524163,10,0.5053602863830803,10,0.7545885985259884,10,0.6914642688784894,10,lightgbm,LGBMClassifier,6f5020a62aa64b2ba8e9eeb74b2bb836f9767f0e14b46b7d244a45e2f8dda4ec
complete,confirmatory,a2c51deb4d94e33d71863f1f1c7927470266b7352647664f3a411fb5db819b4e,19dff680f739a66673d1045c771468308d9eb352e5900415a598515e2fe6294b,4efdbb963e4328ea609ced0c43ea79ec54863afcf8b6dc3b54e36caff30afe16,lightgbm__fold_04__engagement__low_high__19dff680f739,4,engagement,target_engagement,lag_minus_10s,-10,0.5819393333333334,0.6880023333333333,16687,3677,10,2.2712798999855295,0.7211002634147546,10,0.671607900354813,10,0.8574811124429889,10,0.826019173003383,10,0.6311077516207382,10,0.8110927752087711,10,0.7405027127924557,10,0.7254239245052772,10,lightgbm,LGBMClassifier,6f5020a62aa64b2ba8e9eeb74b2bb836f9767f0e14b46b7d244a45e2f8dda4ec
complete,confirmatory,a2c51deb4d94e33d71863f1f1c7927470266b7352647664f3a411fb5db819b4e,612791846de0f23f1ceb7b9c6cf4c60feab475ded6e5f1a12842e91290f393a2,01a9a36af7fd4938668057f58a4af0d4815b36985a13f61e071f1297e75e14d1,lightgbm__fold_04__excitement__low_high__612791846de0,4,excitement,target_excitement,lag_minus_10s,-10,0.198937,0.36487366666666665,16689,3904,10,2.2735262000060175,0.8460780636305923,10,0.8575728454372914,10,0.9451342217810627,10,0.9409624886309024,10,0.8834507631147348,10,0.8087053641464499,10,0.8925586202517775,10,0.889635229023105,10,lightgbm,LGBMClassifier,6f5020a62aa64b2ba8e9eeb74b2bb836f9767f0e14b46b7d244a45e2f8dda4ec
complete,confirmatory,a2c51deb4d94e33d71863f1f1c7927470266b7352647664f3a411fb5db819b4e,64193c2ec4535f6cc19849558c01fee5b6573b1787b7e2244aea852ac92fbca4,27d0b6e27ea4a69159776babe88351288b3e08a8b6a0e0a437af967ad54f9cf0,lightgbm__fold_04__stress__low_high__64193c2ec453,4,stress,target_stress,lag_minus_10s,-10,0.39695366666666665,0.46365033333333333,16679,2955,10,2.2796678000013344,0.7648540987284124,10,0.7131973901627363,10,0.8914094169847712,10,0.9194260248009632,10,0.7378104288394546,10,0.7918977686173698,10,0.7483610205264662,10,0.7401323006250864,10,lightgbm,LGBMClassifier,6f5020a62aa64b2ba8e9eeb74b2bb836f9767f0e14b46b7d244a45e2f8dda4ec
complete,confirmatory,a2c51deb4d94e33d71863f1f1c7927470266b7352647664f3a411fb5db819b4e,3f39d17e39cfcd11d7135d532ff6abf3a03dce5454a4c7cca7e4218429b0183d,a5f608b86ee9061617d36b1743ad601431f955dde27218d8d7829829dc257d43,lightgbm__fold_04__relaxation__low_high__3f39d17e39cf,4,relaxation,target_relaxation,lag_minus_10s,-10,0.259306,0.403906,16707,3771,10,2.2583766000170726,0.8188617136697139,10,0.8206247423892912,10,0.9420527972315729,10,0.922151218626339,10,0.8779073306251913,10,0.7598160967142364,10,0.8570928010497969,10,0.8419088113386424,10,lightgbm,LGBMClassifier,6f5020a62aa64b2ba8e9eeb74b2bb836f9767f0e14b46b7d244a45e2f8dda4ec
complete,confirmatory,a2c51deb4d94e33d71863f1f1c7927470266b7352647664f3a411fb5db819b4e,2366ed428d32a8242ff4af98f65b8a5fd58b406edc9e0e6d163aff91c8ec4102,c4110c8ecd8ea7c835b8ea571bfeb6ad10ec8d02d986bd0e2c5b9a70c03e3241,lightgbm__fold_04__interest__low_high__2366ed428d32,4,interest,target_interest,lag_minus_10s,-10,0.4793536666666667,0.5286693333333333,16683,3971,10,2.258958500024164,0.7424434992838049,10,0.712357738776087,10,0.8482677180950426,10,0.8470646707281853,10,0.726109221152283,10,0.7587777774153269,10,0.7480213992692063,10,0.7459977551760134,10,lightgbm,LGBMClassifier,6f5020a62aa64b2ba8e9eeb74b2bb836f9767f0e14b46b7d244a45e2f8dda4ec
complete,confirmatory,a2c51deb4d94e33d71863f1f1c7927470266b7352647664f3a411fb5db819b4e,d9a35e8fcc1e5d4f4aac55aa914c9ec9ec00cd410ef370f286ba79ea3271f2f6,bcbf7453b6c3768b7f4446c03f027f80397a24d1f0f54a82146b8fe6d4a67bdf,lightgbm__fold_04__focus__low_high__d9a35e8fcc1e,4,focus,target_focus,lag_minus_10s,-10,0.365106,0.46338333333333337,16688,3731,10,2.2815737000200897,0.7024687299711783,10,0.6968976142172045,10,0.8131773407999587,10,0.7875200505198819,10,0.752907824008056,10,0.6520296359343006,10,0.7169928402228878,10,0.7708587350577679,10,lightgbm,LGBMClassifier,6f5020a62aa64b2ba8e9eeb74b2bb836f9767f0e14b46b7d244a45e2f8dda4ec
complete,confirmatory,a2c51deb4d94e33d71863f1f1c7927470266b7352647664f3a411fb5db819b4e,a5ed8f4f7a86adaced0a318d0953b1c6b54b427b3a9f5d15c4756979dca4bfe4,2f86d0e8c455b4f21168d0123e21d085836ed48610878f7e823e2e4fab91a878,lightgbm__fold_05__attention__low_high__a5ed8f4f7a86,5,attention,target_attention,lag_minus_10s,-10,0.408289,0.5064886666666667,15812,3818,11,2.2792582999973092,0.7783915890366252,11,0.7549253638249016,11,0.8859546684172923,11,0.8239743553205546,11,0.7324978975743103,11,0.8242852804989405,11,0.7843563771859366,11,0.7867943026019933,11,lightgbm,LGBMClassifier,6f5020a62aa64b2ba8e9eeb74b2bb836f9767f0e14b46b7d244a45e2f8dda4ec
complete,confirmatory,a2c51deb4d94e33d71863f1f1c7927470266b7352647664f3a411fb5db819b4e,98a27b11826a40dd54bc578171e2bc72f7ade6b8b899e40a14141736bc161d4f,fd819c1414dbc4a71c004ee2f223fde45d23c5e1a929dfb308519bdd81be5cc8,lightgbm__fold_05__engagement__low_high__98a27b11826a,5,engagement,target_engagement,lag_minus_10s,-10,0.5812246666666667,0.6832976666666667,16528,4267,11,2.2252541000198107,0.7231869967193627,11,0.6678397902830792,11,0.8657026479329438,11,0.8285833830710954,11,0.76064602203997,11,0.6857279713987553,11,0.7508788786617704,11,0.698332128542733,11,lightgbm,LGBMClassifier,6f5020a62aa64b2ba8e9eeb74b2bb836f9767f0e14b46b7d244a45e2f8dda4ec
complete,confirmatory,a2c51deb4d94e33d71863f1f1c7927470266b7352647664f3a411fb5db819b4e,64cc745a73dedb914720c49fd2b21204fad328cfe2429e4524a50062268ecf06,e83502bfb241187a15bbe01f2a2df8a2dcfd119976c2c47635b1515b95a004a5,lightgbm__fold_05__excitement__low_high__64cc745a73de,5,excitement,target_excitement,lag_minus_10s,-10,0.196205,0.361125,16537,3930,11,2.199220400012564,0.8398018940931081,11,0.8249478709500095,11,0.9549867155926183,11,0.9511576279917248,11,0.8210972186199311,11,0.8585065695662852,11,0.852357280514898,11,0.8477774779156458,11,lightgbm,LGBMClassifier,6f5020a62aa64b2ba8e9eeb74b2bb836f9767f0e14b46b7d244a45e2f8dda4ec
complete,confirmatory,a2c51deb4d94e33d71863f1f1c7927470266b7352647664f3a411fb5db819b4e,92b8a0bc2163a7ae97f77c8367f355c5be7634248bb05f486890bcdd0a65aafc,f830184ed4091f7c1893003e91eb518737ed15e8b5f007bf46bf30fa7cf23cdb,lightgbm__fold_05__stress__low_high__92b8a0bc2163,5,stress,target_stress,lag_minus_10s,-10,0.4021516666666667,0.4598493333333333,16523,4380,11,2.0813911000150256,0.7402499322543844,11,0.7048021755458224,11,0.8868675212667111,11,0.8925271572024559,11,0.6542923685056341,11,0.8262074960031351,11,0.792727386583318,11,0.7642353915066589,11,lightgbm,LGBMClassifier,6f5020a62aa64b2ba8e9eeb74b2bb836f9767f0e14b46b7d244a45e2f8dda4ec
complete,confirmatory,a2c51deb4d94e33d71863f1f1c7927470266b7352647664f3a411fb5db819b4e,3ed7aaeb4a95c705b5a5b85f91d9ae674a5150c8234303e9b9786772e09c530a,a638d2bb20962ed825b35f176b1a4005a8304bfc01370b1636d6ce403b817a6a,lightgbm__fold_05__relaxation__low_high__3ed7aaeb4a95,5,relaxation,target_relaxation,lag_minus_10s,-10,0.256914,0.3938446666666667,16548,4217,11,2.209278100024676,0.7586555092149602,11,0.7560391108034299,11,0.9224240625139829,11,0.9278859922414305,11,0.7294449380531947,11,0.7878660803767255,11,0.8468597604444897,11,0.8207504917964432,11,lightgbm,LGBMClassifier,6f5020a62aa64b2ba8e9eeb74b2bb836f9767f0e14b46b7d244a45e2f8dda4ec
complete,confirmatory,a2c51deb4d94e33d71863f1f1c7927470266b7352647664f3a411fb5db819b4e,f374349ed9c85e3bfb669661d6f18cbd88cc341d052e718f6cbd8b67cacefd37,df1d4a9a8a978ee0e3bcd8ba820067c8fc420fd3f5f02f8d6b88fa7e63bbaac1,lightgbm__fold_05__interest__low_high__f374349ed9c8,5,interest,target_interest,lag_minus_10s,-10,0.47852433333333333,0.529754,16528,3791,11,2.1370982000080403,0.7196909388909869,11,0.6057600806282449,11,0.8912011219435861,11,0.8882642684339616,11,0.7715299114157222,11,0.6678519663662518,11,0.7250873577366569,11,0.635716327212462,11,lightgbm,LGBMClassifier,6f5020a62aa64b2ba8e9eeb74b2bb836f9767f0e14b46b7d244a45e2f8dda4ec
complete,confirmatory,a2c51deb4d94e33d71863f1f1c7927470266b7352647664f3a411fb5db819b4e,8545f630916a7e08927f83ce1048ec676a7e664ad505f9e0ce8963a6f4fb28c7,d1251c35ecfb7ccdf7b0d7e26663f103bb7b943f31fc83ad844ddbed424760ce,lightgbm__fold_05__focus__low_high__8545f630916a,5,focus,target_focus,lag_minus_10s,-10,0.367191,0.4675926666666666,16541,3778,11,2.234403200011002,0.6869310996013985,11,0.6464660415059815,11,0.8049264288124647,11,0.7555889766058559,11,0.6272420076256684,11,0.7466201915771289,11,0.7118798158597986,11,0.6832593757470982,11,lightgbm,LGBMClassifier,6f5020a62aa64b2ba8e9eeb74b2bb836f9767f0e14b46b7d244a45e2f8dda4ec
