model,input_family,outer_fold,pm,target_id,lag_seconds,context_windows,earliest_context_offset_seconds,context_description,threshold_hash,q_low,q_high,n_train,n_test,n_train_subjects,n_test_subjects,train_target_sample_hash,test_target_sample_hash,train_input_endpoint_hash,test_input_endpoint_hash,specification_hash,run_id
torch_shallow_convnet,raw,1,attention,target_attention,-10,1,-10,PM(t) <- raw EEG(t-10),40889ed77c7a49254028614aa69c424c2355cbd1baaed50dc47082b1864510f7,0.40640833333333337,0.5057536666666667,15241,4275,42,11,ac837e636c0af28f8f72f207807d0e14cc379ae7c862995d0eb12a18fdab8cd7,de154b1d153684c0260152372adf02e4ae0c6c7af5b1e8a263cb7029826d6bff,b399c79bba31aa1c37c00ed923b19f039a0ab37531458d23bfc60df198160097,f6cff4f145606f5b72614c2a86b816d06598f4ef3791d36d36c1575996765b37,a8241fc0cc9c8bba5658831602be6cfec28668426fbf203ae43f6cd23e9bee78,torch_shallow_convnet__fold_01__attention__a8241fc0cc9c
torch_shallow_convnet,raw,1,engagement,target_engagement,-10,1,-10,PM(t) <- raw EEG(t-10),7d374ea6928381e1ee56d96473fa6567757f8df43407f81bbd24c398d82e419e,0.5800476666666666,0.6855443333333333,15934,4556,42,11,2f364e6dd6dac221493bbb8db98c51438d544371f8f0610cd470727d40b9c04b,67f354ee89ea37a61a3ada66cd680b7acca6402cf988484a3f103bbe6a1ea308,82b93c133e01685d5cea32129a6704b11a055d3ee5cc2081922a1c651a99da35,7d2be9f0360ed9a1dd749fe39569ebbaf620daffccac0b1beec228f8cb7bd52f,a30ddeec687b668d0184cb06dd3a1fa7ac99871a68a01d2120e970500ddeef2f,torch_shallow_convnet__fold_01__engagement__a30ddeec687b
torch_shallow_convnet,raw,1,excitement,target_excitement,-10,1,-10,PM(t) <- raw EEG(t-10),f13db677a8358b59d7e0528258ba7ff9bf95b5314741ce39a724cf74d183ddaa,0.198928,0.3627136666666666,15941,4710,43,11,46755c1e20e5799d3c8e3c0be4a2f4a3f18856086f1b6fe611eda5fc71a849dd,e43df2977fae51181563a89ebe1901ff393e6b5cba8ed408ad7fc9b9f35a396f,1d54b2a414546351dc0da5cdba629674b1f2d204cb67a1273207d4ba8ef0789b,eaf71fdcbb22ea67481b6604a7bb86254672f17c549d885408573f60161fb479,c4a19bbcc6c1f832de8722a220a96741c91b7aa07e28e19471e5be99f50a006d,torch_shallow_convnet__fold_01__excitement__c4a19bbcc6c1
torch_shallow_convnet,raw,1,stress,target_stress,-10,1,-10,PM(t) <- raw EEG(t-10),bc3be14a13e7a39ebeab010389e1c408e3b117b37aecad2317d7955676362ffa,0.4029856666666667,0.461275,15924,4905,43,11,5646662f70b23c348f500bc8018a5f316a9dcaa12c89cf89cf99c0ffff37fe88,27316e27e81623be5710188c4bbac0e88bcacf5cadc8bb5a949740e60da30e9c,eeeb5352885311d9cfa9d6956c3443ba73a949004c45c0a85a2378ce7f4d8f90,66de27e25f100e9d29a4653124f1bfd527f991e4d539d5214ae7899db29da5b4,6facf1f6a85ff06418d0b21f43f99cb90e27c7427a6e3a15487fec913bef17ab,torch_shallow_convnet__fold_01__stress__6facf1f6a85f
torch_shallow_convnet,raw,1,relaxation,target_relaxation,-10,1,-10,PM(t) <- raw EEG(t-10),38b0c29f91cf04074516bcbbf6cf6e9362b22718f7ac54fdbe5adf6de43d5d14,0.25662399999999996,0.39230799999999993,15947,4860,43,11,80bdf541d6d3f3dc1ccae382c9f7be6cac38ef75bc83ec94bf56735813804e10,c1afb9aa0088b812a4435cbb039e93c3b5ee862be868e1f9fddad73d9039f84e,32f8e8b0ffcedfef69255b5ce66998b16fc87723d0434002289945417a787fd9,66558bef91c30e40a4f6eb41e9eb7c4ccd09271262504465e5f3375eef9770e8,1ba9cb9edaed10688139de56eab33c562cebfd92ee38be8e6a1251d48e7fc3e1,torch_shallow_convnet__fold_01__relaxation__1ba9cb9edaed
torch_shallow_convnet,raw,1,interest,target_interest,-10,1,-10,PM(t) <- raw EEG(t-10),bd39db4c19d9f742cb059d0566f550cf160821412eeb67d3cc0780042dbd7317,0.480751,0.5305233333333333,15927,4692,43,11,5ca8d61de646678312a2d530cab97192f5b8c2fdb963f8ebda9a06db87a1f1fc,a0260a8ab39881763eb4e325fd53edc7ec081f92af2727d8594f4df8879b5c2c,6f1d4a5900c192745656bd2d6ff163d9790629e38ac7b4b2a9d24880ed1a07de,d39782e0ffa7c918438f500e2b633e1dc39419a89a0a075f81f91ff59c8dac98,e47218b7b9bcf0bec751b766cce586a50fae85109e14a07054db56d35c6e71da,torch_shallow_convnet__fold_01__interest__e47218b7b9bc
torch_shallow_convnet,raw,1,focus,target_focus,-10,1,-10,PM(t) <- raw EEG(t-10),7d71bb99b3a559d0df0aa3bf8b195bafc98a0dd046a82039a430a2fa4892b0d0,0.368801,0.4654386666666666,15934,4745,43,11,13c8256d6c504d64c2aafbcf8afda590c95af37fa8630180dd05588323d3acaf,381d93223110b7cd5af5a9072e8cc67788a90d37fc4f882691959ddfbd2affcf,f83e278b3def8b6f1e6b965c59706cd6f377788b93c4e02b4d49c5eacb15417c,fde4e1301e33d142d5dcd63065591b919e99398ab260eedcaac33f11635647bd,ad975bd05eafdacb110ef7634ef4a079e3a0a8bd94b3e7eee3f416ef02ac4367,torch_shallow_convnet__fold_01__focus__ad975bd05eaf
torch_shallow_convnet,raw,2,attention,target_attention,-10,1,-10,PM(t) <- raw EEG(t-10),05b80bfaecd22890a7e360375d08013c2763762bc191dded6a0bbd75f29be07f,0.409755,0.5089703333333333,15830,3758,43,10,268687b6f9714bde2a4a9a04b3242317a7f895633752dd62d71cf4dc00d641ec,b4cc1d71691f8cf260d0ed50d1954ca1777308d68077cd47de86eaee2da12b48,95d8240be805e61095cbbe7e2a37a5ba5a44f151a9c4522e26d1f40d7922d07b,02f787779b328cbcfbffe41e4eeb639fcf46f074e0d600b6433df05a86a16142,f811824c6d25185c62522fd8c146d113acc0c82531b98dcdd2ea33cb9dee8776,torch_shallow_convnet__fold_02__attention__f811824c6d25
torch_shallow_convnet,raw,2,engagement,target_engagement,-10,1,-10,PM(t) <- raw EEG(t-10),96921223f37aee74e8576505e04d8d93656b6d22365a8c1e79d1aadc606e3780,0.572122,0.682083,16404,3812,43,10,878c34cf2e7399941af30ed0623103fcf66324e3c84753cfd8725855ef681b41,d1c0c3f41a197b888e61f826c8d257e63f594530cdcdb07e36b2712683c8bfb2,b37a481ef0ce0877634e371e81ec1c1c4b09bdec6c94e96005085969283ee92a,337f3071d243e84dd890fd68bf867d9541498e854e1d1aad211ac28da8a94269,4b64485a9e8b0324581f73f47d38a18fee871582622c5427a1903df28b77d551,torch_shallow_convnet__fold_02__engagement__4b64485a9e8b
torch_shallow_convnet,raw,2,excitement,target_excitement,-10,1,-10,PM(t) <- raw EEG(t-10),8cf290447cc76b4db2bf7811a784e38768237f66e910c108ea9bd99fce1b2673,0.194812,0.357134,16414,4099,43,11,8128443e2c1fbe267985083ef437ccfcd31a09508cbb3f5c8359013491a7ae1d,69a9b4d35b261a91db756d8fd8a63d9bfcd811749fe9eb36bb3d4d3db0161c73,88ce018c77aaf27b1b5e66feb5c6f988715cf32f567687578ca9c80deb376472,63a6329ba600c71c5fea9a13fb3fbef9a16fa7a3b0a88e2a17120a295dfe6376,29461198f4224ce0435c584d4e9d8daa4e470b9a20adc5e59603d67b7573778e,torch_shallow_convnet__fold_02__excitement__29461198f422
torch_shallow_convnet,raw,2,stress,target_stress,-10,1,-10,PM(t) <- raw EEG(t-10),f31c8981acf165f01f66cc01c4f2b2d6927c370f1a035493f12dece19b93ba49,0.396448,0.461981,16401,3382,43,11,8411423f328c85b008130bdb1aaa959cb4d1107da7454c28e84663819d643639,9f7c772dc29c2a7cf04371237e41ce51d479d7f13fe8c529976221d9e8ecd988,839dac182baffe2ecce690b595c27d755dfe9662e41e0b090ba646d241e011be,520a33c7c660399cbcfd0aab934469c798ec89c167acdca3be818b7473e9e71c,85a6c679eb63e700ae41b0bf0cf0d6bf1d2ca93d605c758edc99bd95cf4e6a98,torch_shallow_convnet__fold_02__stress__85a6c679eb63
torch_shallow_convnet,raw,2,relaxation,target_relaxation,-10,1,-10,PM(t) <- raw EEG(t-10),7656df549309178054e578a36ceed79ea658632f163e5e508467b9011bdaa756,0.256714,0.404291,16429,3787,43,11,2e83a1c1225e05466fe0b2b5ffb2b245f458634c7a01109b8b7feb9fe9b3e86e,3cdadc6a3b976a0f38bab596a206e3d1a313ab79436aa9376b434606e095d57f,1077512ca42cd8ec483add595d7961e7b0d9160dd0e5e01acc5a789f44ff3214,c32c2fee602e7f712d217f6b68e8c5e06e47719449253ce65b14450f87b4cac8,82d359ca27d38afe80c4bfb3d0af15ca693eade6302096ef0ea180654a8b9a92,torch_shallow_convnet__fold_02__relaxation__82d359ca27d3
torch_shallow_convnet,raw,2,interest,target_interest,-10,1,-10,PM(t) <- raw EEG(t-10),a6f226a94e84838366c4cf62d5dbcdfa343d2e4317631dc9cd843403760f8fb3,0.47714,0.52968,16405,3629,43,11,c5c15f44d2e69c783960565a46f87ce02502fa98359739201710edf8deeb3c6c,795933ba013bacfaab9a48983b996ad09255b2e3dd2123782e01fbfe04c31c35,51d3351da528aa6fa47e7d09a79bd58f788bb78670364ff2984fa85afa90e0ef,1ab79ebd82f1b95703741050d1a56e2cdbb30584fd17dab32b70e170cc043c75,b48b7c85ddba359ae56dcc05870a57e9987f4f1dfaf3bc4cd44a0f91772b9936,torch_shallow_convnet__fold_02__interest__b48b7c85ddba
torch_shallow_convnet,raw,2,focus,target_focus,-10,1,-10,PM(t) <- raw EEG(t-10),74e34c54e7221dc6ee613f5b9c86caff220ef215c764f9f3f1457db68a376147,0.364693,0.460551,16408,4177,43,11,579252362f13a47c63e39500fdef5edae2a4fb3c1ab2e8ea24b60c89b6e48782,51e899bcee4bc67d7ec85e855cfc97e6ab543103a4c4d3c1a785b11312bca213,506c045614f484375140dce034f9b3a89446226a24be6325c0b7ac82cd90c61d,e9dff26ee4d0c15802c4375df57ed748ab2621eee1a66e639398da0508b01ea6,d81abc924721e640de7d3d2732f976b46f7a92fc0ec96cea10434ae65233dfca,torch_shallow_convnet__fold_02__focus__d81abc924721
torch_shallow_convnet,raw,3,attention,target_attention,-10,1,-10,PM(t) <- raw EEG(t-10),d9fe93c98329da3f22770036d5d5bcc1723fbbfb61707901d1eaef4a7001f95d,0.407012,0.50364,15726,4019,42,11,a5cebc76705dfe78d9069309261992d18aaefba45bd8350cd77267952e5e1ff9,40cf63640cc4471b14135e4d4948dcd6afd8344147ad160cfdf1b396c73dc02c,30d77b8357b1571d54b9df1cfca6bc84cb2449c86a1004a946144a48a98900b1,3eecbad373998a2fd8d1218a9682f79cfb0d6485c6c568e1341789ce8d11f516,6d3b5a08fdf9e3af594446f0626511c93e5fd1279914e5713bce25d010f3674a,torch_shallow_convnet__fold_03__attention__6d3b5a08fdf9
torch_shallow_convnet,raw,3,engagement,target_engagement,-10,1,-10,PM(t) <- raw EEG(t-10),a74a573473ef95d46567294f0aa220d0bd8b428d9a9120f4a96756b0c84d9f51,0.5875743333333333,0.689116,16515,4210,42,11,61e4715e3fdbf84e55771724176e8af24b1d35914579776aac4f4fb3de4dcd0f,1132952bd73558ad4a208e5074be0094a6e8fdfeb9a83f0cb4881bb6a88e23f3,10e85bb4ef148e90faf0cf60a27d6cc929726a252a119a9bf72d18c39f93be16,991e5dec8f5cd9630466f2c2355f05b15d4f6a99ef33bf84bd8a1893f318ae7f,fe0f6d8ed2d69c7b1638cf1a9c3760539908042148e89af43f8cc5822ff93adb,torch_shallow_convnet__fold_03__engagement__fe0f6d8ed2d6
torch_shallow_convnet,raw,3,excitement,target_excitement,-10,1,-10,PM(t) <- raw EEG(t-10),fa418d56645cfa9ab67032bef122ddca9f2bf2af811172bdbe6b172d6197f493,0.19379133333333332,0.35695933333333324,16517,3925,43,11,7a976bb97d5068a96b057954d13a2c8d561b0ceb98cd9b0d027321d726e1be60,35437ba297216ad50d48f232dbe39e93a7a2e890daab7e3ba60b008d80e798e5,fb153e095bd4c4da5221e4aa35b846af19dceb60dccebc41ac7b6b9713008afb,e4883e1bc82e7bc037d466b2cc2468e756a0b8efa8a1517c28996e46f4c87c1d,7dd7bb8b24f0a9b7847c92852728eeb59e90fe29cc8a6fbf7e58e72d19388e99,torch_shallow_convnet__fold_03__excitement__7dd7bb8b24f0
torch_shallow_convnet,raw,3,stress,target_stress,-10,1,-10,PM(t) <- raw EEG(t-10),bcd3007f8b807817734d67f5fb79247d682169631186c1b04d4f2cedd74be7de,0.405259,0.460463,16507,4794,43,11,b7d9c058d17c7ccbcb337407c89dce3643aea4836abb54fc1caad17d93661355,117ac3c7da30e7d6696aee199abd4fe61bc9164e1af2b93fdb28cdba9af45ee3,985a6c1cc9a8608393cfa1f1b87278b13b7d236e91ab252ac4a9efaa801cd44f,66fef7ffafde9f5d0a0f0607dfc2d3969d05b56194758672c56e604a67fcae0e,561b3afd2e4cf1501f5f945bcecd6070a0172f32d6338a4ba42e9211d12e9129,torch_shallow_convnet__fold_03__stress__561b3afd2e4c
torch_shallow_convnet,raw,3,relaxation,target_relaxation,-10,1,-10,PM(t) <- raw EEG(t-10),e60bf995e60c88b6af88b34c7d1f44be24f60c5b4257ba68426a2504b9aa025a,0.25428966666666664,0.395869,16534,3918,43,11,859ef1bfd9ab662090b6e308b6572b188a70e20137a1c047b9d4e06fff054f2d,6021090d035e707f148926abaf58a6f571b7a2b2c75184a6ce6959b466ce42b1,c633ea3472d01262772ffef78027548f2ac25d1b67e5d62d447819f5a42ac9f1,7cce899f7e7509b686848dc9931914450827f38bb48b64469fcc55af0d724378,a8a90bad2ca45481ea64a7953e37659a25bb98d51e917d7be63a95ceb2b6b987,torch_shallow_convnet__fold_03__relaxation__a8a90bad2ca4
torch_shallow_convnet,raw,3,interest,target_interest,-10,1,-10,PM(t) <- raw EEG(t-10),3bcb6d908dca29ca782906a4f9f4eb0ea8493afdf7dc53a3c5de50526bd55ffb,0.480798,0.5285816666666666,16506,4428,43,11,98d0d02732f3c0569a53ab5fee22fc2175491585aacdc45f62af16b2ac720089,2a57fa92941dfa3dfbc564811bf6224acd9d32b931fc61e33ac929b125d31818,e66cbca7efba3604cbf0f60f76d8639c9c8375fa15acd919926cb1fe3db45adc,aba37ded4a49918b03d9dd0952a4829cc04d31c7eb108f95ef76642a2db0cd1f,8b4f23137851e89f224cc72b02fe8db7d5c0c794492c9d604fe2e4ebb2af9529,torch_shallow_convnet__fold_03__interest__8b4f23137851
torch_shallow_convnet,raw,3,focus,target_focus,-10,1,-10,PM(t) <- raw EEG(t-10),0c7365a9f52cdea7f5ff5bd02009df8f23994345c83ad7446745f49568834711,0.3654773333333333,0.46152833333333326,16512,4090,43,11,3c290bf4d79fcee4f6815537dfbbbba754381ef0f03daff8de7166884d8b7e4e,c2425c06dedb4ddf01098ed8514112e0b61a3a21f480fd280518566a87265ae1,8b2e5348bc94a1c616a013c1751f4bbfdf25521d15e7afc54adb7a7398f2c269,5395c00b6e3ae3f81ce6a1f762bb15afead531ef279674ef8a315e9716fef523,18be17eb96679581284ed662bc0fdf3f89f41bb422103468de643e9f51d3d9c1,torch_shallow_convnet__fold_03__focus__18be17eb9667
torch_shallow_convnet,raw,4,attention,target_attention,-10,1,-10,PM(t) <- raw EEG(t-10),4404f50166a53629f16deb855b5dbdefb3de95149a3eec0eec91689ced0aaf96,0.410495,0.5079906666666667,15937,3789,43,10,d6bc4dd44a146802aea289085e20f3a5469bc59a944f3a84808d81b7aed2dd74,5ed80d114ce64d14399bb12a61f0b309514a69dd18876b7e42e5b18f2e03c958,ef42f6fbeebceb86a0748ce38f80547c33d8f552d0123ba295444b2f639b9ae2,5f73bf97c5479a6ae95a4195b0e8f4e7a40696bb0f20f66ca98c994ed85b04dd,cdf36e5d5a455938c89404bbf729683f4b3ccd8d61d62d3cc4ac8adda4b5b187,torch_shallow_convnet__fold_04__attention__cdf36e5d5a45
torch_shallow_convnet,raw,4,engagement,target_engagement,-10,1,-10,PM(t) <- raw EEG(t-10),4efdbb963e4328ea609ced0c43ea79ec54863afcf8b6dc3b54e36caff30afe16,0.5819393333333334,0.6880023333333333,16687,3677,43,10,986d1415067904080d56b49303685c463e195fe0f6cc22b9219e6da5b4f26546,2113ccdf90100c1d206c6885db866dfe79f738f7b4252d399a7e2666fd34e2d7,6288df5ccf4ff1a86c2a45c479318705fcba656169f06bb48da3e1f1d3b09ca4,7621ce9da99cc7775b176d72ca01b5cbed104fb23fe500851526055a6825abf5,5036a3a84a3bbfcac82424c7be95a54d2d9a0c69c9d65c42897ab953c66b3c93,torch_shallow_convnet__fold_04__engagement__5036a3a84a3b
torch_shallow_convnet,raw,4,excitement,target_excitement,-10,1,-10,PM(t) <- raw EEG(t-10),01a9a36af7fd4938668057f58a4af0d4815b36985a13f61e071f1297e75e14d1,0.198937,0.36487366666666665,16689,3904,44,10,2bf159cea185c08806e5852a0521171522678bfd8d04d9dfff4d87344dd97627,5c7266b2d141299fed527809be439b1cde70b5a5b0eeac7a636706af194da1f6,51bd347f90a72d6f34506440ede3233f540b4592f044aadda592f2f234fa378b,603718333acfd6a52a20c3a30f9c227185b006e205774e6054b6dbfeb143e271,58904f1c4d0149b9fa89edb449cd0374d0ab6a352a58477cd8df094e2bfe450b,torch_shallow_convnet__fold_04__excitement__58904f1c4d01
torch_shallow_convnet,raw,4,stress,target_stress,-10,1,-10,PM(t) <- raw EEG(t-10),27d0b6e27ea4a69159776babe88351288b3e08a8b6a0e0a437af967ad54f9cf0,0.39695366666666665,0.46365033333333333,16679,2955,44,10,8626c877b29078ccbf8827b46494b91b7bfcea537af78dcbb845acad5ad28c42,ac84b2405b30aa4b5c2f5cbc3a86954f2bcecbcdcd42d348b17baef04c9bc463,df9034788da29316b67fe81c43a78cb2aed183d6ab7e3f108ac4628e81f594c1,508fd27ace3536b163036261bf6b70b1b2f590aa0c7f58f3e8a61b70e8e7e747,2489bc3ccada14875eea516ffe9c88249c70bb3ef40ecf0ec3091753f84a8270,torch_shallow_convnet__fold_04__stress__2489bc3ccada
torch_shallow_convnet,raw,4,relaxation,target_relaxation,-10,1,-10,PM(t) <- raw EEG(t-10),a5f608b86ee9061617d36b1743ad601431f955dde27218d8d7829829dc257d43,0.259306,0.403906,16707,3771,44,10,8b1921d4d5c07dab4a8de8755eec16059309a05437e5489c47467415666005fb,7b62a8eca8adcf8f868002f7b50d4ef7ce598bf87d1cd10acaa55da2cd3bad38,e8c2f2fd87657f7bee0207ed3a6bb5e7dca61858f644b5b4e5d730397cede205,f04ccd2a92378d7e37ffeceacae550e05f0f9b49168671d026d02c7dbd0db46f,c0133f5cf62a17850dd7c3b0cc8b551122bf0115a3e99b7fd9bb473adbe5b085,torch_shallow_convnet__fold_04__relaxation__c0133f5cf62a
torch_shallow_convnet,raw,4,interest,target_interest,-10,1,-10,PM(t) <- raw EEG(t-10),c4110c8ecd8ea7c835b8ea571bfeb6ad10ec8d02d986bd0e2c5b9a70c03e3241,0.4793536666666667,0.5286693333333333,16683,3971,44,10,dc15a575b4e8dd1791706916a39e0b9e65dc5b69242cd007fc815a7885d98e3e,e5948de105951744ccb12ab3681960ac9b6deeb89842eaba2caf66ba86dc9ad3,7bbf0531543c7fda5f9051623f6ebd9c6eab843029517fb3a419afc22c1d43f3,39ad4b00bd76adf4b5334eeba7d0edd4eec8173ed7c5ee3cab584c3d075057ed,5501ce01c5a95e74a42dfe2185779402ab6e865a13cae6821c298af6d7acdfa3,torch_shallow_convnet__fold_04__interest__5501ce01c5a9
torch_shallow_convnet,raw,4,focus,target_focus,-10,1,-10,PM(t) <- raw EEG(t-10),bcbf7453b6c3768b7f4446c03f027f80397a24d1f0f54a82146b8fe6d4a67bdf,0.365106,0.46338333333333337,16688,3731,44,10,433fdfdab7418b3ac1b1eba53628b0a707ee15dfd4099c8f04fe8c7220275e8e,7f4092854d93aed8b2ef29ce3554104a18a1509d66238a9a4e1307ac929e958c,9df1220af2e4d8733b92d48b5d486000ba7fdc9b067c3171257e486a3417512f,410bf2017dfcea8a31f60340a3c983ea9099d61588c6d1eb35de5f09d64c71c3,3cb15faeb3c5ac7b1d636ac4bedad9c6baa5571751e53582a1989b33f2a545ac,torch_shallow_convnet__fold_04__focus__3cb15faeb3c5
torch_shallow_convnet,raw,5,attention,target_attention,-10,1,-10,PM(t) <- raw EEG(t-10),2f86d0e8c455b4f21168d0123e21d085836ed48610878f7e823e2e4fab91a878,0.408289,0.5064886666666667,15812,3818,42,11,047be59ccbfa5b7c40042855c6bec8ef2a849ce95090b47c1e15252441077662,c0467e0af845f50ad453d29a98a73b3965bd0ee2ca9722863c091dec42b7dc3b,a20277718b7b4e4b5f619d6a532ed0e2945a66780e323f719dcec81ba9f55bbb,b318b4ddb8175f15a754633e8a127c0b33a7d29dd488b06d04dad57600693a08,8defeb77399c3a066babd4476a84681ce0825830359c3e3e675b34e7a227a8e5,torch_shallow_convnet__fold_05__attention__8defeb77399c
torch_shallow_convnet,raw,5,engagement,target_engagement,-10,1,-10,PM(t) <- raw EEG(t-10),fd819c1414dbc4a71c004ee2f223fde45d23c5e1a929dfb308519bdd81be5cc8,0.5812246666666667,0.6832976666666667,16528,4267,42,11,346f7b7e7729a5185038ff24672d882799d06a3b9532a846a0a88d310ca16a04,cb815790ac4c4bd8150c380a03aeaef980a5797fbf2bd2e744af9d810c2f3cb2,74072021511536b499d06d792c386661df9e0f1863c02538518fd37c3376e364,1dc5720aea603bda504a4a9aae27a0e7455d6d17dcb6d643ed9aebbc654d8b0b,f8fc6959da493ef45887e99eac551159fa1914b38be6cdddce34035d44a2a801,torch_shallow_convnet__fold_05__engagement__f8fc6959da49
torch_shallow_convnet,raw,5,excitement,target_excitement,-10,1,-10,PM(t) <- raw EEG(t-10),e83502bfb241187a15bbe01f2a2df8a2dcfd119976c2c47635b1515b95a004a5,0.196205,0.361125,16537,3930,43,11,c4809372afeffc8c0ab08e218557e903e3bed3671b35dcd9b17b3e80ec3e1e4c,69d92ca21bd937ed6ba37853b32a439042e91ec546bb2a5791a8e782bbbbc0f9,f2f2f1225380ff1d57efba4e5fd19f9620c6289ebff34d9a0790bd087d967e2d,d39d6e0f5c3853d9924bbb9cd4e1c852e2f57100c9c8b7a62dd0618395e8db0f,62ea72bdbf2707790c4e530c4646d6405c03dc6254649e45a30ef4de03974b4a,torch_shallow_convnet__fold_05__excitement__62ea72bdbf27
torch_shallow_convnet,raw,5,stress,target_stress,-10,1,-10,PM(t) <- raw EEG(t-10),f830184ed4091f7c1893003e91eb518737ed15e8b5f007bf46bf30fa7cf23cdb,0.4021516666666667,0.4598493333333333,16523,4380,43,11,5598d9b428cc8d2daffd3a09ae72357ec7e9584093626d817f11e57cc0f076c5,cb9d0fe9ef57ea39ce83a06723d74348653b23eb9438bcd33eca7ea7744131b8,cab65356c2a8cc5e87e32fc3278379b9038119aaf47c9b1c905b82a24b7597c5,cc293b47e0d6769e81b8204a4538502fb18780c0ad6dca87e5e7cbe17e8ea251,3d8e4c3844c2fa49542216f6dec1cd49c22ff7d63274d55bdfd39477e766229b,torch_shallow_convnet__fold_05__stress__3d8e4c3844c2
torch_shallow_convnet,raw,5,relaxation,target_relaxation,-10,1,-10,PM(t) <- raw EEG(t-10),a638d2bb20962ed825b35f176b1a4005a8304bfc01370b1636d6ce403b817a6a,0.256914,0.3938446666666667,16548,4217,43,11,1f6a8f73338edc08be6c918244ea7a42d13eee1132a7c5cab422880956d63d5a,a2925eb2e32be7b101f7abaa4b3b3d73238ade4c6c7d544c0127dd248f3d08a9,57f38ca679eb087880900a0910995d248d1227cbd5ceb7a61b4f8d6c06cea129,5e1c99d7d650262731d839754502eb7883e08e1a9e60d4d4a9040d07af400be2,8a762643205fcb6faca50285a7ad9bcafc9381764f078e6c57560999971c9af3,torch_shallow_convnet__fold_05__relaxation__8a762643205f
torch_shallow_convnet,raw,5,interest,target_interest,-10,1,-10,PM(t) <- raw EEG(t-10),df1d4a9a8a978ee0e3bcd8ba820067c8fc420fd3f5f02f8d6b88fa7e63bbaac1,0.47852433333333333,0.529754,16528,3791,43,11,6e396b2c20ae510b314530d23b3dd9ef1d7496266d7214d984cdf177230647e0,b215e6b9642fcea91fe3a87dcc096a2c6fdafffd487427082921833a6496e00d,ee7aeb928d1f23bb98920cbc47d41a8665d26274de407c2b36c718374c3bd684,aece9f2310a10bcb04890a43e6945da8b20d49aec8cf39e9fd802e8da650e26f,edb93dbe1504c9f00c632b720b05b2ba3c4e98258fefe1fd4c3b9ac0a7de1fd3,torch_shallow_convnet__fold_05__interest__edb93dbe1504
torch_shallow_convnet,raw,5,focus,target_focus,-10,1,-10,PM(t) <- raw EEG(t-10),d1251c35ecfb7ccdf7b0d7e26663f103bb7b943f31fc83ad844ddbed424760ce,0.367191,0.4675926666666666,16541,3778,43,11,a5d17c5668a7a564616395987307aaf225e9945fa5e651416dfd56d7d9442b6a,baa1f83c8a2e128d0706395b1ff03bc408a7e2ba785a6fbed69ad6cef1e366f6,bdc2780ba923f83431075bc8f4b61bf5484714b6bdd630febd29587673fc3bdf,b2b06d580a842cdb66718b8dac9706bad61656ada24a675b467c0424750859e4,9784cfde0cfefa8671d535d180c57ed4adcb6d4f47d9b7c4da87192f6cd536ff,torch_shallow_convnet__fold_05__focus__9784cfde0cfe
torch_lstm,sequence_features,1,attention,target_attention,-10,10,-100,PM(t) <- EEG features t-100..t-10,40889ed77c7a49254028614aa69c424c2355cbd1baaed50dc47082b1864510f7,0.40640833333333337,0.5057536666666667,14829,4124,42,11,c6423ae72bfe3eb3b8fbea1c94ca506d46d71cb03aa2b0f8714b761e7801eaa4,8ac99b0c241fbe3b664638a4829f3480d294546cdf560e46c764c97f80142ba5,daac3350a44e5538ed084d9fd37aa2fd185129f5ea4510a82a5dcbd7e3ca2bcc,1a9114cde55d4380e989bde5143b3ddb33fe018215666aa13328e3787a85af85,464a5d6bf940691e130b7f480f2ca382a08399482f39f213459746a0116ebc01,torch_lstm__fold_01__attention__464a5d6bf940
torch_lstm,sequence_features,1,engagement,target_engagement,-10,10,-100,PM(t) <- EEG features t-100..t-10,7d374ea6928381e1ee56d96473fa6567757f8df43407f81bbd24c398d82e419e,0.5800476666666666,0.6855443333333333,15238,4313,42,11,fc793e5464dbfc12e600d78994516c63d52b70da2bda8309ca049e76bbc2e173,0cfb05e70d14105666143069d6c0f6477e4d55f344d144632e3fc22f7e91b8ec,9caa35b58d015f070ff652afc129390f32c438323fd5cf061d6a04f63a0e542c,375a7aee8d33ea2496de4769145f8d0033c663948de728a3a9ca05882040a3f8,ab4362406a96dc0482b178c0ba411986d8f5c87912522068d3e5e61c96d4d638,torch_lstm__fold_01__engagement__ab4362406a96
torch_lstm,sequence_features,1,excitement,target_excitement,-10,10,-100,PM(t) <- EEG features t-100..t-10,f13db677a8358b59d7e0528258ba7ff9bf95b5314741ce39a724cf74d183ddaa,0.198928,0.3627136666666666,15414,4489,42,11,b44b655945e2936897e5f9ec4278f020301e20c79068fc85e19607de2099eeb4,1391462013917ce4604f077f3b58384e4f37a48839b4bfe8a3330a4b732f7b75,8426011128852b3df07eb08ca842c70077b98ec0f82345d388bf95d4da592046,a99a435d35d7c4125a2fadc8f2daed67be36d45959240a8e0e44b5c34eca7dfb,8008435068c19dce5a336309b8429b6c8f27c59ff2eabd772952a71e6c5c6471,torch_lstm__fold_01__excitement__8008435068c1
torch_lstm,sequence_features,1,stress,target_stress,-10,10,-100,PM(t) <- EEG features t-100..t-10,bc3be14a13e7a39ebeab010389e1c408e3b117b37aecad2317d7955676362ffa,0.4029856666666667,0.461275,15261,4670,42,11,f11bd36835cddcbe0d0d1ef5972f0f8e5f5e32880d44951660b83bb0b25dea82,9b1e18b1b56344cc53483e31599ca852fc44a42fe2db61c1bc8cfd64b9c9018a,5111f78f81579979ed10e73c56c15c99b662b1a4a91307957511b61966dbfeb8,82c21cf30de112469971f4e0703d06c7f9e9f36cd8492c214d44bacf02221b2d,8c22cfcc55d033ea4c789a98f745e0377c06b573f65b085e92b0308a4634183e,torch_lstm__fold_01__stress__8c22cfcc55d0
torch_lstm,sequence_features,1,relaxation,target_relaxation,-10,10,-100,PM(t) <- EEG features t-100..t-10,38b0c29f91cf04074516bcbbf6cf6e9362b22718f7ac54fdbe5adf6de43d5d14,0.25662399999999996,0.39230799999999993,15503,4644,42,11,e77ed829d71ed9ac06c1ee8e6c6b266f42ce3a87ae373516b5232fded03290a9,bc84e731363f3568663145f3f13a3486f852a97ef07ad010386746d3fcb0a51d,a21e4f56c65b50fb430019dd4f7995f8fd1107cabedf7d3557b5589ee8579c57,1651d7caf08a2054d98c279227fb7fe21cb56256b20d6eb1ae40ffd2e00f61c3,2ad3e56ea9ff7df8437da9ac99c6c132351a873a59f9134606d8b951c26610e0,torch_lstm__fold_01__relaxation__2ad3e56ea9ff
torch_lstm,sequence_features,1,interest,target_interest,-10,10,-100,PM(t) <- EEG features t-100..t-10,bd39db4c19d9f742cb059d0566f550cf160821412eeb67d3cc0780042dbd7317,0.480751,0.5305233333333333,15281,4458,42,11,9da7326f78c38ff543fbb922febe89520c1ff5e22c0bf61679d5f8799c056e4c,a0e34296ec65deb14bc03518835f06d39af4c2995aa2c51aa577a4a6ca76b7a8,3783e792e169d109c983bc182efff5db76e698790b5320d63533061367d40e92,d3a725dedb9b2375f2e4149fa8651475c0e9d0544811155a8172d15458a178d6,e9d7142617a4fd7cff9ee4b4819c90fbef46834706dba4a998b46ac8b2f4055f,torch_lstm__fold_01__interest__e9d7142617a4
torch_lstm,sequence_features,1,focus,target_focus,-10,10,-100,PM(t) <- EEG features t-100..t-10,7d71bb99b3a559d0df0aa3bf8b195bafc98a0dd046a82039a430a2fa4892b0d0,0.368801,0.4654386666666666,15320,4526,42,11,2988df718d7623df09d1d295278bbab5cdef554d53823e3ba6016ca649ebeadd,b8f216cddcddd47abd7dd6fc3183dc69bf119cc91b9c4e82bee68cfe4ba8686c,0b894325fee67413f1534ca2f8a4ecd6f8d5e9d54b99a0264f22dbb201283945,ad8e112e70161a72f59927633262787a285370e3403c5a4f7214f15f6ab8e30d,47247b54b250a9e6d5640f1286290e01e825a42899621cce83595ea9dba4731f,torch_lstm__fold_01__focus__47247b54b250
torch_lstm,sequence_features,2,attention,target_attention,-10,10,-100,PM(t) <- EEG features t-100..t-10,05b80bfaecd22890a7e360375d08013c2763762bc191dded6a0bbd75f29be07f,0.409755,0.5089703333333333,15360,3654,43,10,77cebd465a4716a4e00dc55c5b3389cee48005b315c8b1027e60c18439ca30d9,a3ebc02ec3767dad4af369512b2eb070ee9e2bbc0224438333bec9e7a41c810a,865dbd4bdaffcd2d9c86f37362cb6ac65643d7246a8f06482ed96df6253bc530,a96e5b627433c185894c56797afdf9c5b43065f3c7027558302151a7b0059a6b,220edab733bad934cffa58475cd5d414d59405a72af34e465237e6c9d525bc8d,torch_lstm__fold_02__attention__220edab733ba
torch_lstm,sequence_features,2,engagement,target_engagement,-10,10,-100,PM(t) <- EEG features t-100..t-10,96921223f37aee74e8576505e04d8d93656b6d22365a8c1e79d1aadc606e3780,0.572122,0.682083,15620,3657,43,10,1049b437a7b429687079327c9e4b940cb913dbbb2b26b4d66c8730f7c9b57736,440ff0940650eb12acf0dd13f0504875a80cce890af3d416dd18a2e868228165,c04403d7a2f9be6a03cf788e44d1c38187f2bbd3c5b908bed11adbc0282b4ec6,c74662013d2edba15ad6c8eee2b1cef96b32d36b89ee216a1ca90e81d5752afa,44db12fb6daf8ed1188c08123ec9f6d57f28b8046be18d755140768d95d73f55,torch_lstm__fold_02__engagement__44db12fb6daf
torch_lstm,sequence_features,2,excitement,target_excitement,-10,10,-100,PM(t) <- EEG features t-100..t-10,8cf290447cc76b4db2bf7811a784e38768237f66e910c108ea9bd99fce1b2673,0.194812,0.357134,15790,3976,43,10,baab3c167df2c8285d603acc26e03b68cbb1ca212a442e3bc6ab9f953265b17d,bf5a9849c7be67cbee29747f8b507c9d948f122bcc1900a6a35e3d7339848f4b,0a87dbaa8aa6a6a053e44aad53fa9ed6faf5001d0b56fd2084f60db51012fe47,f417e61cafde5ee51fef95b15db33994a48c4fd338440180382d27b18e38dbbd,3615fa45a5ca3dfdd835ce5cd99a9cf505b8c27fd4c4ef854b9aacc4c38d9933,torch_lstm__fold_02__excitement__3615fa45a5ca
torch_lstm,sequence_features,2,stress,target_stress,-10,10,-100,PM(t) <- EEG features t-100..t-10,f31c8981acf165f01f66cc01c4f2b2d6927c370f1a035493f12dece19b93ba49,0.396448,0.461981,15688,3241,43,10,d74b91a34bd550d96a0a429cebc51ad560189833e836941d1021e766204f8d39,d1198122f3f9a5f7663c6886c0af6127bad00e5183cb059cca0665b13ef38b3c,680653a8de97be239a14f527caf1fb44864eb7666fcd4a2498cba40aa60be4d2,c2a0ebf18e3b22e3d7ad52f01a7584a7b5111204576612aa30a3b3380b191c77,c9118644a417927fddb12a347d3f4ca3eaee344706ddb014077cc74e09b70854,torch_lstm__fold_02__stress__c9118644a417
torch_lstm,sequence_features,2,relaxation,target_relaxation,-10,10,-100,PM(t) <- EEG features t-100..t-10,7656df549309178054e578a36ceed79ea658632f163e5e508467b9011bdaa756,0.256714,0.404291,15888,3700,43,10,7654c0da0df3bb307d362fc4e8bf848f4abc439c93d71b38aa0df8ecaf87029c,90f672b35b8fb332d1c7f8634f9080d0b63fb2e0a08d08313cba9ff85b7078b1,ed4b4167469989b7ce1f5588c008770116da4df6ceb5709a893d103e7c260923,85c298f16e97c43644437b7b42d1280ceea2dd354b340cedad261f8cd1116229,b615246cc4db0e6b6524e815671584331f75c2d0310ba2ba85c0f36b4b629000,torch_lstm__fold_02__relaxation__b615246cc4db
torch_lstm,sequence_features,2,interest,target_interest,-10,10,-100,PM(t) <- EEG features t-100..t-10,a6f226a94e84838366c4cf62d5dbcdfa343d2e4317631dc9cd843403760f8fb3,0.47714,0.52968,15692,3488,43,10,6431f6599ee63b0892e62c3399824da63288697288c9ee5ebe6da8a617c886c1,b9cb3994af30c22ff7c96c12a4868e21fb5f700c0308b0577b9abf34589f08dd,a44e6d9fa545ab1cf62adb5e045ac4ffe5bd388272a547a74020c9b10b515e50,4e30d4fc194fed90ea355e5368ea9d351826ebd4a280a2f160093026656d7332,a392f642ec089a4717d62ea07d11e60c34770993e68bf127f69005d4f517e370,torch_lstm__fold_02__interest__a392f642ec08
torch_lstm,sequence_features,2,focus,target_focus,-10,10,-100,PM(t) <- EEG features t-100..t-10,74e34c54e7221dc6ee613f5b9c86caff220ef215c764f9f3f1457db68a376147,0.364693,0.460551,15705,4047,43,10,bd8e4951fd20caf368bb6d91dbb6cb17363e9cee8ddafb4da24e5260a35c80bd,a6a9f812da8fec5c9ea03718a3d9dc2affcddfb3f3764129d3c8dd9197eed367,cab4123b8234ff750337c48265f4935dcbe888774929c6b5874f1e1756fd0b6f,ad3341e5e8d7931f698bfe1a667ba7410391140d662d1f9ffd0ba7fbc3570b42,a38c19add26542cb6902ef09f949cf73f268bc1a4a6a665255792bb4e9de7885,torch_lstm__fold_02__focus__a38c19add265
torch_lstm,sequence_features,3,attention,target_attention,-10,10,-100,PM(t) <- EEG features t-100..t-10,d9fe93c98329da3f22770036d5d5bcc1723fbbfb61707901d1eaef4a7001f95d,0.407012,0.50364,15265,3909,42,11,d68b7a6488e8fdcff273f9a45dc229248f6363dbb00f2862289f5099c4863dd5,989a887d792b95a60f191094ffcf877c22e35861b74a764d9a0c007915963ce6,d728d8584e8a911eea5893b8e147ab6b8602adbf3a8ced62a5d2a75b7a0b8e43,76d96fd3ff1b89b99d4cdf7287476a3539c70550b433892b9bcceca1d917601f,85a3ae1aaee635416705cff9f58dd38b249605032fc19147b2efd087243e17c5,torch_lstm__fold_03__attention__85a3ae1aaee6
torch_lstm,sequence_features,3,engagement,target_engagement,-10,10,-100,PM(t) <- EEG features t-100..t-10,a74a573473ef95d46567294f0aa220d0bd8b428d9a9120f4a96756b0c84d9f51,0.5875743333333333,0.689116,15768,4025,42,11,398229ea50cc9489f91e72673fe2ac6345f0ef68aa23f34a03e93b9c0449c524,d276e60c2bba43d46c54d0d59c969552424e8e2866690e03d816bc6eb6de137e,b0a310750bfccb2280fc4fd230bfdda00b5afc3ae1a394676c8b17ce1b421fc8,597e8871d21a877d9f6dd1fb2d6dd4c90cdcdeeab03973c8b060da14d6769ab7,3607053514cb7e20bc0d671de7c116e614b5525f1c0b0cd2ad1fcfc3262f2d0f,torch_lstm__fold_03__engagement__3607053514cb
torch_lstm,sequence_features,3,excitement,target_excitement,-10,10,-100,PM(t) <- EEG features t-100..t-10,fa418d56645cfa9ab67032bef122ddca9f2bf2af811172bdbe6b172d6197f493,0.19379133333333332,0.35695933333333324,15900,3799,42,11,149643e0132fd3b826dce38800b4f728afe3afc56a88e00ffa346c738a4b7bbd,f693064cc4a73bb1a34e8da3cc0c5b3e8c7fd1c04134d180ee21990e842ae24d,2d993a930a715e03315c996e2fc6dca3952d78ab09044b3fd84d1b75629a7726,fcfbbbd3e3c3a709994a92e18927c89bc1c3ccac643be985550f80049c5290f8,1f889af9abcd5ddd047a6d2d908d5c66729e0e79f095afb75469947b31fe64e0,torch_lstm__fold_03__excitement__1f889af9abcd
torch_lstm,sequence_features,3,stress,target_stress,-10,10,-100,PM(t) <- EEG features t-100..t-10,bcd3007f8b807817734d67f5fb79247d682169631186c1b04d4f2cedd74be7de,0.405259,0.460463,15759,4624,42,11,f6178421891da0b189cc92059c0e677631969dcd6e30274d0ff663664b39a831,7596d48e00e9fa391e0b9ca8da3ca0bad9c5887866bebcf4cec50e0c69e215d4,3367ffeb186fcc09a37d29aaee391cd45685ff90fd2d4711d61f82fbcda59e02,61b2b8ec2c5fb8277e5834cfe19444be637c994bd19cd9f5efc382ebde063d4b,f26812a7f90b11f12699d8acbb9385c6090276dde12203b92b6a0b65d91cf041,torch_lstm__fold_03__stress__f26812a7f90b
torch_lstm,sequence_features,3,relaxation,target_relaxation,-10,10,-100,PM(t) <- EEG features t-100..t-10,e60bf995e60c88b6af88b34c7d1f44be24f60c5b4257ba68426a2504b9aa025a,0.25428966666666664,0.395869,15984,3823,42,11,f6a9a7579caaa5d9beff166635ca68e98b1d25efb9aac8c9df983300dd57b6e8,4b3b03b908f0b0ee1af625234d6a76e46be70bfbc1ddf4c045d07dd4db1f0df9,4c3c09fb2a9201b0278daa5218fa212f32319d0870185bdf2fd2eb6e4938d5e1,f8ca926ae071ece97f7d67f272ebef47ac7608021ea46578d3dac627d1a82383,7188a130c2ea45a96cb693fe5d2818318862f3019e7d94bde9478c0c0eb8483f,torch_lstm__fold_03__relaxation__7188a130c2ea
torch_lstm,sequence_features,3,interest,target_interest,-10,10,-100,PM(t) <- EEG features t-100..t-10,3bcb6d908dca29ca782906a4f9f4eb0ea8493afdf7dc53a3c5de50526bd55ffb,0.480798,0.5285816666666666,15772,4275,42,11,a3e127a81a1dbc4988c9c82cdaeee48b47595200d5b896417b418f1a78040e9d,04929eb3183baa31fa159c754b7360dc607f8bfeddb51cacd7c82e27eceda3c9,61c6c8df8ec928543c7b55921417eabac0028cb7c0fd9d2152cbdfb18a3c0b84,9fba1a99a6c76c1d27eaaf16b5eebc41ef79a60eff894b713e66acdc7a2e7467,9475492babac1ff21d88639a77c7bb9af54377d5f0bafa56e4be7899a300b0ea,torch_lstm__fold_03__interest__9475492babac
torch_lstm,sequence_features,3,focus,target_focus,-10,10,-100,PM(t) <- EEG features t-100..t-10,0c7365a9f52cdea7f5ff5bd02009df8f23994345c83ad7446745f49568834711,0.3654773333333333,0.46152833333333326,15827,3942,42,11,e857e23b1935c1e52f585a2a261ecc7c50a49fe68a5475c6477aef12a6dd8acd,9ee4ca4fe8e2dc5be45091a4578e257a77fabc02e7794a1ed43c4e76bef6bcae,aa440aa5313daca0f59324bb101a020d573c95894f83e27d09d9d69f392f99fe,e8d4247107a69319c54dd4107c1298eff455837ccdedcf1c9e09253195b1d282,850254da888a9463ec1376324942699cd87944637086da1a28003b776694fde7,torch_lstm__fold_03__focus__850254da888a
torch_lstm,sequence_features,4,attention,target_attention,-10,10,-100,PM(t) <- EEG features t-100..t-10,4404f50166a53629f16deb855b5dbdefb3de95149a3eec0eec91689ced0aaf96,0.410495,0.5079906666666667,15424,3721,43,10,8e8db65694da89070a8ad83f541c0fa54a532b27772c67f507b75cd39c4f5136,3363fe63940bfdae1e6c39fbde63aa5e2fd269416e488d7d7dab747cee9fb83f,16dd64eafb04d2335f4d152420eb67262eb5629a8a0c8bd2270c0ca42f78aacb,bb10ba444fb273e4186f209e1cfb451a887e5e794b42efaea10c11a6363fa2c8,dfdd27035e700735c14d026f7f4fee96de79e359c30b931f3a28398625aef025,torch_lstm__fold_04__attention__dfdd27035e70
torch_lstm,sequence_features,4,engagement,target_engagement,-10,10,-100,PM(t) <- EEG features t-100..t-10,4efdbb963e4328ea609ced0c43ea79ec54863afcf8b6dc3b54e36caff30afe16,0.5819393333333334,0.6880023333333333,15902,3534,43,10,039b017512d677764271315885a4370f1b19c53cfb167cb1a23856ff2c760cbb,74a7be6068b3a0cb731706cba451d25deb8d18b89033e4532d8dc75dea9c989d,238724f5eaf250a12a0b8434cf082ff1c72ed726ab7a934c89f615d7670da2f3,989efbd569bfc04aef6386e059b0aba3d29aec9988597cf1299a61b1897ae7f8,a1244b760940c7393f6d66c24b7aa65f1007223ef9b985e817e23f3a44b2659e,torch_lstm__fold_04__engagement__a1244b760940
torch_lstm,sequence_features,4,excitement,target_excitement,-10,10,-100,PM(t) <- EEG features t-100..t-10,01a9a36af7fd4938668057f58a4af0d4815b36985a13f61e071f1297e75e14d1,0.198937,0.36487366666666665,16040,3810,43,10,77b900fa4fbd50c7e5e7215822fd4fcc9f046764e36c14dddaecb68b876684b0,c0ff02a177cfd57f1d486439d917a232b5aacc50e4757ae712f1d8ec83d44711,ee711d307c8fae7fe6bc0346249e836acbd229a78d016a3aaab55bcb42951e9b,3200f77c764eb39585c68b8a432a76c1bf2881e2f58fc8ab509d95a9905ac9eb,0dff2beb998451814181a881f7f3d700097d7f01fa90a7219a5d2f7482913856,torch_lstm__fold_04__excitement__0dff2beb9984
torch_lstm,sequence_features,4,stress,target_stress,-10,10,-100,PM(t) <- EEG features t-100..t-10,27d0b6e27ea4a69159776babe88351288b3e08a8b6a0e0a437af967ad54f9cf0,0.39695366666666665,0.46365033333333333,15944,2832,43,10,e3deafd7001f0c7ce42d0b0daca01bbb2ba2cadf31bc06b31ae05a09be999fa6,bd6d73c1f45012b8911a2aa4fa92af92cc06aefc12b47395c186038892e3260d,2bbeba1cd1d5084e26b518882f7e34dec5984d9c100c38e7a10d08ae4b1cb3bc,4fdad3476a2622a4342494aeffd26e146d42bd1d5afb3333e0504d3f4e213fab,5bb6e9899d55d4de54ae74533f81de1624a083db2bbee9902e3ae2ed3f09216f,torch_lstm__fold_04__stress__5bb6e9899d55
torch_lstm,sequence_features,4,relaxation,target_relaxation,-10,10,-100,PM(t) <- EEG features t-100..t-10,a5f608b86ee9061617d36b1743ad601431f955dde27218d8d7829829dc257d43,0.259306,0.403906,16165,3682,43,10,4bb7f060af57a0e0240f59d45cd8a8dd1e385f00aebc7ac14648cebd2b8c1398,0607a52e628a5a6fb2b73c6d5c76f5bf40c9d8ac0740b245964ac36cdadda198,d7b3a7b7997f8867906c53ee1e7a0a238e229e2f47ab23e565136cb3c07d2425,c8bfda4357d23e5542cfad44a5fedadbcf949625f4eabcad1d0c633cd5b9b24d,ddf5e07db425bc4f312b48ad40799aae6b3b04bdec01a701e682e5dc105e1664,torch_lstm__fold_04__relaxation__ddf5e07db425
torch_lstm,sequence_features,4,interest,target_interest,-10,10,-100,PM(t) <- EEG features t-100..t-10,c4110c8ecd8ea7c835b8ea571bfeb6ad10ec8d02d986bd0e2c5b9a70c03e3241,0.4793536666666667,0.5286693333333333,15959,3818,43,10,5d2923d470ffaa6748a718e99a152912381719ae4ee5d010039063a0544cb306,81cfac1457b11c78cc03cfb00c7174d056a22f0c8cbaeb1b27a2cbbe9bf756c7,e5e91848a87cbeff3e6556e34dc338bc9818cc9eabbe5fb21b5f656dace18471,a73e32db033cff7f6401e281a7e8720fbe4caf0f2321e5867c1770368b2d1b7f,92169030fecf9f76a1ffd0089b1eaffa46d2e3eba34ec80b52fa88e9114f611a,torch_lstm__fold_04__interest__92169030fecf
torch_lstm,sequence_features,4,focus,target_focus,-10,10,-100,PM(t) <- EEG features t-100..t-10,bcbf7453b6c3768b7f4446c03f027f80397a24d1f0f54a82146b8fe6d4a67bdf,0.365106,0.46338333333333337,15990,3603,43,10,51f4c135e03d133dd3e4f09f27fbf49dadbcc59145e6b3e65abba4cfc6643b11,10634789403fe9879056ab2934a7f114987d6407dc097e00635256063ab2dc9c,8a1dd2e940097de663ed4311b845b7bca7cd79fe11dd5c0a7b48a04cf1df4fb8,6ddcbabc54e603c78ca8beb477f979929d7fc00e139e50341b54537e33a61135,5aebbb37b8566e43b267441112b32a60f2ae38fb44a35d89411cc2fbafe5d783,torch_lstm__fold_04__focus__5aebbb37b856
torch_lstm,sequence_features,5,attention,target_attention,-10,10,-100,PM(t) <- EEG features t-100..t-10,2f86d0e8c455b4f21168d0123e21d085836ed48610878f7e823e2e4fab91a878,0.408289,0.5064886666666667,15382,3675,42,11,2a7d1e561effeaad487783807e5137aa5a627e054dc3eb15d17293065b140333,4fa85c929baa151bcb1726093e4db9f1dfa05d8e7622177c07323ed7e59c039d,a273368325c296317c15debce95a30fbf459bd4ae72940a617e6fbe66d1abc16,e80f5f22dab88504b4f67d03c1b2687b07c3593031928c167454943badc1b717,1a3e476f137b1403e5692ca56afef80bc48ef7ce210217d64441a4c4b4437a0c,torch_lstm__fold_05__attention__1a3e476f137b
torch_lstm,sequence_features,5,engagement,target_engagement,-10,10,-100,PM(t) <- EEG features t-100..t-10,fd819c1414dbc4a71c004ee2f223fde45d23c5e1a929dfb308519bdd81be5cc8,0.5812246666666667,0.6832976666666667,15793,4056,42,11,7b80cca84fb23604d37d1b190926c28cf9e422d406b04f037e535cc0d2d0c557,87f1575b35a3ffd9a6bb7985b6b487620e2f123c50f9b68dfc18f29615d95b79,9b32b2cd03c230388808f95c52b7daf741decbc9be074a4f058c3b25f46b0629,5acd71adbc2a88743e53e77afa7bb1c463f4d7b00b762131054bc391ee5cef29,529105c566f4fb8de3e87e9a2837bb6ca12a9cf63d848e3858f005c1829e945d,torch_lstm__fold_05__engagement__529105c566f4
torch_lstm,sequence_features,5,excitement,target_excitement,-10,10,-100,PM(t) <- EEG features t-100..t-10,e83502bfb241187a15bbe01f2a2df8a2dcfd119976c2c47635b1515b95a004a5,0.196205,0.361125,15980,3746,42,11,3317afb7154742b2ef541993dcd9841fa46ec0823b0a58a5437692fd31f8d8e9,1aba059c379a70f8e0e66ec883a401f537fcc5489d79ec87d78a15173d3f7613,914222f44b0c63b6b4e0552899df314d51aeb4980f27a1672a600aa692fddb58,679d17955dec14a690ed9ede2385903667feffe54a346a32a024110fb439f9a8,8806a688f916b53fd3b3c85ee2dec6345b99cd4177e927a5d8a3ee75ecd4ebb9,torch_lstm__fold_05__excitement__8806a688f916
torch_lstm,sequence_features,5,stress,target_stress,-10,10,-100,PM(t) <- EEG features t-100..t-10,f830184ed4091f7c1893003e91eb518737ed15e8b5f007bf46bf30fa7cf23cdb,0.4021516666666667,0.4598493333333333,15836,4168,42,11,a943e3acf45ad3900024ab76367962b8f0c2a1147f783e65c6a1decc00c41e3b,a345bbdf52f4a3d0ffd186f0934f8c664b2f7f3b385058a1cb7010bbe0cbd901,f53f395b8aed3fcc6b60b7642cf32cac9cedb5e388f9eaac4acdd6b30e33c884,8b2e0f9ddda74527036b9cbbf6ab83e6817d71f0d3cc47bc921161849f3efe31,888ea431a71ca402a0ceeb3070df0b3edbb64cd6408aa1a5dd61dc5c29526083,torch_lstm__fold_05__stress__888ea431a71c
torch_lstm,sequence_features,5,relaxation,target_relaxation,-10,10,-100,PM(t) <- EEG features t-100..t-10,a638d2bb20962ed825b35f176b1a4005a8304bfc01370b1636d6ce403b817a6a,0.256914,0.3938446666666667,16049,4059,42,11,fa3860f8e9536c99113588b43cf85d95914a028e33991597f8f7abe69e33df27,b84237f379d804a62498ef2950f960f1fcb39d08de9989d97f60fe6e558070b3,d07e81edd1058ff00a1635b776149e1c450603a62ebded465881b28b9adc88f3,8810fcade6d6ba771422a9262e2ea0c3121fd5701cb5cb3c3e937e359b2c5c78,75bb6e06f8563a83e97166245c0f919956ea08f0bead9162422cec0db4a55bc2,torch_lstm__fold_05__relaxation__75bb6e06f856
torch_lstm,sequence_features,5,interest,target_interest,-10,10,-100,PM(t) <- EEG features t-100..t-10,df1d4a9a8a978ee0e3bcd8ba820067c8fc420fd3f5f02f8d6b88fa7e63bbaac1,0.47852433333333333,0.529754,15858,3595,42,11,e7f5119708193b9b96b45280d7040f6cee1ed6730ed51a0ed6d7880f0b7b3393,2dc745550248ca3d5d0222c38887456f0048575f473a10d25c07881a35c99224,c324e73f6748a6c907022dd21d8b8300f84fef6e6020a3d49597acf766f2845c,bb1a3a69cff6fda38205fd9aed18ab63a4f69d23da16db634813c2f014f16fcf,7ce5d187e617aacf1ea0c1c0441f94f2aa90d79896fe536592fdd604957a5511,torch_lstm__fold_05__interest__7ce5d187e617
torch_lstm,sequence_features,5,focus,target_focus,-10,10,-100,PM(t) <- EEG features t-100..t-10,d1251c35ecfb7ccdf7b0d7e26663f103bb7b943f31fc83ad844ddbed424760ce,0.367191,0.4675926666666666,15923,3573,42,11,a36d91760f027769f11697e1a86b46081646285107362e31bca8fc08923eade2,875f2b7a50dd4534041a99400f9fbf92de681283546d716970f7db6b706110e8,4204ec11b51e357bd497021363341a70d1bf172711edb1a875aa7bfd2159abd4,772bf6ae41bce579ce6641c9226ed5c88dccab3b3a29d9ea2d361bae5103980a,3d44856c1eeceabea2f0ec64686344691ccce16d889f2af29f8c90ee75f40d9d,torch_lstm__fold_05__focus__3d44856c1eec
torch_transformer,sequence_features,1,attention,target_attention,-10,8,-80,PM(t) <- EEG features t-80..t-10,40889ed77c7a49254028614aa69c424c2355cbd1baaed50dc47082b1864510f7,0.40640833333333337,0.5057536666666667,14910,4145,42,11,cefc466c72dd82af884a11f10264987d9f440aa4c16091f4f4c46984f417f50e,ca90ca05183adf3501ebdd413c697337aa2e36cb56cf9c2e802990296cb81320,e0e6d120a2d2b2b06d79b39c3c45b1756128eeaf99a1f9fab42f69496d020444,eab9d53a24bc477c0486aad1d9b50bc2242165d194533d450811d5b3e2d2369b,784a2e12a188b633aff5405bc038972d71f46f689fa5b8588bd7922a2a7fdbe3,torch_transformer__fold_01__attention__784a2e12a188
torch_transformer,sequence_features,1,engagement,target_engagement,-10,8,-80,PM(t) <- EEG features t-80..t-10,7d374ea6928381e1ee56d96473fa6567757f8df43407f81bbd24c398d82e419e,0.5800476666666666,0.6855443333333333,15378,4364,42,11,20b4b8a5e7418e0c1a9a955d6028f666db5ef9b3421f4647b09776b24e994f34,b5f6849845cdbe60feb9f8be863fa820f958b10a8695b67426d934bb82a379a9,bf14e5286fe4980d5c746248eed0463a49d0b99dd26ce11e9b1a32e57d5084bf,70874c2272ce60d0a7e3c263f6a68be86da6031aa24c7223fbb50d6ee1959bd5,e8427c2862468ede3653fc5b1cb36fb8b4064ed164a8ca4a9cfea0665cfeebfb,torch_transformer__fold_01__engagement__e8427c286246
torch_transformer,sequence_features,1,excitement,target_excitement,-10,8,-80,PM(t) <- EEG features t-80..t-10,f13db677a8358b59d7e0528258ba7ff9bf95b5314741ce39a724cf74d183ddaa,0.198928,0.3627136666666666,15515,4525,42,11,fce3b629755624953e2fa868fc640a6e8b30ff0311e88d9cb094831ef520b14a,01975a0502a028e17ee9b39ad5612898115f3a18528dbbef547abd0e6334d62c,c8b514028037106536d202daf9ef5496e2a04d710abb199873fe47e9b91aea07,b37d6e0d5d0a9d73900f8430a02307efca48b42575b94221f41d3902ca05d586,84c7c71c37bd420875696c6c18c73f25c1d5318971654a5d199dc82dae6af15e,torch_transformer__fold_01__excitement__84c7c71c37bd
torch_transformer,sequence_features,1,stress,target_stress,-10,8,-80,PM(t) <- EEG features t-80..t-10,bc3be14a13e7a39ebeab010389e1c408e3b117b37aecad2317d7955676362ffa,0.4029856666666667,0.461275,15395,4716,42,11,4836083400a243eab0bbb94d2a5720ab7a28fc35dce52e130aac8048cf600ba6,422cd3fb68c9faf35ed551b970b46faaa4eda6f0f9a7686f6939cc587a0d7523,282c0b7b6096d12ca80ac2d815a430ad58750e65a3120de84619274396da0225,f05809cff3acf5d60d9cf29a47f01fca1f44a35894e4da3e20fc15fc323c61ba,b491bf47fb8fef63561c4c3ec402492b94b3c58cc821b994f6696ce939e7e456,torch_transformer__fold_01__stress__b491bf47fb8f
torch_transformer,sequence_features,1,relaxation,target_relaxation,-10,8,-80,PM(t) <- EEG features t-80..t-10,38b0c29f91cf04074516bcbbf6cf6e9362b22718f7ac54fdbe5adf6de43d5d14,0.25662399999999996,0.39230799999999993,15591,4676,42,11,14cdace2be2ce5e37692eb3a7a690c1727804e50f258df903a466951ccf0080e,b4bf0ca3ff9de8d25f38d8a19a99da8d157d7632d2da941e7c4d8adc462d3337,256972d2b77b40651cdeb0171097cfaeb0da6fe3954ba7cae8e278758cf5c8da,c70a640839a41a27454db6f949ce78dd771bdcba3af17e5029437e181b19a954,39e7e9e242b9ef8713c379954eb2b37dec823c6429b935438df32b068169959c,torch_transformer__fold_01__relaxation__39e7e9e242b9
torch_transformer,sequence_features,1,interest,target_interest,-10,8,-80,PM(t) <- EEG features t-80..t-10,bd39db4c19d9f742cb059d0566f550cf160821412eeb67d3cc0780042dbd7317,0.480751,0.5305233333333333,15414,4501,42,11,5155422bb287c75b3cce8d1c853c6a3e07688c7e5fe265c3a114231519981d81,247f747293ff2dee9bb67947871ade27e79fec82aa4e9601eaed49294ed98f01,12c51839b94dc46f855c43d3e6c3e3432604f25e2d0431dfdcf44b24bdf5e45d,54f17358ff8e7ef188eb2d04c6bc17a82f4d04bb5b131e0f924611eded050f3f,a45f1955a2a724d144c094642f21982facb89d9bcbe927ca66634974f89c2869,torch_transformer__fold_01__interest__a45f1955a2a7
torch_transformer,sequence_features,1,focus,target_focus,-10,8,-80,PM(t) <- EEG features t-80..t-10,7d71bb99b3a559d0df0aa3bf8b195bafc98a0dd046a82039a430a2fa4892b0d0,0.368801,0.4654386666666666,15444,4571,42,11,98d99997dbe03ecb20a0bc6def72cb3b2f761e5da44ca82c90b273a7def31049,4f60e613bb0424e92df0e922a03f42b75ab6612900fb79796b1ff5590fb7c871,3d2ce1619fcc74b89d134c7ba3626836b1170e02171a6141eaba17928c5754aa,97f94f260bf658c2bbf3dfcfa6535775bf5cdf5c8a18d857c76df206e0db3afa,792ebc95dc44313ce5030a4e128abf53cb0e689a602201865102801462560400,torch_transformer__fold_01__focus__792ebc95dc44
torch_transformer,sequence_features,2,attention,target_attention,-10,8,-80,PM(t) <- EEG features t-80..t-10,05b80bfaecd22890a7e360375d08013c2763762bc191dded6a0bbd75f29be07f,0.409755,0.5089703333333333,15441,3676,43,10,8e7f63ed8359056c7f925ca940504e423e228cb1c7b580616d5e3258f0765d6a,e30ffe832c171ddd52bb05e2fc2aee3bab067d4c2755c8733932fe3709319cd2,fb7afc935ce752e518213d9db8f93e3110261ba85f7fe62aaf27a579e0e0b622,94fd65573933a045839a1570af7f2dca14a776158bf02a020b912c3e32ac2dd3,34bb99f78ea171872423dbf9a231e596691f8295ff0905c4aa8dc8c96b93c119,torch_transformer__fold_02__attention__34bb99f78ea1
torch_transformer,sequence_features,2,engagement,target_engagement,-10,8,-80,PM(t) <- EEG features t-80..t-10,96921223f37aee74e8576505e04d8d93656b6d22365a8c1e79d1aadc606e3780,0.572122,0.682083,15779,3691,43,10,7e91ffda74f447491db7ce41fff4bda895fde1425a935737ba480b09ad8f91b4,060d6d7ac0f053c01f1d7e2a58d6bbaaef749e7885b0ece6bea2ae84fa9dcd5e,caf95a4f486acf3ce5a873c47bdff7b5e9458715be5b51596797e780e9e067b3,65b855d645dfb41f568d294994c33e18ee0498849b1ec7e63852f320ca9fbfff,da0faf4d0b72ee28bdccdecf1a0eea2a87f326a0e445c2002b2cd9034461358b,torch_transformer__fold_02__engagement__da0faf4d0b72
torch_transformer,sequence_features,2,excitement,target_excitement,-10,8,-80,PM(t) <- EEG features t-80..t-10,8cf290447cc76b4db2bf7811a784e38768237f66e910c108ea9bd99fce1b2673,0.194812,0.357134,15901,4002,43,10,af5352f13b0a16fe010d44f28d506fd72d91f0ce01ce813f7738057edeaa4a09,e3cf5ba5f6bf9e1e7fa2caa4a588e34403c9db65c9147887e37d933356dcb5da,8680daf8665176f37d0d724fe7b7d1adcb3403bc5c42ab1b5478b409f5a856e9,b00a037b82b1666a7e30fce965bd581c8e599cc1eff133c366711992ba7bb266,259fff4652e99a5ed6ac9c77f93adfd36ea54b7632b9b32026b9542c0a0d4caa,torch_transformer__fold_02__excitement__259fff4652e9
torch_transformer,sequence_features,2,stress,target_stress,-10,8,-80,PM(t) <- EEG features t-80..t-10,f31c8981acf165f01f66cc01c4f2b2d6927c370f1a035493f12dece19b93ba49,0.396448,0.461981,15826,3270,43,10,d59380f9699caaf5baedaa18fb9cc87360f6e456722fc8c8882f4778a47b8e0f,b4723f5fc8e69b397347d79eba4d6a4a3dc00644bea97f198ccfa387a3bba266,39bf88739b8e26a2ee7c4ca47fd6e60f39e57a89defa3938827685416c40a191,374beba2a78609d93021e6af48eeb394d8d39eb8df1204f4eef952ed23755305,dce6bd8cb71298707331096e4f8d0cd3579d85ee06f23911ae832c3c404b4c46,torch_transformer__fold_02__stress__dce6bd8cb712
torch_transformer,sequence_features,2,relaxation,target_relaxation,-10,8,-80,PM(t) <- EEG features t-80..t-10,7656df549309178054e578a36ceed79ea658632f163e5e508467b9011bdaa756,0.256714,0.404291,15980,3722,43,10,fd8155331d04eab2dfdfe69656474bc5c4cfdcad65748b988fb56111bea6f21d,707a5c3b309e1d2a9571ffa23c70c7b288df45bac84daaea7663f8363e1183e5,dcc34d592477ad2a564d9d4f21191fa684fde95061254a72e3b7f595c00e3507,cf03001f987aef61b582bd18626e4ee97dfb71d9e620e50d3f703f44e63c1589,372cf01d64d497d935c06e462de93b6bdb2f4ff1ca2869ec7e068efc8c0f2e38,torch_transformer__fold_02__relaxation__372cf01d64d4
torch_transformer,sequence_features,2,interest,target_interest,-10,8,-80,PM(t) <- EEG features t-80..t-10,a6f226a94e84838366c4cf62d5dbcdfa343d2e4317631dc9cd843403760f8fb3,0.47714,0.52968,15828,3522,43,10,00cd3fbe0cfccf9c2aa0c6df32c6fde7cd06ffccddf7c82beebad4bab65911da,c546259bd60c0b4771b1633097dcfb9b9d742381519748ed825f088d142b127b,db039e5f24561627174ad03e75977937a7a93f60e5b122af899c66c44923795c,0ef95fd347915c1f8b69ab36a4567bcea2ea3fa7fd9a0d22377d9b9d728946fa,a424955040e3a6e85716d720a65007299f4b04d9c71b71283556b37f2c75dcfe,torch_transformer__fold_02__interest__a424955040e3
torch_transformer,sequence_features,2,focus,target_focus,-10,8,-80,PM(t) <- EEG features t-80..t-10,74e34c54e7221dc6ee613f5b9c86caff220ef215c764f9f3f1457db68a376147,0.364693,0.460551,15851,4072,43,10,f3fcb573c38fc2649c6f23a89db56a717f189c82b267b87288f71a2162903beb,fb71f80414fb91b55427ab6e30f867638bbc9325c4bd2b66635dfa16754b7d56,dbc14db08d17993fc6713a52363399b2d0255e769abc431bdab2a92826f6cb62,bff26a45995e50c573f8941e744ebff1476703704e53e207ba0de678e3579937,098398c3294ace3abe8fa3cfa6d2e8c07a4f8f4803a89d39f720559784bb2ac5,torch_transformer__fold_02__focus__098398c3294a
torch_transformer,sequence_features,3,attention,target_attention,-10,8,-80,PM(t) <- EEG features t-80..t-10,d9fe93c98329da3f22770036d5d5bcc1723fbbfb61707901d1eaef4a7001f95d,0.407012,0.50364,15347,3930,42,11,c2b428100ca9b435a56c438c1ff7ac3aabe4e7cbf08501a74e68caca0c507852,7fe3ce3bc658ecd8e2d58b867acfeab8729d28e3bb2ac6a1f285ba00e7aad34f,6a8c0df1512f203ad81d2899e97da2d8acfd32cbaaa6f90b9b52c5b428f2172d,7a53ef2bfd230f3b245be1c3f738d17e70179b68a141ad42e7d269bfe8198c7c,86c5564b4c9ace111e3f697d68b5d10ae01b10e56108b36f110630fd84a2c9ef,torch_transformer__fold_03__attention__86c5564b4c9a
torch_transformer,sequence_features,3,engagement,target_engagement,-10,8,-80,PM(t) <- EEG features t-80..t-10,a74a573473ef95d46567294f0aa220d0bd8b428d9a9120f4a96756b0c84d9f51,0.5875743333333333,0.689116,15912,4066,42,11,5f4e581a1c7a763eff4ccc989622f18e4d1d004a5fc1fe51c23aaaed2623df72,ddc4244b0b34c5891aedb22c83dcc5bd90d4214b88dd0019140266905c6e3ccc,fc684a15bca2829eef5251aea9a47645911a00eca76471b27fd29a0a40442777,32aa32ec1f870ae48551905880b9caa8fdbb6c0a7b6fe8ae2fcf4fb553910355,97a03e208840cf606311d43cf9adb13952d5e13d3729de37f25906e48e17012e,torch_transformer__fold_03__engagement__97a03e208840
torch_transformer,sequence_features,3,excitement,target_excitement,-10,8,-80,PM(t) <- EEG features t-80..t-10,fa418d56645cfa9ab67032bef122ddca9f2bf2af811172bdbe6b172d6197f493,0.19379133333333332,0.35695933333333324,16013,3821,42,11,376c48a8247886df033f214022de1b5df64fcc18b2b38690f39add5820bb8013,5683a7bf13472ab880f08fc622fe0843fb58732e5973934075671e4ac1982003,ab7be4840f7c6ac04f26df1da1c4322beeda2d0bde46a69efcbb2094b000be0e,c9e9a7109f1f06860843f7aeb257c5ebe264a271fe9c047cbad94c67f9076a40,43b5e607fde51c9bc486b7500e79de33cf5da35508db05701703c31eb552344d,torch_transformer__fold_03__excitement__43b5e607fde5
torch_transformer,sequence_features,3,stress,target_stress,-10,8,-80,PM(t) <- EEG features t-80..t-10,bcd3007f8b807817734d67f5fb79247d682169631186c1b04d4f2cedd74be7de,0.405259,0.460463,15906,4663,42,11,4a9ae71c7d2e7912ee989f98fe5df324df6d9abdfc44fc895a36aab4d304cecf,5b1698a148d891c7fcbbebf588b244684012916684fc97ee521df4096143099f,6d5a55bb721ec6e87b5d1b5e65a51bca2f91282e259fdb40c91f7d799ee04f52,d93c8ee1f3d32cff99260187dcaa4fd7481b613678d4ec651292020f40279a35,76cb7fdeb9062653078decb46bf9c172cb04014027c0236180f6f856a8c29890,torch_transformer__fold_03__stress__76cb7fdeb906
torch_transformer,sequence_features,3,relaxation,target_relaxation,-10,8,-80,PM(t) <- EEG features t-80..t-10,e60bf995e60c88b6af88b34c7d1f44be24f60c5b4257ba68426a2504b9aa025a,0.25428966666666664,0.395869,16083,3843,42,11,eadb007a653b2d246864f88aeda817d9032e1fb5dd8da0ce5f66dfd8eebbf3af,408f729035e316b21815917e9eb517cb1d46dc8fde874bf8c213ac1a071da806,d93cd355f812befdb51c7353ce25c858170464c723bd8f5d8a6bf6dd9b7e6cb3,588c30b6e7c2b5d04c6f9d44eda31d6b3791958656a7b6845d7c9fc1b57285ed,0e79b82063b7de92d62ba71e51b5c7e8c413cebf86b35c4bdd8d494278ff5069,torch_transformer__fold_03__relaxation__0e79b82063b7
torch_transformer,sequence_features,3,interest,target_interest,-10,8,-80,PM(t) <- EEG features t-80..t-10,3bcb6d908dca29ca782906a4f9f4eb0ea8493afdf7dc53a3c5de50526bd55ffb,0.480798,0.5285816666666666,15919,4304,42,11,a780bd4c925c4d29ede5fddc7d25618c7cf1a299dc3c991681da9cfa0fe2f7b6,cabf3e3642334f10a96db6149d613813c47b1b5d612a5a301142736bfd58404a,ec32db74d715bb447b889c9f7bf01dc4affe3278d3352a886e6e199df41ced26,9a69eeafa4fe7d6a2d4b04e4718a58d4cbaa808cb565a6c9fe934d8fbd0dabf4,6d6da93dcac60bf357f2ffd075066ae89cf3ade43fe4861273f96da155ebdf72,torch_transformer__fold_03__interest__6d6da93dcac6
torch_transformer,sequence_features,3,focus,target_focus,-10,8,-80,PM(t) <- EEG features t-80..t-10,0c7365a9f52cdea7f5ff5bd02009df8f23994345c83ad7446745f49568834711,0.3654773333333333,0.46152833333333326,15959,3980,42,11,e9ff84492976297863a370eaeb3513723178c4cd078b74db86ba8ebd0e4b7f42,ff1e4ff15cd51dac02fddea2baf72653926eadc678af126733eb04943b5d71ad,132b456a4f9c63e97842d6fbcba3401231f14fae0dda3a6d08a2e829fe818556,2df3b5f8f0b12fdb8b5e3dfa48ca14dd5968dff9faf8844b901c1429a7f38023,03cb6aaf4372e164b9666896a6be6c403e0226060e227d73b6c72efdb94315a9,torch_transformer__fold_03__focus__03cb6aaf4372
torch_transformer,sequence_features,4,attention,target_attention,-10,8,-80,PM(t) <- EEG features t-80..t-10,4404f50166a53629f16deb855b5dbdefb3de95149a3eec0eec91689ced0aaf96,0.410495,0.5079906666666667,15515,3735,43,10,eb245c77f916957bf2344035e8b8e7cd549eefb2d479d866aee541202fe84ec2,6da6b71d9698df796c055d91c2e96f8a482da5f0e19fc12e5f960c93a71fe830,1bb261328b7654122f8b2113f3c5cbb00b78792a053246c3b743325126c04db5,86435339c49d7728797a4a2a3a1b67e937ed159700c7f810a56d21f9203d2682,796648cc151e9919a54e76606c24d0381c8d710de33aa2b1d033519a697c1f94,torch_transformer__fold_04__attention__796648cc151e
torch_transformer,sequence_features,4,engagement,target_engagement,-10,8,-80,PM(t) <- EEG features t-80..t-10,4efdbb963e4328ea609ced0c43ea79ec54863afcf8b6dc3b54e36caff30afe16,0.5819393333333334,0.6880023333333333,16064,3558,43,10,8cf4627815f8e19d03bef136cad0becf6603fc8f6e8dac9364776880c7a990f0,566b8df23a62b7602ed769f0b58f72ea06fc70b2fc3127c29d5aac0f58deec2a,de7e71f185f670b5f29bb6a9c4ecacc132744a243b4fd7ef54c944cf81b99906,e9c6a785b91bd20c8247e02861aaba5ef1f7bced9187cfe9e992554cfef2b13d,d386ec677bff3c720a3af0416ccf2a9398a7af189a1be630a4d36c42841b6e1e,torch_transformer__fold_04__engagement__d386ec677bff
torch_transformer,sequence_features,4,excitement,target_excitement,-10,8,-80,PM(t) <- EEG features t-80..t-10,01a9a36af7fd4938668057f58a4af0d4815b36985a13f61e071f1297e75e14d1,0.198937,0.36487366666666665,16155,3831,43,10,9935413ccb3eaeb9055ef03b06fc5f27578f8632d417164610ac4b694429d332,107b65b665f645da52a80a2edbad2e720c64e6b5a045e44e8241a817ff8c2ae1,631defe8200ae2c44fc2b4ec98bcba685a64c62b4d1accd0a98f37c53af37773,aa5fe01f760d34997b286679ba553967a663f1e95264b7a148ba159331a7a90b,7c1d9e3d5b3481c74933f0d764ccd7c3cc268c026396929a85ce9aeedd7fbd1b,torch_transformer__fold_04__excitement__7c1d9e3d5b34
torch_transformer,sequence_features,4,stress,target_stress,-10,8,-80,PM(t) <- EEG features t-80..t-10,27d0b6e27ea4a69159776babe88351288b3e08a8b6a0e0a437af967ad54f9cf0,0.39695366666666665,0.46365033333333333,16089,2854,43,10,a721463c02f630c6f34c5c6a12fa99679a7cc3d86736af06b2a832ab6dc91e9c,f551d745340993145b18b38bed53f44a0c123a402e146fb8c4ac9727475b2bb1,9cc4f75fbb15527df9fe36e1625ef5dfa7e62b9c16e719ef573856e7ade690dc,208231168de707f13c5f15afdd286fcc5feb2773330d4785153d2f596a8da463,b79f3f47ea311cbb18440b8025b760bf369fe237aff235c7bc4bc67c36caf5d8,torch_transformer__fold_04__stress__b79f3f47ea31
torch_transformer,sequence_features,4,relaxation,target_relaxation,-10,8,-80,PM(t) <- EEG features t-80..t-10,a5f608b86ee9061617d36b1743ad601431f955dde27218d8d7829829dc257d43,0.259306,0.403906,16262,3700,43,10,af6fcc2f570f5c950dccb10ce5394780d609187f47e03c7ed951202b34f26648,7d82e6b7290c8e3dc77d89ed085c56f1210716665dc01726807db96b203e22f8,dd631bd60d5348544a792c824885663b1ee7d0e7341611d660db6c59f5da2d5d,f38b177588a405eaf6c1513f4e371e3338fc67385f0adf8c0f152fd92da2fd2e,bcfd3fdfdec5a21bf6af82a62b1d1d5250d7779cbd30765f1cff9d737a2e93ca,torch_transformer__fold_04__relaxation__bcfd3fdfdec5
torch_transformer,sequence_features,4,interest,target_interest,-10,8,-80,PM(t) <- EEG features t-80..t-10,c4110c8ecd8ea7c835b8ea571bfeb6ad10ec8d02d986bd0e2c5b9a70c03e3241,0.4793536666666667,0.5286693333333333,16103,3848,43,10,c655cd13db54dc38adbb13ab528bc902974dd270e8185528d56e31e4df7d0d72,e1f79acbfcdc5cfbe4b9a1ea0f23f9b8a036c1d095ebe561f20f2311c80fc77f,c9b50005db9ea111f30e1846589d678723ea5117c9a1fb5a3c1d15d32f36fc19,3fb03fa62687499994f0ca2235ab888bf602d1f2b6c214861d8dfeef4ea2aece,5ce7774abe523902631b067e66525b52649422bb038b45ddbba3ca56c6806d36,torch_transformer__fold_04__interest__5ce7774abe52
torch_transformer,sequence_features,4,focus,target_focus,-10,8,-80,PM(t) <- EEG features t-80..t-10,bcbf7453b6c3768b7f4446c03f027f80397a24d1f0f54a82146b8fe6d4a67bdf,0.365106,0.46338333333333337,16133,3628,43,10,dc81ff9ad0de211041828837b6c3e81df5ab673944af3b83d8759ac78d70abd3,d789d5f8abed24745c918f670c297b56451849c4d62a6690ec7e1b15eb4635e5,42b77c3b3c257eb714bd5dc55e750fd0b8f3d8ab91dacd8444bb38d4e99c1794,16c5db4c25c3e581a90c594424ac4e440a9a4394eb56285ac00a9e8d4993ffce,7011aaa4fbcf95d1cb947e4cb681eeb11344dfe7aedbcdbd2f403db564d7bf3c,torch_transformer__fold_04__focus__7011aaa4fbcf
torch_transformer,sequence_features,5,attention,target_attention,-10,8,-80,PM(t) <- EEG features t-80..t-10,2f86d0e8c455b4f21168d0123e21d085836ed48610878f7e823e2e4fab91a878,0.408289,0.5064886666666667,15464,3698,42,11,c93926c36b62804d229f844e03f5fcf6d6faf27a314350cebce1e16a93828d91,1d2a02aa85fd44ff45c9dbc9b59ff06ebaca9e79eb49bddf3a41db2614ecc34d,fb03f90b787d193103779cbbd3e7dc12590bc8a76bd16729c188d3ce86901741,295b9c31f3e739dc90c16c7f3badf1d9b15d622cdfb70be9fe44f36a22a67bfc,5b675f272b62eb1d6c9b56245722b6a594b28d1d31e3beb2c6666b444ce0eef4,torch_transformer__fold_05__attention__5b675f272b62
torch_transformer,sequence_features,5,engagement,target_engagement,-10,8,-80,PM(t) <- EEG features t-80..t-10,fd819c1414dbc4a71c004ee2f223fde45d23c5e1a929dfb308519bdd81be5cc8,0.5812246666666667,0.6832976666666667,15946,4097,42,11,0109b6879b55635eb6d0432d7b26b0d8d96adba011059bd9522b63a9bf06c201,4f577cf35e55f2b618b624b84b144bfd932533ae12e4438970b1abf27806ce93,cbc5332ea0e6787583d81e5a30602bb1a3fbd95983817f31dd78f822e0719e43,c763c47bf6b16d667a2c47ae4d25397a0a9b9a06c2a18747f83342676a0b6a16,5392d22ddc985ce409265152008facb47cd9333d9b2552de40a8189427a04494,torch_transformer__fold_05__engagement__5392d22ddc98
torch_transformer,sequence_features,5,excitement,target_excitement,-10,8,-80,PM(t) <- EEG features t-80..t-10,e83502bfb241187a15bbe01f2a2df8a2dcfd119976c2c47635b1515b95a004a5,0.196205,0.361125,16082,3779,42,11,8304777815951922a6b990f65d202fd56adcf425133074f6b53bc8781e0da91f,28b61da02d8e852d43a5bb74292747f5d3b38168a9ea9ee9d40eba055378d31e,e7bd662ddf291a58fca5a0394aa9c4b990eff22e6f16fcf475db97301f5ec9fd,0489e47374297f2f18dc54d74f56f4ee30195f56085541ce103ed28890d10510,f4d9140d88771381a437434985456482f1015af89c3892ec8081171486921654,torch_transformer__fold_05__excitement__f4d9140d8877
torch_transformer,sequence_features,5,stress,target_stress,-10,8,-80,PM(t) <- EEG features t-80..t-10,f830184ed4091f7c1893003e91eb518737ed15e8b5f007bf46bf30fa7cf23cdb,0.4021516666666667,0.4598493333333333,15978,4206,42,11,8a479e1ef3d8a6e3831174b68718b08f14fdcf5a86af3736129c157b4553fa81,4e6bc20a26276ced29a360b805e97484bfc5a9f6dc29e4dc043e2a2f49008f40,d0ad7e64721f7e8a945a878c2ae2455b1a1ceda9aa53bb47c8f95645d640361a,69ceeecfc5f71c3285e65402339c7dba1b21d44bd5205664aec47eaf2e933d52,f84f2009c21afa1b2b82b2b77523e04413ce247096a3f611624d22b26be0208a,torch_transformer__fold_05__stress__f84f2009c21a
torch_transformer,sequence_features,5,relaxation,target_relaxation,-10,8,-80,PM(t) <- EEG features t-80..t-10,a638d2bb20962ed825b35f176b1a4005a8304bfc01370b1636d6ce403b817a6a,0.256914,0.3938446666666667,16144,4084,42,11,bfefc3967c70206162296527c2ddb516310c2f38ae0016954894f31fcd0b7204,0ad21cbbcd284be02b9aaaba9c9f8ba6d2257d0fb27b204ea21e18435824d018,6c4b052974f0ece5c8073a9b0b5a6419aaf4eda19bdd91566f365d5c58d0e0f4,8d111ac57741c11fa3ee85cfe32b6b77eee619f63df8fa3b4f298a54dc342582,44b944dbf15290d7cc61ce2eb32475ffcec97be7a80a5ef6bfaaab760237c944,torch_transformer__fold_05__relaxation__44b944dbf152
torch_transformer,sequence_features,5,interest,target_interest,-10,8,-80,PM(t) <- EEG features t-80..t-10,df1d4a9a8a978ee0e3bcd8ba820067c8fc420fd3f5f02f8d6b88fa7e63bbaac1,0.47852433333333333,0.529754,15993,3633,42,11,c83c50ea8f76184bce6d6c9b96b3b7b7388caa7ce7476f71d243437e5c62563d,148848152d3efdcb2608957748d1ba1a23aa7a7f8e2fae5053bf3372ddddd628,4a3a3750bc74212831bfd24e5194f1b73329aa0e4f8b88b11730b1ee3669a2c3,7da4188bd04999c1826d235317e373c4f5da084eb0920e84aa06b29c06834b2c,b82104e0c73d3e84cc40b413fdb1dce1b505d744c8a94e0755c7a1506a58e398,torch_transformer__fold_05__interest__b82104e0c73d
torch_transformer,sequence_features,5,focus,target_focus,-10,8,-80,PM(t) <- EEG features t-80..t-10,d1251c35ecfb7ccdf7b0d7e26663f103bb7b943f31fc83ad844ddbed424760ce,0.367191,0.4675926666666666,16052,3610,42,11,a586cab6bb4d95a9aef95af939466c692e0ed174bdad16ab033b45b1d65e94b7,9f430b45a8b61e53db44f1a20a2a258d6e3f8e653ac1dbe903dbba7916c2567d,e4e3a0516c82f3dd90a3b657ed24e1994213c4df1734cb9752bd8a3e3b01ab9d,d6917fcd00f1e6387398e4ef811d5e651b92a4d7c47e2028e0296125bb634dfb,6aa3112395b3f07b05deded0690b82a41cbb25c390ec91599d20f5abbf598d85,torch_transformer__fold_05__focus__6aa3112395b3
