subject_id,pm,outer_fold,full_subject_pm_timeline_hash,post_900s_evaluation_extreme_sample_hash,post_900s_evaluation_extreme,post_900s_evaluation_ready_min20_both_classes
0001508a,attention,5,57b47e6b8bbc5be3782fec066f4899309550a55e98d67c4675e07c02f932a9a9,dbb52ac37e0df50394b809c11c37cae619defdb3d6f878fa3c51ea10b14a7104,148,True
0001508a,engagement,5,57b47e6b8bbc5be3782fec066f4899309550a55e98d67c4675e07c02f932a9a9,0339003edf13477c3490ea7a8d6e1a928090b4378ba7b7799892bdd155fdc504,171,True
0001508a,excitement,5,57b47e6b8bbc5be3782fec066f4899309550a55e98d67c4675e07c02f932a9a9,96e955cabaad7c18af998bd80659ec1da3c40ad342768a3ffc8772af7ef0fae5,125,True
0001508a,stress,5,57b47e6b8bbc5be3782fec066f4899309550a55e98d67c4675e07c02f932a9a9,ded6f655cac50b8fc9ec137ef1b1680023f59a4c96e9d409c391155ff5ded5ba,181,True
0001508a,relaxation,5,57b47e6b8bbc5be3782fec066f4899309550a55e98d67c4675e07c02f932a9a9,e446ed363600c3d6961b2209442c940aa6b1aa2868337bd7da7385e7152fc606,178,True
0001508a,interest,5,57b47e6b8bbc5be3782fec066f4899309550a55e98d67c4675e07c02f932a9a9,9bd461a19ad721b9724969ad2b924ed21bf28b3370c66e2269128263882eea17,107,True
0001508a,focus,5,57b47e6b8bbc5be3782fec066f4899309550a55e98d67c4675e07c02f932a9a9,9b1d394289eb519d01925b3798fffa7674d102dd7b9ccbd9c575d431f56f320e,122,True
0012905a,attention,3,c480fde0dede7cc6549e78282e92eb50b49de40edc2a2b25af585b7d23f9c92c,53c27d8b64dc3a0ad7097618e85b44cbd23872522ba17161b24aa9af958d086a,370,True
0012905a,engagement,3,c480fde0dede7cc6549e78282e92eb50b49de40edc2a2b25af585b7d23f9c92c,1bdf030b93cb0a15a195c5b8851fb92622e48bd07449ea7dcad780809bcefbb7,514,True
0012905a,excitement,3,c480fde0dede7cc6549e78282e92eb50b49de40edc2a2b25af585b7d23f9c92c,5e5aaacadd05689aa7d2a68415287ab9ad5864f2bcff8c75325ee286f5f59b97,444,True
0012905a,stress,3,c480fde0dede7cc6549e78282e92eb50b49de40edc2a2b25af585b7d23f9c92c,6034af75b8b2a2f7816f63aac967d701c918fe275174c7e919f926ce4270a415,500,True
0012905a,relaxation,3,c480fde0dede7cc6549e78282e92eb50b49de40edc2a2b25af585b7d23f9c92c,f2eef1ae7db0da4814d1064ac9682ea12b8ae2336dc9d64b64e0f08d54e5e5c3,342,True
0012905a,interest,3,c480fde0dede7cc6549e78282e92eb50b49de40edc2a2b25af585b7d23f9c92c,223b295b0c4adf1a4ce5afe70e160aa8a919dc2a9e89924450931cf6de71e854,502,True
0012905a,focus,3,c480fde0dede7cc6549e78282e92eb50b49de40edc2a2b25af585b7d23f9c92c,55d40fcd763dbe475c10783c4af1a79920f80fb5766a9469e9a40c7eb78a8686,418,True
0110f12e,attention,5,78bd8449b009b57d9341f922995208ddd8affebc6eceb1d162c0b017111095bc,bc2da8a04d495fa7eed2ae861cfaf96d5f1231f3e2148cec99cc08586bbc891c,383,True
0110f12e,engagement,5,78bd8449b009b57d9341f922995208ddd8affebc6eceb1d162c0b017111095bc,1ae6f68b2ac9993495ffb409060fb273633689f78243fdbbe8ca6a53a000a774,389,True
0110f12e,excitement,5,78bd8449b009b57d9341f922995208ddd8affebc6eceb1d162c0b017111095bc,970cfe02bde8b261f37a79e9d2aad1811da98f45c0796e355222f78b864c5007,368,True
0110f12e,stress,5,78bd8449b009b57d9341f922995208ddd8affebc6eceb1d162c0b017111095bc,29e06c732ce69549b63cb2082569cfb57e86eafa3f07bc94b9b079acbc1574c6,422,True
0110f12e,relaxation,5,78bd8449b009b57d9341f922995208ddd8affebc6eceb1d162c0b017111095bc,0276d6e42bab51738fb24577194d22116fedb9deb8ff042d6e77c918d4f9f725,417,True
0110f12e,interest,5,78bd8449b009b57d9341f922995208ddd8affebc6eceb1d162c0b017111095bc,4875d2bb6008c3d54aac5df5aab6bf44b67a6ba796cc3e06c1206efef5b3c636,329,True
0110f12e,focus,5,78bd8449b009b57d9341f922995208ddd8affebc6eceb1d162c0b017111095bc,4de2426109ca7993f1dc55e609923762b5a3933b324eb2c67523d493d172be64,355,True
0182e16c,attention,5,082ab86b191d4b38f4c0b17dbc5e1e4bb4f50eaed4aceb1f05f646052a1ef0af,8fb1770ad090c3df053961878fc70a1a433849ffaaa9343a4af704991277048b,328,True
0182e16c,engagement,5,082ab86b191d4b38f4c0b17dbc5e1e4bb4f50eaed4aceb1f05f646052a1ef0af,4580cefafcff6b6c345dee87cab1b055f0db0f689e8a4e7c7e5cb12453ef7e94,290,True
0182e16c,excitement,5,082ab86b191d4b38f4c0b17dbc5e1e4bb4f50eaed4aceb1f05f646052a1ef0af,7777f252803340c88675c75f084ac767affbc7aabcfa988309f1b17777369e01,319,True
0182e16c,stress,5,082ab86b191d4b38f4c0b17dbc5e1e4bb4f50eaed4aceb1f05f646052a1ef0af,acd7ddce6977cf08c4e8fd724fe76018d4312be5916601bed0d2568e560044fc,262,True
0182e16c,relaxation,5,082ab86b191d4b38f4c0b17dbc5e1e4bb4f50eaed4aceb1f05f646052a1ef0af,ea2e7458cb71b08b2ea78a53ed92261dfa77bb86988c3aa28099607230983b51,311,True
0182e16c,interest,5,082ab86b191d4b38f4c0b17dbc5e1e4bb4f50eaed4aceb1f05f646052a1ef0af,edbd4d46fad012b529dacc41fab4c382687f0cd1d61d499c91438bc559f88d59,312,True
0182e16c,focus,5,082ab86b191d4b38f4c0b17dbc5e1e4bb4f50eaed4aceb1f05f646052a1ef0af,123eb5235887859264f4a464aea8095a3146745638152bc686a84106a0018e12,290,True
01c2a0d8,attention,4,5adda108ab2ef7a13b4b81f7b2004a26d99ce7a1ca61645e1ae573aef3b97fb1,12d5120cd84523e9a6f5ab84603d5377a6748764c5e42530ba1ce8f5d2198042,313,True
01c2a0d8,engagement,4,5adda108ab2ef7a13b4b81f7b2004a26d99ce7a1ca61645e1ae573aef3b97fb1,bba3d034469635610d0e21203151696ef1763b0d78987a7a2b7f188fe81b75a7,285,True
01c2a0d8,excitement,4,5adda108ab2ef7a13b4b81f7b2004a26d99ce7a1ca61645e1ae573aef3b97fb1,d26c0b9e02faf01ea7f252aa2421ae70cf14d83a2c786fbab41ac95d7be6e4a5,314,True
01c2a0d8,stress,4,5adda108ab2ef7a13b4b81f7b2004a26d99ce7a1ca61645e1ae573aef3b97fb1,009abe673701275f1fe373382095f23dfe0c7fe6154ed837b47c3a2cc311c78d,279,True
01c2a0d8,relaxation,4,5adda108ab2ef7a13b4b81f7b2004a26d99ce7a1ca61645e1ae573aef3b97fb1,37fa3170201aab2822dfa8637e14a965ebd866b305fb01944874806c74be0550,324,True
01c2a0d8,interest,4,5adda108ab2ef7a13b4b81f7b2004a26d99ce7a1ca61645e1ae573aef3b97fb1,4c31f1a8dd568104e49e0c7f160f155a33062e42f54de0600af67c6365bde3b8,333,True
01c2a0d8,focus,4,5adda108ab2ef7a13b4b81f7b2004a26d99ce7a1ca61645e1ae573aef3b97fb1,8ef5d929c126d539d5f25049cf8f36c4c349709a66bc0b40b281b6f8d3a10e29,264,True
1081b177,attention,2,1bf91adf5e9c65d98ca4edc71b6f051409b93279ea000ae2322d24c69cbb6e05,79a97472987f7f37a62e9bde8afdcda7d2e19e2e73a2fc089b8ce23852b67153,339,True
1081b177,engagement,2,1bf91adf5e9c65d98ca4edc71b6f051409b93279ea000ae2322d24c69cbb6e05,7022a11ba03d1802a795db8a48f7c8ed4faf8e4e1e3123a4d82438b29d5f9ab4,317,True
1081b177,excitement,2,1bf91adf5e9c65d98ca4edc71b6f051409b93279ea000ae2322d24c69cbb6e05,1bf06cc63303411ae966e41f5489babe10a8ca2e2b8169c2732b6a469e960e78,360,True
1081b177,stress,2,1bf91adf5e9c65d98ca4edc71b6f051409b93279ea000ae2322d24c69cbb6e05,0afef5b41c8dc10297e22a47f38c1c025d131693d5c36e3df9d23e62d47a0ec7,374,True
1081b177,relaxation,2,1bf91adf5e9c65d98ca4edc71b6f051409b93279ea000ae2322d24c69cbb6e05,cbc47bbd6ef98567c5f587d31e5c3f0d5abc507583b7edebeb632e6593b4cd52,347,True
1081b177,interest,2,1bf91adf5e9c65d98ca4edc71b6f051409b93279ea000ae2322d24c69cbb6e05,c3d9adc16d06244c5d36a4b1fa0f199c5469cea8d9625c0f7a093c3538f627f4,393,True
1081b177,focus,2,1bf91adf5e9c65d98ca4edc71b6f051409b93279ea000ae2322d24c69cbb6e05,169c894320a270bab1f1ce208a7dee0c66cb2dcb807e3c894c3d074c352d22f4,380,True
20201194,attention,3,7d5395e583f9c6c5d8cd2a5499286e578a2b8ed40a7819fc55818286235f4bfd,71d3fcd327f996134ea47b2dc7f87e5b5553b8d52459f0a86fae93d8b4e78ddc,284,True
20201194,engagement,3,7d5395e583f9c6c5d8cd2a5499286e578a2b8ed40a7819fc55818286235f4bfd,50e2cdc4a466cf7d4bd261987b93b062fff4c699d65ce49464e08889fca6405a,221,True
20201194,excitement,3,7d5395e583f9c6c5d8cd2a5499286e578a2b8ed40a7819fc55818286235f4bfd,25e4e047515fd07f151266658c7cc84727beaa6b50e35904e9e1ae1b0e743123,303,True
20201194,stress,3,7d5395e583f9c6c5d8cd2a5499286e578a2b8ed40a7819fc55818286235f4bfd,231f31c1e7c73a7f2862fcee89e826ea3f78322996e04c2d1fc9cba738ecfdc8,306,True
20201194,relaxation,3,7d5395e583f9c6c5d8cd2a5499286e578a2b8ed40a7819fc55818286235f4bfd,7c33f104e733a76b78c73493606d4744f868a88f9e6b2fea98201b79caa00beb,267,True
20201194,interest,3,7d5395e583f9c6c5d8cd2a5499286e578a2b8ed40a7819fc55818286235f4bfd,98f9cbaddc23322df7d18a176c2138524681492255de6027d1e4adc975bbfbbb,268,True
20201194,focus,3,7d5395e583f9c6c5d8cd2a5499286e578a2b8ed40a7819fc55818286235f4bfd,384323a73383de81a4c5775b782d5fa84e8c315c7f0b28608ff3afe7425067e1,298,True
2162c09e,attention,3,bfbb98d00f8ca427b37ff707e123e537b943381b762983f18f2b1fabb6903cbc,37e35dae7567790d4bde05651aa765f738ffca71fade614fbb20d5ec604d576d,409,True
2162c09e,engagement,3,bfbb98d00f8ca427b37ff707e123e537b943381b762983f18f2b1fabb6903cbc,3ca9884430cd88c3f3d94241c42eee88e04db6f3e9d31a14c14441c201a12f30,305,True
2162c09e,excitement,3,bfbb98d00f8ca427b37ff707e123e537b943381b762983f18f2b1fabb6903cbc,066cae11840ae4a79cba3b7e80e6ce67e2382526f42117fc2b059dbf9fb932f4,321,True
2162c09e,stress,3,bfbb98d00f8ca427b37ff707e123e537b943381b762983f18f2b1fabb6903cbc,da47547405a2f0bd6ac70895815164e94ad0fac203bc174c4af19732bed3d6f0,429,True
2162c09e,relaxation,3,bfbb98d00f8ca427b37ff707e123e537b943381b762983f18f2b1fabb6903cbc,581e0532582e96edb39c163f54cf5e4ccbce9e2749db97657118efda8cf29eac,399,True
2162c09e,interest,3,bfbb98d00f8ca427b37ff707e123e537b943381b762983f18f2b1fabb6903cbc,2f1badf7ec9660b8f8b6ebedb1770700e23e290686cc11938f10823b20999b97,438,True
2162c09e,focus,3,bfbb98d00f8ca427b37ff707e123e537b943381b762983f18f2b1fabb6903cbc,bc5adeb4704c3cd7778032fcf1d347f672dfea6ba7c84eda0445f65fab462c7c,337,True
2182c1cd,attention,5,0a281800322181b9daa445acd6a622cef62b065a9e3a69f4fe5f00553c67f3e0,2518039e91f1da3c44fb3b61351cd1c0c36449c27567fed42c0ada4cf6eda446,224,True
2182c1cd,engagement,5,0a281800322181b9daa445acd6a622cef62b065a9e3a69f4fe5f00553c67f3e0,a7cc4a28daed9de2b094bd298021930d3a015d81b6a2bdfc45b8e18c23f4e391,233,True
2182c1cd,excitement,5,0a281800322181b9daa445acd6a622cef62b065a9e3a69f4fe5f00553c67f3e0,f235c324a0dbe2deac116cb1c9d904dfdf377773aecf976e2cb0f5a761e16e92,264,True
2182c1cd,stress,5,0a281800322181b9daa445acd6a622cef62b065a9e3a69f4fe5f00553c67f3e0,4c984d52405335ec637770fea9e0673878c63add2f79b977ef72b82b8711dafc,291,True
2182c1cd,relaxation,5,0a281800322181b9daa445acd6a622cef62b065a9e3a69f4fe5f00553c67f3e0,d6fd26be8b1059ea2cd9daa4b151406b03017d0ce2fe348466b9d1fa58c3d0eb,256,True
2182c1cd,interest,5,0a281800322181b9daa445acd6a622cef62b065a9e3a69f4fe5f00553c67f3e0,0bea55cb14c3b4b91b6c9fa07bf82ceb741fc8a42630f5139c965109e4c99bbd,244,True
2182c1cd,focus,5,0a281800322181b9daa445acd6a622cef62b065a9e3a69f4fe5f00553c67f3e0,85491c193a8cc0b2cbc32a26b442ea934bc2de95c753ee030e91b41e60084394,248,True
219060fa,attention,5,9a04f91e213befb2e99cd819b6e0e350e19ab24ec600b4a7d2c1425651b44719,8d4a0ccf5039428958899ca3e3940c8462d529d3c23916ae86a42fa44376645d,272,True
219060fa,engagement,5,9a04f91e213befb2e99cd819b6e0e350e19ab24ec600b4a7d2c1425651b44719,23e3f158f28ae7a9ec3b761ea41b64cc35c57d20fda29583d6ba5684e0ffe408,287,True
219060fa,excitement,5,9a04f91e213befb2e99cd819b6e0e350e19ab24ec600b4a7d2c1425651b44719,654080ea62c7ede15e76d6cfa915d58db8e6e0e430aeca37f66e3f8f15ab29a4,263,True
219060fa,stress,5,9a04f91e213befb2e99cd819b6e0e350e19ab24ec600b4a7d2c1425651b44719,2e6679a80bdd6577d037d5d424e475ce19577b20b0868371b7d43d9b9a33ac31,171,False
219060fa,relaxation,5,9a04f91e213befb2e99cd819b6e0e350e19ab24ec600b4a7d2c1425651b44719,d21f3f47004cc3a0d1a4427caaa219b8b7fe34e83f678a4f93728fa4c9d2a5bf,296,True
219060fa,interest,5,9a04f91e213befb2e99cd819b6e0e350e19ab24ec600b4a7d2c1425651b44719,f93ff3947e2a752a4cc40f756d04e6342d63ba56b26aed0ef5d3bc5b9db75f29,131,False
219060fa,focus,5,9a04f91e213befb2e99cd819b6e0e350e19ab24ec600b4a7d2c1425651b44719,3db5e893108715fea5fba85646afe85594fd6d2927ea3a2fa495b1834e4cec9e,233,True
21a031f6,attention,3,1d4166b8b2a97de774ee90a9ada38dad0a53fef4a8d54e7e8810e393b7ed928a,50353cb79f43b7e5b1c30260abc49dc0ff2240b7d78e467c7b81c6a3a279d8ca,525,True
21a031f6,engagement,3,1d4166b8b2a97de774ee90a9ada38dad0a53fef4a8d54e7e8810e393b7ed928a,ab65ccdd50ac8fbf8c3eb3529bdac111b1af6158d2401a27c594466ee10f5f16,498,True
21a031f6,excitement,3,1d4166b8b2a97de774ee90a9ada38dad0a53fef4a8d54e7e8810e393b7ed928a,1435c04aa2f8b3c28936dcf139233c1147bb72eb97b14241acfa4abd60381293,392,True
21a031f6,stress,3,1d4166b8b2a97de774ee90a9ada38dad0a53fef4a8d54e7e8810e393b7ed928a,eaa6769f07dedc90367833a60f51c979cdf951e78d7a641e02ff976aee44d95b,557,True
21a031f6,relaxation,3,1d4166b8b2a97de774ee90a9ada38dad0a53fef4a8d54e7e8810e393b7ed928a,8705fb1e381922e35bc0f8ba73d8240ee7a2d98b016e6d157298574a62deed22,464,True
21a031f6,interest,3,1d4166b8b2a97de774ee90a9ada38dad0a53fef4a8d54e7e8810e393b7ed928a,113d81a200498bd9d2e00cd143dc4ec9f93e779b245a908a0d8be11c9b5782ca,314,True
21a031f6,focus,3,1d4166b8b2a97de774ee90a9ada38dad0a53fef4a8d54e7e8810e393b7ed928a,23b5ade1d2960bb4b1d02b3bf7fdf88978bd2852e4cd482e0a3882e7167f95ba,336,True
30908049,attention,4,f85c1f200ec137c131c1c85891c084ea7f5fdb95629075344d65be3e59d0ed15,c96b2b9563e833a8d4ccdcf5936d1c4ca4c121e5bcfece4a4be7f8bb82d0d919,302,True
30908049,engagement,4,f85c1f200ec137c131c1c85891c084ea7f5fdb95629075344d65be3e59d0ed15,14adbda5ea5e529969541c549a48945bf9ed52249906259cf909d5b643bcd12c,408,True
30908049,excitement,4,f85c1f200ec137c131c1c85891c084ea7f5fdb95629075344d65be3e59d0ed15,f5b03786f92ed7de51fc5d5db78b25ab9b0e6a94fd384be43e19f39fca7b7174,475,True
30908049,stress,4,f85c1f200ec137c131c1c85891c084ea7f5fdb95629075344d65be3e59d0ed15,ecc872e72af84f06d6980989b13dbb1c34e148ec42da94c6e365c6a3062fe9e9,169,True
30908049,relaxation,4,f85c1f200ec137c131c1c85891c084ea7f5fdb95629075344d65be3e59d0ed15,b1ef08f4330270317ef38c823944ee9a3dcac5aa8c1733ad9fb2b3386e7aa7a3,307,True
30908049,interest,4,f85c1f200ec137c131c1c85891c084ea7f5fdb95629075344d65be3e59d0ed15,ca88c281f104430b6ad226df2d4f85c481f5fb27c640fcca966a852079b50918,183,True
30908049,focus,4,f85c1f200ec137c131c1c85891c084ea7f5fdb95629075344d65be3e59d0ed15,30fa1630ca10f83fc24fad3959d38c3c95fda2735432cf7d6b9678ab90c58a7d,481,True
30c140ca,attention,1,c56b46eaf9b8b455eca093baf790ae5d910abeb0d4eaaa079d9547dee4e450ec,6233feb324e6daf7af54a843d3f490a39a73f30069006a91c9f78b172eb1967c,228,True
30c140ca,engagement,1,c56b46eaf9b8b455eca093baf790ae5d910abeb0d4eaaa079d9547dee4e450ec,074cccdb84c2db09871004d40f9e61ce9e06b55ccaaba87c7749ed0330fad996,191,True
30c140ca,excitement,1,c56b46eaf9b8b455eca093baf790ae5d910abeb0d4eaaa079d9547dee4e450ec,87357978b375fa8c6ebf8e56068a3b556dff9aba7fcec4bde7839891674b6696,212,True
30c140ca,stress,1,c56b46eaf9b8b455eca093baf790ae5d910abeb0d4eaaa079d9547dee4e450ec,e87de54ed35ff53c97873b18979945b299c5462b8e035e570493aa9ddf857358,238,True
30c140ca,relaxation,1,c56b46eaf9b8b455eca093baf790ae5d910abeb0d4eaaa079d9547dee4e450ec,6dac3309d113aa30a9b0848868f18956374b07d37a2579abf1f104141da3c7c4,244,True
30c140ca,interest,1,c56b46eaf9b8b455eca093baf790ae5d910abeb0d4eaaa079d9547dee4e450ec,f30d453e556bd9356b7be8f614d5c9ddd3578b19eb35dbcdcbb6b5a580ab59cb,266,True
30c140ca,focus,1,c56b46eaf9b8b455eca093baf790ae5d910abeb0d4eaaa079d9547dee4e450ec,7b60845fd3eb3631be79bca80709de23383eefce9f7fd7fe5a1d603f15c7e6fd,224,True
3110e0c7,attention,1,af3a1cc86540c8260de055689b6609691a554d91f75c1b70f4637c75f7a7cead,42ef7e503ebe0f60b7de8eeb585c48440f02b30392b16a9c9f45196726ea1fe7,109,True
3110e0c7,engagement,1,af3a1cc86540c8260de055689b6609691a554d91f75c1b70f4637c75f7a7cead,40526bdf42e31a5549cbdda9415c0cc94adbca909723da0ab93d836f0473cc73,220,True
3110e0c7,excitement,1,af3a1cc86540c8260de055689b6609691a554d91f75c1b70f4637c75f7a7cead,002339eb169f62f374697b6810e26819e9f25269018bfcea2f3c7a9c90cbca43,289,True
3110e0c7,stress,1,af3a1cc86540c8260de055689b6609691a554d91f75c1b70f4637c75f7a7cead,770a52cd6366b26f62cee8630dbadee8f57dd539a960f39842382d4c70a5101a,216,True
3110e0c7,relaxation,1,af3a1cc86540c8260de055689b6609691a554d91f75c1b70f4637c75f7a7cead,d94f9fc7a50190b20030fffc54924ce7b6da103ec9abd26b27d2d5d303760652,262,True
3110e0c7,interest,1,af3a1cc86540c8260de055689b6609691a554d91f75c1b70f4637c75f7a7cead,852ef5cd5c3e6ff42f24d6bb0e428cf8830d82468d0c97e1410d157937b29538,272,True
3110e0c7,focus,1,af3a1cc86540c8260de055689b6609691a554d91f75c1b70f4637c75f7a7cead,ca5fd29ee52751ac9b616ba95a23b861a8994d74525de9d5c53d0e7700fbba39,270,True
40009139,attention,4,1ecf834470a9d7c085b939b2599053caa9f5636c9b3f3fb1dc31b7038a0ddd39,a1c7b92005f01c1635ff3bfdd517286d17b993c0057d87af318fec6cf658f341,182,True
40009139,engagement,4,1ecf834470a9d7c085b939b2599053caa9f5636c9b3f3fb1dc31b7038a0ddd39,25ece0af05a90ca7b8f53ee5ebeedcf761fe7440c2b045995bf62bec40c1f027,207,True
40009139,excitement,4,1ecf834470a9d7c085b939b2599053caa9f5636c9b3f3fb1dc31b7038a0ddd39,28dc47fd9d2c2146176923db07bb6a03f946a130a2ada013b386df83b308bc90,215,True
40009139,stress,4,1ecf834470a9d7c085b939b2599053caa9f5636c9b3f3fb1dc31b7038a0ddd39,5d2387b67e65a37a994f19c46bb44f94384735a63a88cdfb06f9cab054e7bdda,141,True
40009139,relaxation,4,1ecf834470a9d7c085b939b2599053caa9f5636c9b3f3fb1dc31b7038a0ddd39,acf217c5862c821e802d37f2cc585df122abdc0410961a1af2e1fb346f80d91f,208,True
40009139,interest,4,1ecf834470a9d7c085b939b2599053caa9f5636c9b3f3fb1dc31b7038a0ddd39,34818e4e6f79f02030f1875a55a991b1418f93872469968e27b09b2f40a90696,132,True
40009139,focus,4,1ecf834470a9d7c085b939b2599053caa9f5636c9b3f3fb1dc31b7038a0ddd39,63723ca7d771149cf35d9d664a13b14d735b7dfe16e4cb9458636bc04716847c,237,True
40f0714a,attention,1,ec00b9253617695de2b517e07a3ef979277de9c45bd5c70e2b7bd21b950a664b,8431b0bb4d5b67ff19f25800bdd0c4abd38d4fb586491a3efe6b473256335dfe,37,True
40f0714a,engagement,1,ec00b9253617695de2b517e07a3ef979277de9c45bd5c70e2b7bd21b950a664b,c69452c07dc39b4466d42712a70921b1262b3eda2dd67b2c7c979a4997b30e87,45,True
40f0714a,excitement,1,ec00b9253617695de2b517e07a3ef979277de9c45bd5c70e2b7bd21b950a664b,56c7258f27fb99f823552c5a60aa870f07450f9628b62846a96f70800844ba1c,57,True
40f0714a,stress,1,ec00b9253617695de2b517e07a3ef979277de9c45bd5c70e2b7bd21b950a664b,b6115d8912743da14f03d61e9b649fdd759bffe694f38629b9533a4e816dfbb1,59,True
40f0714a,relaxation,1,ec00b9253617695de2b517e07a3ef979277de9c45bd5c70e2b7bd21b950a664b,950d9c566a9b5db4b5a2681cff024a7518c369cf34e753ea9f36cc261fc09eaa,47,True
40f0714a,interest,1,ec00b9253617695de2b517e07a3ef979277de9c45bd5c70e2b7bd21b950a664b,29ff951ac9c494731f127be447649a80cfbcd09259115c6ffaa5d042c4ba12fe,52,True
40f0714a,focus,1,ec00b9253617695de2b517e07a3ef979277de9c45bd5c70e2b7bd21b950a664b,47906ad1c7c5690a5913a7be49bf7ddd142cb4a72de80f17ddf95eb6d22c948d,48,True
41e2010c,attention,3,898cefb2a5e173728647460385663a618225390e63daab97b60b82e45022cb0d,2950e47fbce97c20e668e3669aebadcd139c223932b1df42b43e09f503b6b4ec,163,True
41e2010c,engagement,3,898cefb2a5e173728647460385663a618225390e63daab97b60b82e45022cb0d,56e93a4d549da9671add844965ecf7c37ba5b06f3a7297a200a5e33a4b637c85,161,True
41e2010c,excitement,3,898cefb2a5e173728647460385663a618225390e63daab97b60b82e45022cb0d,5774dbd2eee284c10a0392ba59574f59bb3797a458044a1aedd3c6fe72acd6a0,141,True
41e2010c,stress,3,898cefb2a5e173728647460385663a618225390e63daab97b60b82e45022cb0d,f2e6362f38d8f332ad36efc7d74f30784df54f0bc741c1c9e74a9997cd4a5279,220,True
41e2010c,relaxation,3,898cefb2a5e173728647460385663a618225390e63daab97b60b82e45022cb0d,08f97ce6e7d9488675f1f175d4ac9111fa0874498365e3946aa3a8725187f2ca,132,True
41e2010c,interest,3,898cefb2a5e173728647460385663a618225390e63daab97b60b82e45022cb0d,5fa96170572d9a7ae73802e4808c2a128b722104692d034a81186944971e65f6,212,True
41e2010c,focus,3,898cefb2a5e173728647460385663a618225390e63daab97b60b82e45022cb0d,983332a520bcbc9e529b7fc86d0082e2f69ebe9cc4419d29aedd79966362db65,154,True
5001d09a,attention,3,d4ef0af19432b76a595a3a49fff9b5ab7c15c6f3adf578b46d92ebb8d316c79c,f35ade52b462c036206ddcf3080725035dca52b8b61dde62f6064547b148bc85,91,True
5001d09a,engagement,3,d4ef0af19432b76a595a3a49fff9b5ab7c15c6f3adf578b46d92ebb8d316c79c,0e98f1864edd72cbb04c0b96e542041f61efc43cc642174d9fdb3ea9100ef57d,157,True
5001d09a,excitement,3,d4ef0af19432b76a595a3a49fff9b5ab7c15c6f3adf578b46d92ebb8d316c79c,e7582bb91f8484d6f8d37b956aa633298a668df0c23bd20f4c3ece8673029beb,152,True
5001d09a,stress,3,d4ef0af19432b76a595a3a49fff9b5ab7c15c6f3adf578b46d92ebb8d316c79c,8fb900f592ee8318a8ef1ed05d9a9e00ee0ef5edc98e3617d651c2d72bbd0b33,179,True
5001d09a,relaxation,3,d4ef0af19432b76a595a3a49fff9b5ab7c15c6f3adf578b46d92ebb8d316c79c,77187c5056e96a75004e210d8690f55f726ea8eff5e40266be2c3452ac5640de,120,True
5001d09a,interest,3,d4ef0af19432b76a595a3a49fff9b5ab7c15c6f3adf578b46d92ebb8d316c79c,2129e33f16945ebdf28cbca1b7708041caa629af0cbef77fadc3f9e30a78268a,183,True
5001d09a,focus,3,d4ef0af19432b76a595a3a49fff9b5ab7c15c6f3adf578b46d92ebb8d316c79c,a7f11270eca17efc74189f43221239a9b6192443f6066bd9f9a79ed76d923a6d,165,True
50c02189,attention,3,b21612851688eb2feaa10d942de10ff4cc9d29cfc38a1e7f02ae8d97161fed4e,e1e5b06c88198ca4cd0986358b311308f56fdbd15fb56bb0893630ffc3c28a5c,548,True
50c02189,engagement,3,b21612851688eb2feaa10d942de10ff4cc9d29cfc38a1e7f02ae8d97161fed4e,39e0df6bcdc235f4321399d5168d1d87ba14876fd8ab275b368a2cd116778873,675,True
50c02189,excitement,3,b21612851688eb2feaa10d942de10ff4cc9d29cfc38a1e7f02ae8d97161fed4e,c5edb6fd8f8fdc82f5e0b57177daf4b83d579a327a493fbe7d3ecfb7e3e868d3,458,True
50c02189,stress,3,b21612851688eb2feaa10d942de10ff4cc9d29cfc38a1e7f02ae8d97161fed4e,aa99f6af746736338fa16d799b191716008582f57834e2de2dc46d458eea93af,758,True
50c02189,relaxation,3,b21612851688eb2feaa10d942de10ff4cc9d29cfc38a1e7f02ae8d97161fed4e,b39b6b7398ab602861ce6899631457ceab5502796c8c9dc642096551a719d98f,635,True
50c02189,interest,3,b21612851688eb2feaa10d942de10ff4cc9d29cfc38a1e7f02ae8d97161fed4e,708136ef8f0cb5330424e36c7e9ba913f78a78b463f7ca0371c33f601024a5a3,716,True
50c02189,focus,3,b21612851688eb2feaa10d942de10ff4cc9d29cfc38a1e7f02ae8d97161fed4e,90c210257cea625b21989cf570d9f4fc5362edecbfb41128055ca4067ab79349,595,True
517001af,attention,2,5487b5103478a5a85ab7d9a84df277ef7d90442b3834372c36d905eb69d9a60f,d8a4a804a0570464119699f1dab75a0686ce29c59753bae4030d7aa4e7dd2567,134,True
517001af,engagement,2,5487b5103478a5a85ab7d9a84df277ef7d90442b3834372c36d905eb69d9a60f,25ffd289e8f733a25ef1e9a492434ebdbb9d1f1ec3413583d5279970eceafcc6,271,True
517001af,excitement,2,5487b5103478a5a85ab7d9a84df277ef7d90442b3834372c36d905eb69d9a60f,30d976591f2e1b7c6ec6d5d83b64bf75ffd28e9decb490bcbf2517bab67ccede,314,True
517001af,stress,2,5487b5103478a5a85ab7d9a84df277ef7d90442b3834372c36d905eb69d9a60f,314cb272872e6f7ff0be65c34e0d175d12dbc7eab6c8cffe24a9205172ce43b0,84,True
517001af,relaxation,2,5487b5103478a5a85ab7d9a84df277ef7d90442b3834372c36d905eb69d9a60f,be588ee7e618f35734f291450edf6e9c40e18e48718749324f3e939d556b7ee6,277,True
517001af,interest,2,5487b5103478a5a85ab7d9a84df277ef7d90442b3834372c36d905eb69d9a60f,b229179e0427c0d67d76a78801624512e3cbcf69a0a294cdad794787c99bd8e1,172,True
517001af,focus,2,5487b5103478a5a85ab7d9a84df277ef7d90442b3834372c36d905eb69d9a60f,b8390925b7a7b51ac569e825daf03f68bb94c3bb28c8bcc067614a79626eb4ec,339,True
6030f0fd,attention,2,9a2579d9cc23bd2f4819e95b611ca2e1d1cdc08c518b1366f6b7bc3f7dae0219,e3ee0b89baa8861450148475a84e68cd3d80794862aeec1ecff11bb561987aff,302,True
6030f0fd,engagement,2,9a2579d9cc23bd2f4819e95b611ca2e1d1cdc08c518b1366f6b7bc3f7dae0219,b5d6493737ff2aac5f11243833d5baa89bae6f46e60b98326deebc8cf963f6cc,223,True
6030f0fd,excitement,2,9a2579d9cc23bd2f4819e95b611ca2e1d1cdc08c518b1366f6b7bc3f7dae0219,b4681ca88381071995418959b05e7eaf9de5af99c9a1754c4157e1310a63a9d3,241,True
6030f0fd,stress,2,9a2579d9cc23bd2f4819e95b611ca2e1d1cdc08c518b1366f6b7bc3f7dae0219,14b605ff245712d665985726e6ac22e63d2582eaea70218353e34b34fa95fd34,233,True
6030f0fd,relaxation,2,9a2579d9cc23bd2f4819e95b611ca2e1d1cdc08c518b1366f6b7bc3f7dae0219,adb916107a374f4d8332d6fa2c749726dc0578697d2f0e81dab524b04771f7ee,199,True
6030f0fd,interest,2,9a2579d9cc23bd2f4819e95b611ca2e1d1cdc08c518b1366f6b7bc3f7dae0219,e78b77d5b203096a10763227ff7d1ee649691e7cde71cbc9f2356cf6350a6bd5,199,True
6030f0fd,focus,2,9a2579d9cc23bd2f4819e95b611ca2e1d1cdc08c518b1366f6b7bc3f7dae0219,c959e494bb88f86cd1d13e2b765904dde71dfb86b175de03d835be2f96d8c738,225,True
7072a0e0,attention,2,8ca3bf305d4b46607bb8d7d67c7edd3907f53ba5e89e0b9eda72d6a094f5cc31,ae426f54d1fd047e97fb8a3bc125ce8158901b963279dfa888c47cbc33cf1bcd,474,True
7072a0e0,engagement,2,8ca3bf305d4b46607bb8d7d67c7edd3907f53ba5e89e0b9eda72d6a094f5cc31,d4424ac3b0ada85ed6c4a5f62d2012600c86b1a773c89f9381203b6b9e991442,443,True
7072a0e0,excitement,2,8ca3bf305d4b46607bb8d7d67c7edd3907f53ba5e89e0b9eda72d6a094f5cc31,2c98355ec5a63562d3e5f661ca06141358cfdff4c99bec26147409e244d4994c,422,True
7072a0e0,stress,2,8ca3bf305d4b46607bb8d7d67c7edd3907f53ba5e89e0b9eda72d6a094f5cc31,36481cb274754a640e43141a3621fb699e670b486004cf7dd4d6de7dcdfb780d,464,True
7072a0e0,relaxation,2,8ca3bf305d4b46607bb8d7d67c7edd3907f53ba5e89e0b9eda72d6a094f5cc31,29e86a385d27c9a80eb1ffc066cdef115b246b6a9c4f43e39811fde9440551be,325,True
7072a0e0,interest,2,8ca3bf305d4b46607bb8d7d67c7edd3907f53ba5e89e0b9eda72d6a094f5cc31,a67d9119c3733ca4996c6c8a88b1f260e51018605c6658764249ad2348b917c3,409,True
7072a0e0,focus,2,8ca3bf305d4b46607bb8d7d67c7edd3907f53ba5e89e0b9eda72d6a094f5cc31,7678741e9cc35c65cafe171d977d84234cfec069f2b6dc5e85b622b805763649,423,True
7092f07b,attention,4,3c4013868e699d6104cd9dec127432b9f05c53e2c2ae3579e37f8ff18d41f4a7,2f5c753e6cdc5e9c833ebe4c0b9083f689de2b4a5940acfab5817513c7e7bc0c,308,True
7092f07b,engagement,4,3c4013868e699d6104cd9dec127432b9f05c53e2c2ae3579e37f8ff18d41f4a7,4c745c57ef7553257e58decb43a070f49b5ed033ceb942917ca8340df30093b9,252,True
7092f07b,excitement,4,3c4013868e699d6104cd9dec127432b9f05c53e2c2ae3579e37f8ff18d41f4a7,1a9d1876dbc9320536fee161ceb52f0779a62cfce2c649aafc35b32d025d15af,212,True
7092f07b,stress,4,3c4013868e699d6104cd9dec127432b9f05c53e2c2ae3579e37f8ff18d41f4a7,ef9462069abcba9b9524b9e3c3a17bbdd6417042323dc50d713beb0588c280b9,297,True
7092f07b,relaxation,4,3c4013868e699d6104cd9dec127432b9f05c53e2c2ae3579e37f8ff18d41f4a7,f5e7f5fdaaddeccb8f884e603bc399789358c7f0ca7c5b587990dfc278f4a48f,256,True
7092f07b,interest,4,3c4013868e699d6104cd9dec127432b9f05c53e2c2ae3579e37f8ff18d41f4a7,94ad5a74d07c1a8e7a5e3858131d5c55e45b914bd521b698ff8eeb9c62ee3be9,349,True
7092f07b,focus,4,3c4013868e699d6104cd9dec127432b9f05c53e2c2ae3579e37f8ff18d41f4a7,4d6509853fa034e205fe6b089de5720461092851f4a07977e1a3fdef1a7d1c47,227,True
7150e10a,attention,1,8de72fbf0ca2681b78de69c53ca4c9c5beb3bd67de090d798369993b27f6d7c6,2b7fb52fd156f9fed6e8df77a451d65fc926b4f2180c2ab2490188c6f65fc84c,504,True
7150e10a,engagement,1,8de72fbf0ca2681b78de69c53ca4c9c5beb3bd67de090d798369993b27f6d7c6,cd12e258ddbd62f12bcf5d02c43fbb1c6a019373bce2116ed92ff9fca1110d43,493,True
7150e10a,excitement,1,8de72fbf0ca2681b78de69c53ca4c9c5beb3bd67de090d798369993b27f6d7c6,d728703b0271c6d56f20e4c6d1ff7383b890767272cff0131e328f33807b9deb,471,True
7150e10a,stress,1,8de72fbf0ca2681b78de69c53ca4c9c5beb3bd67de090d798369993b27f6d7c6,84c57b55458cfdd3bc40f98921fa06174193a39a018e80876a931acedc3575b4,478,True
7150e10a,relaxation,1,8de72fbf0ca2681b78de69c53ca4c9c5beb3bd67de090d798369993b27f6d7c6,ce8070b075fa7ce588622743c4e1e36ec90bbe7a582d670fa5f1bf5b24047a82,438,True
7150e10a,interest,1,8de72fbf0ca2681b78de69c53ca4c9c5beb3bd67de090d798369993b27f6d7c6,1d94a13dbdd5698d312b97947d237a282f8cf82b46b0e2f3622d21df822b210c,174,True
7150e10a,focus,1,8de72fbf0ca2681b78de69c53ca4c9c5beb3bd67de090d798369993b27f6d7c6,bead6ed3faf86e14310d0aedf530e2614868ceb3324d8fdd5fe36f24cedbe4af,423,True
71a251fa,attention,2,706d854ef235633ed42445c4d3a1ceb9b9c2610fa22106d7b1b2ec2ddef5817a,1980b5d2df487369c85e065e20c202fbb651032b3ed578ca74b897870025f151,153,True
71a251fa,engagement,2,706d854ef235633ed42445c4d3a1ceb9b9c2610fa22106d7b1b2ec2ddef5817a,bd200256dfd7c9d92bfd94b7a28d5fd320fd65ecc81828544e03dec8b4e4501b,194,True
71a251fa,excitement,2,706d854ef235633ed42445c4d3a1ceb9b9c2610fa22106d7b1b2ec2ddef5817a,37501908a1e4096c3809d6817c9739f0fec949c974aa0152f0d416ce9fef1cf5,146,True
71a251fa,stress,2,706d854ef235633ed42445c4d3a1ceb9b9c2610fa22106d7b1b2ec2ddef5817a,31e6c65667860947a668c5d6c6b1cf8c99e81707980b236eecf7d2502b7d5404,73,True
71a251fa,relaxation,2,706d854ef235633ed42445c4d3a1ceb9b9c2610fa22106d7b1b2ec2ddef5817a,7af4a71d799f835d7510b387cbe8577b5ef36074786cb57aaf0ee8cc161e2f0a,185,True
71a251fa,interest,2,706d854ef235633ed42445c4d3a1ceb9b9c2610fa22106d7b1b2ec2ddef5817a,e976aa5901ede3aa453cf1ae1b9286879bc19c45689566681dda002395e1a657,196,True
71a251fa,focus,2,706d854ef235633ed42445c4d3a1ceb9b9c2610fa22106d7b1b2ec2ddef5817a,52fe59205b3ff8878f94f0a4c606ebd50b69c0c3dfab1f4921a4e55d4d4d7764,167,True
71c09041,attention,2,c9bf3b1dafc30e23b97b71ea286a0ade61ae5d4a60d51458cc0f26683dbf59d9,df017c00a88c231676b5508c16c607f9ed16c0527b660975e3328224ea85271a,140,True
71c09041,engagement,2,c9bf3b1dafc30e23b97b71ea286a0ade61ae5d4a60d51458cc0f26683dbf59d9,64b360a591dd562611b9dc7a8fa5e6cacd9d312694dbc92baa6b857787b881d6,391,True
71c09041,excitement,2,c9bf3b1dafc30e23b97b71ea286a0ade61ae5d4a60d51458cc0f26683dbf59d9,73078b46a008c90b002afc6cf0fe1b4e55502a946095513743ac0599f4ab6000,297,True
71c09041,stress,2,c9bf3b1dafc30e23b97b71ea286a0ade61ae5d4a60d51458cc0f26683dbf59d9,d50bfda4c2b139c6aff4bd2e4363127bbade52d4c5c641ab4e0f2eea49f5d76a,252,False
71c09041,relaxation,2,c9bf3b1dafc30e23b97b71ea286a0ade61ae5d4a60d51458cc0f26683dbf59d9,e6ee2bb167d382419c6774cc5db97ae2d46e2f42ff0a363f9058fd4378cdba9c,386,True
71c09041,interest,2,c9bf3b1dafc30e23b97b71ea286a0ade61ae5d4a60d51458cc0f26683dbf59d9,2197e10280624dc34c9038e73d2404a0f9cee71842f2f16a4b9f2d4d9fa06933,325,True
71c09041,focus,2,c9bf3b1dafc30e23b97b71ea286a0ade61ae5d4a60d51458cc0f26683dbf59d9,d4e9040166cc4aee5118e58800549b9b7d54ca352238856054d6286c4ae65e3b,314,True
71e10186,attention,5,b5054d00fc1a660d0139736c03f632cc3830ab18d3a9c1ec9ce1f5597f846eff,12ea88673317bb5b759a27c617413274a6c65f79d90b95a22a002fbd27d43892,475,True
71e10186,engagement,5,b5054d00fc1a660d0139736c03f632cc3830ab18d3a9c1ec9ce1f5597f846eff,27da19b1c4ea16857d37d84a3cbf271b22b945a8e5cd4083f7ebe38e4a6605aa,506,True
71e10186,excitement,5,b5054d00fc1a660d0139736c03f632cc3830ab18d3a9c1ec9ce1f5597f846eff,6b4395b123185625ea1865f550be982550ebf28019f0e2944e8cd95d7324bf7a,466,True
71e10186,stress,5,b5054d00fc1a660d0139736c03f632cc3830ab18d3a9c1ec9ce1f5597f846eff,ebb7ad7cbe165626655680fe8cd195ddbeae4b8c332dc990868f1d918c1eb7bb,578,True
71e10186,relaxation,5,b5054d00fc1a660d0139736c03f632cc3830ab18d3a9c1ec9ce1f5597f846eff,a7586b52268ec2bb4b637c4bf3ad68d70bf05b67548a82cabd36f551c7e5cdc1,572,True
71e10186,interest,5,b5054d00fc1a660d0139736c03f632cc3830ab18d3a9c1ec9ce1f5597f846eff,ba8abbb0a8558bca71230caab28cab05c3ca1dde13465dd05cbdcab17b5e4da7,494,True
71e10186,focus,5,b5054d00fc1a660d0139736c03f632cc3830ab18d3a9c1ec9ce1f5597f846eff,0c5de1efefaa63839c645a748789a574140bfbfca06af43802d07842684e44b5,454,True
71f0603f,attention,1,d9706ac878efd2a8ea92a1c647086d0b98f7a63ff448dd9dbf4db26134b1a16c,c2b1f25a3ad0c48e6846e0377b76b897c28aadfdd53cfe4e7313925ad689237b,575,True
71f0603f,engagement,1,d9706ac878efd2a8ea92a1c647086d0b98f7a63ff448dd9dbf4db26134b1a16c,2e7a6fd8bee6371a412298f104ed98f0b25bbb6e0b8f3468fa15f947c4832bb5,682,True
71f0603f,excitement,1,d9706ac878efd2a8ea92a1c647086d0b98f7a63ff448dd9dbf4db26134b1a16c,8394fafe5fcf6b352f7346c87f0ac133e245635d2d256b990eb25c319204e845,676,True
71f0603f,stress,1,d9706ac878efd2a8ea92a1c647086d0b98f7a63ff448dd9dbf4db26134b1a16c,ad4b219d86bf535d4879008bfd95ec6573bf848dd5f14b40800c98987fd27412,565,True
71f0603f,relaxation,1,d9706ac878efd2a8ea92a1c647086d0b98f7a63ff448dd9dbf4db26134b1a16c,6e4415540d609e4f12916e3d036dbdaadac60a24ef1360cdb773a02cf4300b97,724,True
71f0603f,interest,1,d9706ac878efd2a8ea92a1c647086d0b98f7a63ff448dd9dbf4db26134b1a16c,de742f9742fea8f470582ebad81ac0bda47cad19be4f33f6f795fbcfbb40777f,744,True
71f0603f,focus,1,d9706ac878efd2a8ea92a1c647086d0b98f7a63ff448dd9dbf4db26134b1a16c,6fe91c642ece31f2413e2330b62b7177f4d90bc189fd8e467bf8bd7cbd4ad588,694,True
71f21142,attention,3,92c2ae7d6c637345bbeef48c93c477135a01a3f874133830b80b83b4b8c3b123,eca257ad6a9b11ea4cd3550e891020b3b799efa47201aed600147c85c19190e3,286,True
71f21142,engagement,3,92c2ae7d6c637345bbeef48c93c477135a01a3f874133830b80b83b4b8c3b123,0cf3e7ad938e7212ee3207e5d8d7da34e7e676ec4978cd3911a7b7fe1c74e778,251,True
71f21142,excitement,3,92c2ae7d6c637345bbeef48c93c477135a01a3f874133830b80b83b4b8c3b123,92059fa13de173de7a50e1558f318aae53a819b39c20547b62143fbffde92f5f,334,True
71f21142,stress,3,92c2ae7d6c637345bbeef48c93c477135a01a3f874133830b80b83b4b8c3b123,b30b416c342b1e55b0d8bf0469ce7a01c19f96f26aee10ba8183aad5a5cf6dad,126,False
71f21142,relaxation,3,92c2ae7d6c637345bbeef48c93c477135a01a3f874133830b80b83b4b8c3b123,89943df7d1536b1a8b52360bd70597501811030507712f17df8d3a1664833b99,309,True
71f21142,interest,3,92c2ae7d6c637345bbeef48c93c477135a01a3f874133830b80b83b4b8c3b123,906f1675ea7800d1303d0cf508a82543f328bebc97614c8cd077e34f86b5fc2d,142,True
71f21142,focus,3,92c2ae7d6c637345bbeef48c93c477135a01a3f874133830b80b83b4b8c3b123,4fa3df54acaa539d50debba889a966aa2d8bcfb042ea20340bf3bb8c3ad760ea,281,True
8030618f,attention,4,94d28f0bb4246219fd79c9075e708fb16b985ddda2453b44bed6c60571fa8f57,d6dacc136f17f7ad77b3bdc1a1e563428383227b781bb8e3e376aed3c3d76951,275,True
8030618f,engagement,4,94d28f0bb4246219fd79c9075e708fb16b985ddda2453b44bed6c60571fa8f57,4d6a8a1e1d2341099c9f6232865da18577d5388c319f4303c9d23ba54696e7d2,199,True
8030618f,excitement,4,94d28f0bb4246219fd79c9075e708fb16b985ddda2453b44bed6c60571fa8f57,b04446f9ff15b6e381e59316d59680dd4c35a71f0805bcd037a97374475b35dd,159,True
8030618f,stress,4,94d28f0bb4246219fd79c9075e708fb16b985ddda2453b44bed6c60571fa8f57,392216c5294a0b7a0791b10112bdbb9fd09592f27f141143d878ccaf89dc5842,160,True
8030618f,relaxation,4,94d28f0bb4246219fd79c9075e708fb16b985ddda2453b44bed6c60571fa8f57,f0fa88b9a8481d4e4b3d6c3946b11f33f55154344453704eb63bd3fb80d49fb0,230,True
8030618f,interest,4,94d28f0bb4246219fd79c9075e708fb16b985ddda2453b44bed6c60571fa8f57,873537944e7c41809bae19ca4ea279f40b2f4a07e9da8e27619bbc7875a17b05,177,True
8030618f,focus,4,94d28f0bb4246219fd79c9075e708fb16b985ddda2453b44bed6c60571fa8f57,f3b5777e79b7a7f303f2546caf729bfee6e02e62d270c8eb65980e6d412cd2a0,212,True
8191f1d9,attention,5,c3d969fb04a453abb50f20af87a57a65a9e0f9e5bbc010b9da494c482babc3d0,82fad4cd6dad2fa2a5a5a92208eb8be8913bb1ae9aee4a4c5c016e1bc6551c4d,480,True
8191f1d9,engagement,5,c3d969fb04a453abb50f20af87a57a65a9e0f9e5bbc010b9da494c482babc3d0,e869b06339cb94e56c703d178195f29706df0254857b532df1a66721aa5f35a3,575,True
8191f1d9,excitement,5,c3d969fb04a453abb50f20af87a57a65a9e0f9e5bbc010b9da494c482babc3d0,107eb1eb9b6bd5b69a729ec1e2c2bec08bc5b673bca2724ca4aee166e29b9505,503,True
8191f1d9,stress,5,c3d969fb04a453abb50f20af87a57a65a9e0f9e5bbc010b9da494c482babc3d0,b5d200879dcfd65ec4b9dc19b53c87da8d30a6ce02c1dacf6b46c89b80b4f46a,584,True
8191f1d9,relaxation,5,c3d969fb04a453abb50f20af87a57a65a9e0f9e5bbc010b9da494c482babc3d0,cf0d32ac897f12c2a93ee66dcebecf2bb06844ff0839e43b2aed7d8a0c031e5b,564,True
8191f1d9,interest,5,c3d969fb04a453abb50f20af87a57a65a9e0f9e5bbc010b9da494c482babc3d0,d36355abd37267a17a136c84dc3a273bdef13bc691e14703c7fd7d629300928a,625,True
8191f1d9,focus,5,c3d969fb04a453abb50f20af87a57a65a9e0f9e5bbc010b9da494c482babc3d0,2466af845417456d95f96ab9f615121e8f3b60ea038e44d0bfd26539de7ab2d2,486,True
81e150c1,attention,5,a84883bb44eadf95ffe354467d77712c5691116c2ff683126fbdb6984939e7e4,baae6c4f2eb236c1b1d0ec0fc3867637bc13876ac15ef822013ef2f3bd71540a,249,True
81e150c1,engagement,5,a84883bb44eadf95ffe354467d77712c5691116c2ff683126fbdb6984939e7e4,bda7a86c771902234c259b0b3df94e878e5ee55b42457192371b2ebcdd0e53a9,276,True
81e150c1,excitement,5,a84883bb44eadf95ffe354467d77712c5691116c2ff683126fbdb6984939e7e4,c86c74b33ef9cf79149659ab39ae7924a4ad9222b88d8bcca0c0fa205b9f876b,209,True
81e150c1,stress,5,a84883bb44eadf95ffe354467d77712c5691116c2ff683126fbdb6984939e7e4,7cfcfafa3ee8f16581f556902513c160e3bc1fc9a8c2763c03c37ac9d1d265f9,250,True
81e150c1,relaxation,5,a84883bb44eadf95ffe354467d77712c5691116c2ff683126fbdb6984939e7e4,bb82322091a1d91642a41bf70c1cb31a80560feee67c1151cdbeb486eaa1faf9,302,True
81e150c1,interest,5,a84883bb44eadf95ffe354467d77712c5691116c2ff683126fbdb6984939e7e4,89038e5a430b2b3900c0735957cd5c3852a579bca2ddaaceea68d376743bb1e4,232,True
81e150c1,focus,5,a84883bb44eadf95ffe354467d77712c5691116c2ff683126fbdb6984939e7e4,da6ca93d9bc06cc2235c99d583a3ae69d52da2bbcf9c28a53a8a76795a109a2f,259,True
81f1f0fe,attention,1,f14676ded5005b84e68b4fbf2f68c11fe1b12906ceccd5d0724d7d6e911bc24c,31da578450518bbc539de3b8baa25dd19ab684e19dc3aba1548c129e59daad9b,330,True
81f1f0fe,engagement,1,f14676ded5005b84e68b4fbf2f68c11fe1b12906ceccd5d0724d7d6e911bc24c,ee937974d3cda5d497f76acd8b2e36a761c659fce8e5c76c0b30702323601f7c,385,True
81f1f0fe,excitement,1,f14676ded5005b84e68b4fbf2f68c11fe1b12906ceccd5d0724d7d6e911bc24c,bb2b25d7c665051d38dd33d314ba9a738a4084ba3d9eb4221882c83b6df26bd2,340,True
81f1f0fe,stress,1,f14676ded5005b84e68b4fbf2f68c11fe1b12906ceccd5d0724d7d6e911bc24c,5664b16d07d147369562cdc0723e36a9353d0ffa3249b8736781620ddf4f3340,445,True
81f1f0fe,relaxation,1,f14676ded5005b84e68b4fbf2f68c11fe1b12906ceccd5d0724d7d6e911bc24c,c83a372bbdf0eb3fd59737c20936bfd81a514d6ba9501a7d482ff4dd1dbe86d0,385,True
81f1f0fe,interest,1,f14676ded5005b84e68b4fbf2f68c11fe1b12906ceccd5d0724d7d6e911bc24c,87279a68d74e126df6a27d9e8df72b31cdf4bd4bcc00b1e3de75ee0e12868bfe,449,True
81f1f0fe,focus,1,f14676ded5005b84e68b4fbf2f68c11fe1b12906ceccd5d0724d7d6e911bc24c,44d9f986af24b48cdd2522ae06a8f083179498495f1b8df58542868ab8d063df,366,True
9192c107,attention,2,ccf84d32d9eaae31857ff33b7e92792067afd20dcad063944edf29ce76f05491,4f53cda18c2baa0c0354bb5f9a3ecbe5ed12ab4d8e11ba873c2f11161202b945,0,False
9192c107,engagement,2,ccf84d32d9eaae31857ff33b7e92792067afd20dcad063944edf29ce76f05491,4f53cda18c2baa0c0354bb5f9a3ecbe5ed12ab4d8e11ba873c2f11161202b945,0,False
9192c107,excitement,2,ccf84d32d9eaae31857ff33b7e92792067afd20dcad063944edf29ce76f05491,4f53cda18c2baa0c0354bb5f9a3ecbe5ed12ab4d8e11ba873c2f11161202b945,0,False
9192c107,stress,2,ccf84d32d9eaae31857ff33b7e92792067afd20dcad063944edf29ce76f05491,4f53cda18c2baa0c0354bb5f9a3ecbe5ed12ab4d8e11ba873c2f11161202b945,0,False
9192c107,relaxation,2,ccf84d32d9eaae31857ff33b7e92792067afd20dcad063944edf29ce76f05491,4f53cda18c2baa0c0354bb5f9a3ecbe5ed12ab4d8e11ba873c2f11161202b945,0,False
9192c107,interest,2,ccf84d32d9eaae31857ff33b7e92792067afd20dcad063944edf29ce76f05491,4f53cda18c2baa0c0354bb5f9a3ecbe5ed12ab4d8e11ba873c2f11161202b945,0,False
9192c107,focus,2,ccf84d32d9eaae31857ff33b7e92792067afd20dcad063944edf29ce76f05491,4f53cda18c2baa0c0354bb5f9a3ecbe5ed12ab4d8e11ba873c2f11161202b945,0,False
a02151ac,attention,2,7d010eff362bd346b9963288d8cda923f4fe63324501ee3dc5d8de63168807c0,3a4cdda68bc19defd645fc5c9c2d057c123307ee24498a2fc54b4e842da75d67,404,True
a02151ac,engagement,2,7d010eff362bd346b9963288d8cda923f4fe63324501ee3dc5d8de63168807c0,a7f5e4edaafccc6564158d670eb126f1af5c9d46936eac4f952b3f1c0dee1b47,310,True
a02151ac,excitement,2,7d010eff362bd346b9963288d8cda923f4fe63324501ee3dc5d8de63168807c0,da24240e24976e4e8e08fd454580d1295690e8758f7f3b161fe51053a22fe2e3,466,True
a02151ac,stress,2,7d010eff362bd346b9963288d8cda923f4fe63324501ee3dc5d8de63168807c0,711b6f8275a4c1e735800c274da93a7c96f06734b6e7b91ca3190546cbeb17a3,394,True
a02151ac,relaxation,2,7d010eff362bd346b9963288d8cda923f4fe63324501ee3dc5d8de63168807c0,7975a971683931eddeb4a613bb272d18c82dd951bdaffd6e0cc57b00fb7793c0,440,True
a02151ac,interest,2,7d010eff362bd346b9963288d8cda923f4fe63324501ee3dc5d8de63168807c0,9dc31c57822fff9cd6d7df1f50483b25750340c9bb4e4c2c1f3f7441914ca39a,321,True
a02151ac,focus,2,7d010eff362bd346b9963288d8cda923f4fe63324501ee3dc5d8de63168807c0,904dc94ccdf38118c6684e8b8a5acaff71afee31d8459e1dd57f5de51e9b4163,455,True
a1721173,attention,1,a40eeb8352387fe7f4defea1a8c6bfbd012db801a196bff116ade9efa3e4a547,1df1bec587e86bfed4772370dff1d51b1ccb4db273c5739917e81a1dae168feb,124,True
a1721173,engagement,1,a40eeb8352387fe7f4defea1a8c6bfbd012db801a196bff116ade9efa3e4a547,e3d9ec4aa55a68f1e5643fff6a576241c8056f19be4dd182d9410d3fd8484715,89,True
a1721173,excitement,1,a40eeb8352387fe7f4defea1a8c6bfbd012db801a196bff116ade9efa3e4a547,a16746687a27ba162a6de379bf728091eebff764519d0fe59dbc2808e4c36580,135,True
a1721173,stress,1,a40eeb8352387fe7f4defea1a8c6bfbd012db801a196bff116ade9efa3e4a547,b02fd28daf31fa4fe71314f40fee9bf95677353f429b74fe4fb796ac636753a2,186,True
a1721173,relaxation,1,a40eeb8352387fe7f4defea1a8c6bfbd012db801a196bff116ade9efa3e4a547,d97a2c7a84afc9f40d3ba8eb2d3c1a714140e53c6366f40aad0488c4d45a2dcf,160,True
a1721173,interest,1,a40eeb8352387fe7f4defea1a8c6bfbd012db801a196bff116ade9efa3e4a547,c7308412b8ea21f450fe2cabd45b629fc5c69c49615c9addd3cfbeb41dd9016e,178,True
a1721173,focus,1,a40eeb8352387fe7f4defea1a8c6bfbd012db801a196bff116ade9efa3e4a547,3b5591a365eff9fb00513e97e6b0f250f0d834e26ec9ac5127344a048ed8ba75,108,True
a1b210fc,attention,4,6fadb0f6611f8c6875910f5f0e21536b84b04f5250f9260280f6f74eddf8c575,f9af7ee598e129a984e3f85ea258d41f2649cdfa06c460f2022febbbeac317c0,365,True
a1b210fc,engagement,4,6fadb0f6611f8c6875910f5f0e21536b84b04f5250f9260280f6f74eddf8c575,bf6bfb7a542435536a5093c4409c7d96f906d0d10899626ba8bade2b32f2af75,337,True
a1b210fc,excitement,4,6fadb0f6611f8c6875910f5f0e21536b84b04f5250f9260280f6f74eddf8c575,06ba01efacbbde3de508465d9a7634a94168e11969b29451533b5a643ad6b0f8,353,True
a1b210fc,stress,4,6fadb0f6611f8c6875910f5f0e21536b84b04f5250f9260280f6f74eddf8c575,9be663ed05e56f706dccff1fbe926a802dfdec1ff6f59390071789765e1c3532,157,True
a1b210fc,relaxation,4,6fadb0f6611f8c6875910f5f0e21536b84b04f5250f9260280f6f74eddf8c575,60e908937ee28dfe25661666f4c9ef1783e20ce8acc99514ce1e7774ae455daf,394,True
a1b210fc,interest,4,6fadb0f6611f8c6875910f5f0e21536b84b04f5250f9260280f6f74eddf8c575,6f265f772304785902bd31c8e240b023a515dd6964bac657781a85121fd660fd,434,True
a1b210fc,focus,4,6fadb0f6611f8c6875910f5f0e21536b84b04f5250f9260280f6f74eddf8c575,629145b7b2a5b54b9f43acfd626ee0727b6fa2a602f9bd6f61842e28574b4232,284,True
b0700166,attention,3,368a70a4a3c6fe1e4d26ac647c6fde5cbd9c3ad3ac151ab63a469fce1a7acd9d,e2d8b843db2c9496971b20e9e839b2868c67cb5857c92ef2be863fc5a49e19f4,480,True
b0700166,engagement,3,368a70a4a3c6fe1e4d26ac647c6fde5cbd9c3ad3ac151ab63a469fce1a7acd9d,acc18edfa981f408888e36d4423c98dcf2923edbf08cee85b2d782f65152712f,422,True
b0700166,excitement,3,368a70a4a3c6fe1e4d26ac647c6fde5cbd9c3ad3ac151ab63a469fce1a7acd9d,248ee48ddde7a6752dca5a28e3fbf40156e2f16688d90b77ee496a5dfc970b58,381,True
b0700166,stress,3,368a70a4a3c6fe1e4d26ac647c6fde5cbd9c3ad3ac151ab63a469fce1a7acd9d,7ae7587616e06180e06d04dc46f29df5d4db13bb7603e21a3894d0a2f3a6f8e8,436,True
b0700166,relaxation,3,368a70a4a3c6fe1e4d26ac647c6fde5cbd9c3ad3ac151ab63a469fce1a7acd9d,aad73eb1c645e365e5d8d4648cc9908570e9cb152cbb12d20022452e28448b1e,452,True
b0700166,interest,3,368a70a4a3c6fe1e4d26ac647c6fde5cbd9c3ad3ac151ab63a469fce1a7acd9d,71aee2d1c9a86c2e3a67808c96c44e09acd79663d5115240d0e0db2f31249d7c,509,True
b0700166,focus,3,368a70a4a3c6fe1e4d26ac647c6fde5cbd9c3ad3ac151ab63a469fce1a7acd9d,ffa737d12128ac520762ea5c9d01687c1c487c85c6e74a0ccb6be3c056c684a7,398,True
b112005d,attention,4,7c8a08aecf81ca0ad1595b85d6a7674aefc39f9ac8d18452ac529c7cfccdcc80,7fe08156e0b547fd7f0f34f02a6120d577fa2585bce1ae4e2efab6a1325c160e,496,True
b112005d,engagement,4,7c8a08aecf81ca0ad1595b85d6a7674aefc39f9ac8d18452ac529c7cfccdcc80,7dce3a9143a1b0f8ca5ac12d86af0dd99925d0f88495c82cdf3ca5b0c160c195,333,True
b112005d,excitement,4,7c8a08aecf81ca0ad1595b85d6a7674aefc39f9ac8d18452ac529c7cfccdcc80,bcce7d69398dc9515ea262e5680038ddc36eafee6fd0930e6ffe7b3fa72d5537,520,True
b112005d,stress,4,7c8a08aecf81ca0ad1595b85d6a7674aefc39f9ac8d18452ac529c7cfccdcc80,ee42c538101b5da9665c217eacf10c0574022b47c0116992cbe050b042e857da,310,True
b112005d,relaxation,4,7c8a08aecf81ca0ad1595b85d6a7674aefc39f9ac8d18452ac529c7cfccdcc80,b50acac02fe3e8ea6db0e5b49ee2d575721992eff839d96ace17d06e03bf3c11,485,True
b112005d,interest,4,7c8a08aecf81ca0ad1595b85d6a7674aefc39f9ac8d18452ac529c7cfccdcc80,abd3ee4775063c72ef96a04ba72c03c47a6c17f7a851a0e93864ae1edddc6f17,458,True
b112005d,focus,4,7c8a08aecf81ca0ad1595b85d6a7674aefc39f9ac8d18452ac529c7cfccdcc80,079bc2a5e9431bcb0b5183cf7ee6476b56f0fb5716cde4e59eab0febb4ac922b,341,True
b1c2f044,attention,4,49cfe8efd498ba6ff4ed46ea539234682da17e01fa9ac1d8089720cdae396608,cba551c57e68d13ad7972d42b95adbcc81a1beca442f7335eadc0da6a6db72e1,314,True
b1c2f044,engagement,4,49cfe8efd498ba6ff4ed46ea539234682da17e01fa9ac1d8089720cdae396608,2a8dc1cb244ded0bd1777323b4ae078bc3a7683df17cfe09ee8cd902dbc480f7,367,True
b1c2f044,excitement,4,49cfe8efd498ba6ff4ed46ea539234682da17e01fa9ac1d8089720cdae396608,44bcc985bd69a7bba854880a692efc4996dac505f23b81b0afb2752f32f57136,367,True
b1c2f044,stress,4,49cfe8efd498ba6ff4ed46ea539234682da17e01fa9ac1d8089720cdae396608,bad668b5773ecdeaec40de34115e00b6f1e6bb6239cf15d4602ef98f38feec7b,161,True
b1c2f044,relaxation,4,49cfe8efd498ba6ff4ed46ea539234682da17e01fa9ac1d8089720cdae396608,432e77345b1325982958e9db53036468904f4480e832ba020e309686192f9d96,368,True
b1c2f044,interest,4,49cfe8efd498ba6ff4ed46ea539234682da17e01fa9ac1d8089720cdae396608,473824d426dcd89152af0ed7e12d8c1a68dfadb2a12072bb94b92c1a124e7c34,353,True
b1c2f044,focus,4,49cfe8efd498ba6ff4ed46ea539234682da17e01fa9ac1d8089720cdae396608,50a8dd4f565ea4ae66cef32c6b35cd06e825a60f26f1cbc7c7557b8d0743268d,351,True
c060c06a,attention,1,c0aa4a2cf2465ce0773dd6cf3748c258c70f799659a7e60e79f33901f01983e0,1145d85e1154148376570444ea2b5f36c760295971cad5e9e353fc9f4273cb7a,226,True
c060c06a,engagement,1,c0aa4a2cf2465ce0773dd6cf3748c258c70f799659a7e60e79f33901f01983e0,c93ed990bfedd6461924785422735453b792197bb4dee209c04981cadc2b1d47,244,True
c060c06a,excitement,1,c0aa4a2cf2465ce0773dd6cf3748c258c70f799659a7e60e79f33901f01983e0,438040917308bc7490fb1681615cff6a4bd9997ecc6e11684666078d0569c69e,209,True
c060c06a,stress,1,c0aa4a2cf2465ce0773dd6cf3748c258c70f799659a7e60e79f33901f01983e0,0e367c556e5bc23220b6a18554b29b16a4e64ea2b2b8d77f1b04d31c5b55b4d9,292,True
c060c06a,relaxation,1,c0aa4a2cf2465ce0773dd6cf3748c258c70f799659a7e60e79f33901f01983e0,c17222cd29444e357510e8c506c9b69e976ac359300177251e8227c7d3c597b9,236,True
c060c06a,interest,1,c0aa4a2cf2465ce0773dd6cf3748c258c70f799659a7e60e79f33901f01983e0,5d13ce1a7f8022967f73b4fb1cd7d6b9e2e5c70a9f128b2d39ac2d5703eeb0ca,249,True
c060c06a,focus,1,c0aa4a2cf2465ce0773dd6cf3748c258c70f799659a7e60e79f33901f01983e0,01f92e04c374649a91dac7157e8106f07fd696ecc0bed4f25f460e7309674b55,306,True
c112918e,attention,1,bf229d9a3a85380971ecf15c8c0fd93d7e18ad419c1b8d8ea5b4dca8e8e9634c,b3754b7e74e367fc4de4f3db95d1014875e297e40762ba728f13b3d2d073229e,570,True
c112918e,engagement,1,bf229d9a3a85380971ecf15c8c0fd93d7e18ad419c1b8d8ea5b4dca8e8e9634c,dea825e9f4adc69eebdee2b67a945ab2389e93045dfb523e176c076a3b1a2e0b,489,True
c112918e,excitement,1,bf229d9a3a85380971ecf15c8c0fd93d7e18ad419c1b8d8ea5b4dca8e8e9634c,fe2e782eaf11524c65c4adf314546eaf1df9b1742812d82d9ef6f302190eb738,508,True
c112918e,stress,1,bf229d9a3a85380971ecf15c8c0fd93d7e18ad419c1b8d8ea5b4dca8e8e9634c,0cf95ac48cbc5260bb3c847c0252b747856c900382ad42730a8d3db29057e66a,268,True
c112918e,relaxation,1,bf229d9a3a85380971ecf15c8c0fd93d7e18ad419c1b8d8ea5b4dca8e8e9634c,f6980c95f08688c3531b8e4cdb9882ad8c52b7226ee495c8a824b97d539b1521,559,True
c112918e,interest,1,bf229d9a3a85380971ecf15c8c0fd93d7e18ad419c1b8d8ea5b4dca8e8e9634c,eb7086fe63b5f15ff32a6749e98825a418d0ca1dbe388282ad6a1b19824fabea,454,True
c112918e,focus,1,bf229d9a3a85380971ecf15c8c0fd93d7e18ad419c1b8d8ea5b4dca8e8e9634c,1387d99205e41193b6d9bb477a3627d616f04ab556cf9f837f566e2cdbaf182e,507,True
c1a150b1,attention,5,a2a5987e6d05f2f48420025f16901a2de4759fb87c7722e74c9aed026e7f7136,e7649deb3038fce79b9a62184c1d04bffa71d2b6c8321e82dbc073da31fff614,397,True
c1a150b1,engagement,5,a2a5987e6d05f2f48420025f16901a2de4759fb87c7722e74c9aed026e7f7136,d0a5c0d94161ee18cb2fe4a200cb733a1b2914d2b4eeb123b75e4a5e89a998ec,395,True
c1a150b1,excitement,5,a2a5987e6d05f2f48420025f16901a2de4759fb87c7722e74c9aed026e7f7136,1fd9c3bc362e563314840de39d8e3ec5739f166d2ad4a0b902a1c3b351ed3097,367,True
c1a150b1,stress,5,a2a5987e6d05f2f48420025f16901a2de4759fb87c7722e74c9aed026e7f7136,944c5a5542813571b0ca792d1f7cd21f614fdefbe41814d24e3bc373a12b1f6e,306,False
c1a150b1,relaxation,5,a2a5987e6d05f2f48420025f16901a2de4759fb87c7722e74c9aed026e7f7136,138d431f11c640f4f42583246422748a0a43313d9a1769f7db24979ebd1da0a2,379,True
c1a150b1,interest,5,a2a5987e6d05f2f48420025f16901a2de4759fb87c7722e74c9aed026e7f7136,1872c27703fe017e5256e4fb3ae567a0ac6d10a1995efb360a3eaddd4726d3de,238,True
c1a150b1,focus,5,a2a5987e6d05f2f48420025f16901a2de4759fb87c7722e74c9aed026e7f7136,f64fab7d8ef3984186d3196d15ab5105d7fd14257ae2347009f9452c32dfe707,248,True
d0724095,attention,3,b21a13183e488f2a9700b94eb03dd66a131de5d43d325e15dee5673a4d717e25,34e6f509d00f83afbbfc3e4ae4eb1014d381de58dc2d7b742170fdbf0861e3fa,293,True
d0724095,engagement,3,b21a13183e488f2a9700b94eb03dd66a131de5d43d325e15dee5673a4d717e25,b1616f92b67476a8841b4533b047793d01063123c39b9bf23dca2d538bc69c06,288,True
d0724095,excitement,3,b21a13183e488f2a9700b94eb03dd66a131de5d43d325e15dee5673a4d717e25,e279569b62ec8d1dc5a61ee9d32cafcce3ff1795fdd88759c65017d684502dfb,314,True
d0724095,stress,3,b21a13183e488f2a9700b94eb03dd66a131de5d43d325e15dee5673a4d717e25,1e5c32e86f8ac34682b9ead1d90e489dbfa134193711880fcaaf2b76de71da2d,377,True
d0724095,relaxation,3,b21a13183e488f2a9700b94eb03dd66a131de5d43d325e15dee5673a4d717e25,092bfa6b8f4f578cc31fbe14975abd2d7cc331382cb947d331a7516addc87520,282,True
d0724095,interest,3,b21a13183e488f2a9700b94eb03dd66a131de5d43d325e15dee5673a4d717e25,e878c5ab1ad78b9d67f571dbaec5eaf7067e06cfdba5fbf3679168b027d35b6a,355,True
d0724095,focus,3,b21a13183e488f2a9700b94eb03dd66a131de5d43d325e15dee5673a4d717e25,240688a34f64a1c3e8a95928ec8835877509155c7f416ef228bb67de9008bc0f,314,True
d0e2d025,attention,2,eb9d0874cfd1dddf05ef265849735b989bf185704540c6f62ba4694269eefa26,7bb441e31deefb20077ca638427c09da7f1f20a494c6b567e10cc8c76f54ac6e,619,True
d0e2d025,engagement,2,eb9d0874cfd1dddf05ef265849735b989bf185704540c6f62ba4694269eefa26,ee5c9575e7871148762ddb0c9de899e9e1861b7d142322e31db0c8df035cc581,424,True
d0e2d025,excitement,2,eb9d0874cfd1dddf05ef265849735b989bf185704540c6f62ba4694269eefa26,c8a0c70a788860499b9c3e3d27b5b62968f6afed11a14de3d8742b29d73e85cf,580,True
d0e2d025,stress,2,eb9d0874cfd1dddf05ef265849735b989bf185704540c6f62ba4694269eefa26,0869a6efde37d51331ca8eb90a2df0243f502b48541df847220311ccfa0eef55,523,True
d0e2d025,relaxation,2,eb9d0874cfd1dddf05ef265849735b989bf185704540c6f62ba4694269eefa26,b33667e917c359bb7ff6f709e096dd9e6c09f34c74ad9f87866d5afe5d67d609,508,True
d0e2d025,interest,2,eb9d0874cfd1dddf05ef265849735b989bf185704540c6f62ba4694269eefa26,7a88b5d5eb661bc629ad740aad61b9ae90019ef937dab8e103756a2aea6da28a,582,True
d0e2d025,focus,2,eb9d0874cfd1dddf05ef265849735b989bf185704540c6f62ba4694269eefa26,2fe413d4f25e9db08ee9942211270ba61a9cca5d6ab72f379fb1983e46f8b0c2,566,True
d111e017,attention,1,aad32d73f721188bd7444a89b79f28d482b7b825c7beb494faa2cbe81fa741cc,a42d92b615493df3002ed5425710e7a117c96f7ab10ff08c1679dcc81bc1caa1,843,True
d111e017,engagement,1,aad32d73f721188bd7444a89b79f28d482b7b825c7beb494faa2cbe81fa741cc,a1af5693074d2b0f9b58c562f9d10e0afefc9f0603d862a9ebb3791f5ed99bec,745,True
d111e017,excitement,1,aad32d73f721188bd7444a89b79f28d482b7b825c7beb494faa2cbe81fa741cc,3a81ca27bb45525f9ff7802970c2c54db7a471d5a51bdb273584c7deb646e3e1,845,True
d111e017,stress,1,aad32d73f721188bd7444a89b79f28d482b7b825c7beb494faa2cbe81fa741cc,d451c1675e5e0799092816907470b0c67802f7b06f3365fdf4b45ce932c9812a,975,True
d111e017,relaxation,1,aad32d73f721188bd7444a89b79f28d482b7b825c7beb494faa2cbe81fa741cc,53501d0f27cfaf6c53ce3be456317ea89bf85661ef366a8ccaf4fdf76e4f539c,887,True
d111e017,interest,1,aad32d73f721188bd7444a89b79f28d482b7b825c7beb494faa2cbe81fa741cc,4cf6d9944a10bfbfb95f20ef5dfd6c962b0af5f346b9f507b7f19f378f8987f6,841,True
d111e017,focus,1,aad32d73f721188bd7444a89b79f28d482b7b825c7beb494faa2cbe81fa741cc,342fcdcd6507fc918370bcce772095a980be09e1017de6950fc6134fcc0343de,804,True
d142d110,attention,3,4fda7a783e010833714e689deda2f0f98c63fb0ffdb4b1207c5edbc7d5079b5c,f86f9b70628a5ad4d4d60a9cec51f0ed91f0a34a41dbb5f0d52a49dbb0fb7a62,39,True
d142d110,engagement,3,4fda7a783e010833714e689deda2f0f98c63fb0ffdb4b1207c5edbc7d5079b5c,36cfb4ba976275f92487662f83488e6f9982fd6c9d531f19de921e790fc8b2e2,44,True
d142d110,excitement,3,4fda7a783e010833714e689deda2f0f98c63fb0ffdb4b1207c5edbc7d5079b5c,5ac7dd40502d998502dc1da099b857cbfcc5b2b2d7571b5ab1e5e67c2f599018,44,True
d142d110,stress,3,4fda7a783e010833714e689deda2f0f98c63fb0ffdb4b1207c5edbc7d5079b5c,16226b9ed0466aec229b3cb313e8008870dffaf3616a181422d2ebd1d2da4d76,62,True
d142d110,relaxation,3,4fda7a783e010833714e689deda2f0f98c63fb0ffdb4b1207c5edbc7d5079b5c,1b9ee1acc183eed6213dc79588b178fa5ad95bdd04f2cf8874581cdb638f2531,53,True
d142d110,interest,3,4fda7a783e010833714e689deda2f0f98c63fb0ffdb4b1207c5edbc7d5079b5c,96c661400ee0567afa8279e3ba179591a4e8297f8ff6b79835cc4608caef0866,69,True
d142d110,focus,3,4fda7a783e010833714e689deda2f0f98c63fb0ffdb4b1207c5edbc7d5079b5c,b2ce8ece4de3a3c87714d832a84a1d5184d73a72d043c8f531bebc34aad497af,47,True
d151b0c4,attention,4,970340ae63325f87bcb3624a648fab7969d76aad61b63725171d4d2e543fef3f,6c3b6e3f77d562f3a8e08216f36609b1f42b0c38a572f27f5478feb9878605c3,406,True
d151b0c4,engagement,4,970340ae63325f87bcb3624a648fab7969d76aad61b63725171d4d2e543fef3f,e38d68c7f8d6d28d653176b85bbc42b0b3d7f47d8ca2ee35e83097c1234aa333,399,True
d151b0c4,excitement,4,970340ae63325f87bcb3624a648fab7969d76aad61b63725171d4d2e543fef3f,49bf2404b67e01810c86feff9b5a370bb35242070ffdfce74e5150f6c97ffebb,453,True
d151b0c4,stress,4,970340ae63325f87bcb3624a648fab7969d76aad61b63725171d4d2e543fef3f,67b2bc63e1d5b90a35a6b11074f08f30c68d8c766170eca202e50453eb67feb9,372,True
d151b0c4,relaxation,4,970340ae63325f87bcb3624a648fab7969d76aad61b63725171d4d2e543fef3f,0c4f1cdce6178c21a3cd62251dae2570973be68880ca8218f0dcb600da391a04,405,True
d151b0c4,interest,4,970340ae63325f87bcb3624a648fab7969d76aad61b63725171d4d2e543fef3f,5990816dfb79d8ea87d4ae2981f4b8eb04780b721b98eedcb68f8096be855bf1,481,True
d151b0c4,focus,4,970340ae63325f87bcb3624a648fab7969d76aad61b63725171d4d2e543fef3f,4766cb26d025c0e27a52ea634add522484c4a2664b169dc2c30732dc35c11653,415,True
d18000a3,attention,2,d4f35158f970e17d77ccaf08dc2266155036110f6570f1bd1df84678287f0937,fb03fa3b531fd0852378d09aed669d8dd96dc4a656dcb9d4906ca114426cbee2,455,True
d18000a3,engagement,2,d4f35158f970e17d77ccaf08dc2266155036110f6570f1bd1df84678287f0937,f474e21e68358cb60f62ddefd5e75a4a2940541030e36c44457fcc40de59dead,397,True
d18000a3,excitement,2,d4f35158f970e17d77ccaf08dc2266155036110f6570f1bd1df84678287f0937,491104be21ac2e7e5020f1af003e6f7be49d931e230897284b0b03b5dc3f0a64,379,True
d18000a3,stress,2,d4f35158f970e17d77ccaf08dc2266155036110f6570f1bd1df84678287f0937,7c39f09e85990e7cdc2806e093d8ace3a5141d9d70d777a299724222fb3705ec,209,True
d18000a3,relaxation,2,d4f35158f970e17d77ccaf08dc2266155036110f6570f1bd1df84678287f0937,cadb7cca4c4d5c33959829d50b13f72f4e57066dba9d1f86442ced07bfd9f0cd,451,True
d18000a3,interest,2,d4f35158f970e17d77ccaf08dc2266155036110f6570f1bd1df84678287f0937,50ae9beda4b796550b01708f095b9e275af3da236bb6619754b2c88668bda88e,341,True
d18000a3,focus,2,d4f35158f970e17d77ccaf08dc2266155036110f6570f1bd1df84678287f0937,28e0dcd177fc9d3176e1324e96f9c9fe7bc3814e1ae43de56df22173a8baa96f,369,True
e0c0408a,attention,5,ff3837dd01d8b9f4122270df1a6954158a547e3d050abe99f7413c3fcc0581f7,4f53cda18c2baa0c0354bb5f9a3ecbe5ed12ab4d8e11ba873c2f11161202b945,0,False
e0c0408a,engagement,5,ff3837dd01d8b9f4122270df1a6954158a547e3d050abe99f7413c3fcc0581f7,88fc11a33326a8cb8c0095ec3335fdea5e8de878cf11d96bc21ad6c18d902978,71,True
e0c0408a,excitement,5,ff3837dd01d8b9f4122270df1a6954158a547e3d050abe99f7413c3fcc0581f7,5d3f9ac9fdab961d4c1102c400d9f156d104ad5db6ca1736ce6407d1078a7f03,68,True
e0c0408a,stress,5,ff3837dd01d8b9f4122270df1a6954158a547e3d050abe99f7413c3fcc0581f7,f652bed15a6859aba25f697a3e2c28e310824d0ea2bd699ec7ab907ece5da8fa,80,True
e0c0408a,relaxation,5,ff3837dd01d8b9f4122270df1a6954158a547e3d050abe99f7413c3fcc0581f7,8881089c08f118374d82402316d9342aaa28dfdd66e7d2a6b61a6a9d0dcff01b,47,True
e0c0408a,interest,5,ff3837dd01d8b9f4122270df1a6954158a547e3d050abe99f7413c3fcc0581f7,01915716bc16c5e694a159a0a4b8f2b3f63fccaa35c41c6c8db394e6d14f749c,42,False
e0c0408a,focus,5,ff3837dd01d8b9f4122270df1a6954158a547e3d050abe99f7413c3fcc0581f7,9101a26efaa53806ff92a078f6cf8c504d8d627ee3243ff11a955323ead9231f,65,True
f0f2a1e1,attention,2,645f8d57df04a58bec0e345da7646bb3d42982cf438c0842b6a2555dfa535511,d2556556e4c68034a66dd4987809026c6ce8bb8d80f65548eeab099d956e0017,248,True
f0f2a1e1,engagement,2,645f8d57df04a58bec0e345da7646bb3d42982cf438c0842b6a2555dfa535511,b54a9e81d568ca7ae700c61920019761b446bcd73e28472ba225447038e78fbe,272,True
f0f2a1e1,excitement,2,645f8d57df04a58bec0e345da7646bb3d42982cf438c0842b6a2555dfa535511,c5f3390a9dcc6347339576bbf68c143c1f2c0552f2a77d25b1aee972b7188174,340,True
f0f2a1e1,stress,2,645f8d57df04a58bec0e345da7646bb3d42982cf438c0842b6a2555dfa535511,3b10d678812c8234e8dec03acd9cd57dad4f9381831f200c9c6c904ac8fcb7ff,327,True
f0f2a1e1,relaxation,2,645f8d57df04a58bec0e345da7646bb3d42982cf438c0842b6a2555dfa535511,21655a2c8ec9a7ebb783c12b8050f1b31fae50cca39354423c8d8bb59cec68a1,275,True
f0f2a1e1,interest,2,645f8d57df04a58bec0e345da7646bb3d42982cf438c0842b6a2555dfa535511,b5151c98acf0d31baea326fa012e89d5232d30a7928f4cc61bfb6bb8479bb781,223,True
f0f2a1e1,focus,2,645f8d57df04a58bec0e345da7646bb3d42982cf438c0842b6a2555dfa535511,e696d0decd6f0fdceb1680f2cccfbf785ab33ed010410fee2f88abd8657e819c,334,True
f121f1e0,attention,5,240eee99b4bf83fc39337e0dfa2a46b39549f7694ea1491302eab7f8a168ac60,dda77cac1b0db84a9230ff27fc39ba3d9f4b37208fa06814f9595c5455daddb8,387,True
f121f1e0,engagement,5,240eee99b4bf83fc39337e0dfa2a46b39549f7694ea1491302eab7f8a168ac60,38e43ccfd66d94ad3e5447e418c2b858226b0938ebffa4ccf95ffa198f4e9f5a,409,True
f121f1e0,excitement,5,240eee99b4bf83fc39337e0dfa2a46b39549f7694ea1491302eab7f8a168ac60,60862d81bc3c366bdd38a927f683193d52cb669932261cb85f23f2526bd4729f,398,True
f121f1e0,stress,5,240eee99b4bf83fc39337e0dfa2a46b39549f7694ea1491302eab7f8a168ac60,8002ff18301bf4169cee0d79d5567b3725064f06ce95dd89f2895ce510914ab5,545,True
f121f1e0,relaxation,5,240eee99b4bf83fc39337e0dfa2a46b39549f7694ea1491302eab7f8a168ac60,88ee302e9eab1b17854dd009a812605623da43375745e696d67e2e1afc264efe,399,True
f121f1e0,interest,5,240eee99b4bf83fc39337e0dfa2a46b39549f7694ea1491302eab7f8a168ac60,4c011177b27de1b696359de0b071f44ab1265aa69bb9621883984cac5672f3f3,520,True
f121f1e0,focus,5,240eee99b4bf83fc39337e0dfa2a46b39549f7694ea1491302eab7f8a168ac60,b336ab53c8c55f730fa86bc05ae225eb9549644590d0be25e469d98f7b1a7ba9,420,True
f1a0c120,attention,4,ffceea6e598511a1823548935f6bc0681d9f0e60863ab9d92d2787ae08e06070,673974f5ae3fd652038009993e1885c4fdc615e1acddbca7e8ad71165b0c2715,269,True
f1a0c120,engagement,4,ffceea6e598511a1823548935f6bc0681d9f0e60863ab9d92d2787ae08e06070,90ff6170999fa04be7c963b537129743c7ef9a2d7bacb6d37c71a13f3c394ee5,340,True
f1a0c120,excitement,4,ffceea6e598511a1823548935f6bc0681d9f0e60863ab9d92d2787ae08e06070,b7285b73385067d48cbcd2acd5db8260d2137e325d1241bc05908ced2f538a3e,225,True
f1a0c120,stress,4,ffceea6e598511a1823548935f6bc0681d9f0e60863ab9d92d2787ae08e06070,c7adb09d108753673b5a2185b79bcb8295d65537afb8a7cabbf4961dc9ef0e27,424,True
f1a0c120,relaxation,4,ffceea6e598511a1823548935f6bc0681d9f0e60863ab9d92d2787ae08e06070,f2b7f847fcd08a61e5e256980a1992424738656c548a94ab92ba099507124457,398,True
f1a0c120,interest,4,ffceea6e598511a1823548935f6bc0681d9f0e60863ab9d92d2787ae08e06070,71932a30c027aa68b570c6d7d64ae19646325188a6fc69f0be7c90963e28c430,471,True
f1a0c120,focus,4,ffceea6e598511a1823548935f6bc0681d9f0e60863ab9d92d2787ae08e06070,96930a9e134204ec5a8ef7ae3f6412d683710b690b5a1839d9f6584ba9a6c1d1,343,True
f1d06060,attention,1,9efe2197ac0afd2fb18ee4ef4e37f74ccbb5c3ac1298c05193edc665e9e2f2bf,d1280e798666d90e9f620f52e11ea9eac53f18a7e1c3ac93ec69599cb6241e1b,315,True
f1d06060,engagement,1,9efe2197ac0afd2fb18ee4ef4e37f74ccbb5c3ac1298c05193edc665e9e2f2bf,bbe45fb546940f5ea929d1276e3f6d4fb7f5f8b92e277445c6108b28f8f49fc1,316,True
f1d06060,excitement,1,9efe2197ac0afd2fb18ee4ef4e37f74ccbb5c3ac1298c05193edc665e9e2f2bf,199e609c73521046adab28e4c69638ba0e934dcab6e7f8fb199e50946a853071,376,True
f1d06060,stress,1,9efe2197ac0afd2fb18ee4ef4e37f74ccbb5c3ac1298c05193edc665e9e2f2bf,e716d39604ca24f6fb70d3a2ff2e28e877a6223405c501d4b9b889fa947952ca,420,True
f1d06060,relaxation,1,9efe2197ac0afd2fb18ee4ef4e37f74ccbb5c3ac1298c05193edc665e9e2f2bf,6a94453661ccb073c67a524b4105d640b4dcaff9a7cd1ffc58b68a8d2c19b2ca,356,True
f1d06060,interest,1,9efe2197ac0afd2fb18ee4ef4e37f74ccbb5c3ac1298c05193edc665e9e2f2bf,b067f44c16c94c97217166ad52badabcfc619be2efb3ff98c23d7bfc24dda9a0,359,True
f1d06060,focus,1,9efe2197ac0afd2fb18ee4ef4e37f74ccbb5c3ac1298c05193edc665e9e2f2bf,5b34aae5dd5bca1fc1b0997a77401eb6cf8a735eef33cc40c35ffcd0a1859c35,353,True
