outer_fold,pm,target_id,fit_scope,fit_sample_count,fit_sample_hash,q_low,q_high,low_rule,high_rule,middle_rule,threshold_hash,n_train_before_exclusion,n_train_low,n_train_high,n_train_excluded_middle,n_test_before_exclusion,n_test_low,n_test_high,n_test_excluded_middle,n_train_retained,n_test_retained,n_train_subjects,n_test_subjects,n_test_subjects_retained,train_subjects,test_subjects,subject_overlap_count,subject_overlap,train_before_sample_hash,test_before_sample_hash,train_retained_sample_hash,test_retained_sample_hash,train_low_fraction_retained,train_high_fraction_retained,test_low_fraction_retained,test_high_fraction_retained,protocol_hash,specification_hash
1,attention,target_attention,outer_train_continuous_complete_cases,22941,8d742c029eb56d60aa74cb44f213ee899a3821facbc672dfae9e16aea756d5d5,0.40640833333333337,0.5057536666666667,y <= q_low,y >= q_high,q_low < y < q_high,40889ed77c7a49254028614aa69c424c2355cbd1baaed50dc47082b1864510f7,22851,7600,7641,7610,6593,1999,2276,2318,15241,4275,42,11,11,0001508a|0012905a|0110f12e|0182e16c|01c2a0d8|1081b177|20201194|2162c09e|2182c1cd|219060fa|21a031f6|30908049|40009139|41e2010c|5001d09a|50c02189|517001af|6030f0fd|7072a0e0|7092f07b|71a251fa|71c09041|71e10186|71f21142|8030618f|8191f1d9|81e150c1|a02151ac|a1b210fc|b0700166|b112005d|b1c2f044|c1a150b1|d0724095|d0e2d025|d142d110|d151b0c4|d18000a3|e0c0408a|f0f2a1e1|f121f1e0|f1a0c120,30c140ca|3110e0c7|40f0714a|7150e10a|71f0603f|81f1f0fe|a1721173|c060c06a|c112918e|d111e017|f1d06060,0,,b79a2f9efda2c930fec985105d57d6947226d020f67568896406f852da2c764e,6a79229e621d05cac54075e409fd969aa0f6b2de50e20ce6c88fe68e4e4b4059,ac837e636c0af28f8f72f207807d0e14cc379ae7c862995d0eb12a18fdab8cd7,de154b1d153684c0260152372adf02e4ae0c6c7af5b1e8a263cb7029826d6bff,0.4986549439013188,0.5013450560986812,0.4676023391812866,0.5323976608187134,ac07a43b2554a2f178e9a63e28a1462cee253d613f122516e26ac0dcfe6c7431,b3ff10d8fa31233bdec9d37dbf6b909b353a608495d83e16f70ddaf0f5409218
1,engagement,target_engagement,outer_train_continuous_complete_cases,24027,dde664ccb8d46f839409ac29a235f2fca53c9467ad43d8f578a513a599088373,0.5800476666666666,0.6855443333333333,y <= q_low,y >= q_high,q_low < y < q_high,7d374ea6928381e1ee56d96473fa6567757f8df43407f81bbd24c398d82e419e,23918,7992,7942,7984,6888,2256,2300,2332,15934,4556,43,11,11,0001508a|0012905a|0110f12e|0182e16c|01c2a0d8|1081b177|20201194|2162c09e|2182c1cd|219060fa|21a031f6|30908049|40009139|41e2010c|5001d09a|50c02189|517001af|6030f0fd|7072a0e0|7092f07b|71a251fa|71c09041|71e10186|71f21142|8030618f|8191f1d9|81e150c1|9192c107|a02151ac|a1b210fc|b0700166|b112005d|b1c2f044|c1a150b1|d0724095|d0e2d025|d142d110|d151b0c4|d18000a3|e0c0408a|f0f2a1e1|f121f1e0|f1a0c120,30c140ca|3110e0c7|40f0714a|7150e10a|71f0603f|81f1f0fe|a1721173|c060c06a|c112918e|d111e017|f1d06060,0,,5b0cf5dd4a8341e38b17226d1a3970cb09122a9d8b553294e7b84d2f9c7c525e,c2c8bddeead637292a0c07acf4b2febafa623324bae01facb280a59887d1729d,2f364e6dd6dac221493bbb8db98c51438d544371f8f0610cd470727d40b9c04b,67f354ee89ea37a61a3ada66cd680b7acca6402cf988484a3f103bbe6a1ea308,0.5015689720095393,0.49843102799046063,0.495171202809482,0.504828797190518,ac07a43b2554a2f178e9a63e28a1462cee253d613f122516e26ac0dcfe6c7431,c284173fb0416d9551c9c52049b6d177b9bf90904cf2698a0fe114f4e1fc8a02
1,excitement,target_excitement,outer_train_continuous_complete_cases,24027,dde664ccb8d46f839409ac29a235f2fca53c9467ad43d8f578a513a599088373,0.198928,0.3627136666666666,y <= q_low,y >= q_high,q_low < y < q_high,f13db677a8358b59d7e0528258ba7ff9bf95b5314741ce39a724cf74d183ddaa,23918,7978,7963,7977,6888,2517,2193,2178,15941,4710,43,11,11,0001508a|0012905a|0110f12e|0182e16c|01c2a0d8|1081b177|20201194|2162c09e|2182c1cd|219060fa|21a031f6|30908049|40009139|41e2010c|5001d09a|50c02189|517001af|6030f0fd|7072a0e0|7092f07b|71a251fa|71c09041|71e10186|71f21142|8030618f|8191f1d9|81e150c1|9192c107|a02151ac|a1b210fc|b0700166|b112005d|b1c2f044|c1a150b1|d0724095|d0e2d025|d142d110|d151b0c4|d18000a3|e0c0408a|f0f2a1e1|f121f1e0|f1a0c120,30c140ca|3110e0c7|40f0714a|7150e10a|71f0603f|81f1f0fe|a1721173|c060c06a|c112918e|d111e017|f1d06060,0,,5b0cf5dd4a8341e38b17226d1a3970cb09122a9d8b553294e7b84d2f9c7c525e,c2c8bddeead637292a0c07acf4b2febafa623324bae01facb280a59887d1729d,46755c1e20e5799d3c8e3c0be4a2f4a3f18856086f1b6fe611eda5fc71a849dd,e43df2977fae51181563a89ebe1901ff393e6b5cba8ed408ad7fc9b9f35a396f,0.5004704849131171,0.49952951508688287,0.5343949044585987,0.4656050955414013,ac07a43b2554a2f178e9a63e28a1462cee253d613f122516e26ac0dcfe6c7431,17e0284902f2c93083b6984a8385075db4d55246475b3a01525df7541649b8d0
1,stress,target_stress,outer_train_continuous_complete_cases,24027,dde664ccb8d46f839409ac29a235f2fca53c9467ad43d8f578a513a599088373,0.4029856666666667,0.461275,y <= q_low,y >= q_high,q_low < y < q_high,bc3be14a13e7a39ebeab010389e1c408e3b117b37aecad2317d7955676362ffa,23918,7953,7971,7994,6888,2591,2314,1983,15924,4905,43,11,11,0001508a|0012905a|0110f12e|0182e16c|01c2a0d8|1081b177|20201194|2162c09e|2182c1cd|219060fa|21a031f6|30908049|40009139|41e2010c|5001d09a|50c02189|517001af|6030f0fd|7072a0e0|7092f07b|71a251fa|71c09041|71e10186|71f21142|8030618f|8191f1d9|81e150c1|9192c107|a02151ac|a1b210fc|b0700166|b112005d|b1c2f044|c1a150b1|d0724095|d0e2d025|d142d110|d151b0c4|d18000a3|e0c0408a|f0f2a1e1|f121f1e0|f1a0c120,30c140ca|3110e0c7|40f0714a|7150e10a|71f0603f|81f1f0fe|a1721173|c060c06a|c112918e|d111e017|f1d06060,0,,5b0cf5dd4a8341e38b17226d1a3970cb09122a9d8b553294e7b84d2f9c7c525e,c2c8bddeead637292a0c07acf4b2febafa623324bae01facb280a59887d1729d,5646662f70b23c348f500bc8018a5f316a9dcaa12c89cf89cf99c0ffff37fe88,27316e27e81623be5710188c4bbac0e88bcacf5cadc8bb5a949740e60da30e9c,0.49943481537302187,0.5005651846269782,0.528236493374108,0.47176350662589195,ac07a43b2554a2f178e9a63e28a1462cee253d613f122516e26ac0dcfe6c7431,9b0756711fe948a3e6392e555d42f2295684f2d7d0a77d1a1f73dfda352e78bf
1,relaxation,target_relaxation,outer_train_continuous_complete_cases,24027,dde664ccb8d46f839409ac29a235f2fca53c9467ad43d8f578a513a599088373,0.25662399999999996,0.39230799999999993,y <= q_low,y >= q_high,q_low < y < q_high,38b0c29f91cf04074516bcbbf6cf6e9362b22718f7ac54fdbe5adf6de43d5d14,23918,7985,7962,7971,6888,2286,2574,2028,15947,4860,43,11,11,0001508a|0012905a|0110f12e|0182e16c|01c2a0d8|1081b177|20201194|2162c09e|2182c1cd|219060fa|21a031f6|30908049|40009139|41e2010c|5001d09a|50c02189|517001af|6030f0fd|7072a0e0|7092f07b|71a251fa|71c09041|71e10186|71f21142|8030618f|8191f1d9|81e150c1|9192c107|a02151ac|a1b210fc|b0700166|b112005d|b1c2f044|c1a150b1|d0724095|d0e2d025|d142d110|d151b0c4|d18000a3|e0c0408a|f0f2a1e1|f121f1e0|f1a0c120,30c140ca|3110e0c7|40f0714a|7150e10a|71f0603f|81f1f0fe|a1721173|c060c06a|c112918e|d111e017|f1d06060,0,,5b0cf5dd4a8341e38b17226d1a3970cb09122a9d8b553294e7b84d2f9c7c525e,c2c8bddeead637292a0c07acf4b2febafa623324bae01facb280a59887d1729d,80bdf541d6d3f3dc1ccae382c9f7be6cac38ef75bc83ec94bf56735813804e10,c1afb9aa0088b812a4435cbb039e93c3b5ee862be868e1f9fddad73d9039f84e,0.5007211387721828,0.4992788612278171,0.4703703703703704,0.5296296296296297,ac07a43b2554a2f178e9a63e28a1462cee253d613f122516e26ac0dcfe6c7431,61e125142f4b4cd5d284d4b4a355dffe33df3b401270114c76f9f3c0aaf27b1d
1,interest,target_interest,outer_train_continuous_complete_cases,24027,dde664ccb8d46f839409ac29a235f2fca53c9467ad43d8f578a513a599088373,0.480751,0.5305233333333333,y <= q_low,y >= q_high,q_low < y < q_high,bd39db4c19d9f742cb059d0566f550cf160821412eeb67d3cc0780042dbd7317,23918,7959,7968,7991,6888,2574,2118,2196,15927,4692,43,11,11,0001508a|0012905a|0110f12e|0182e16c|01c2a0d8|1081b177|20201194|2162c09e|2182c1cd|219060fa|21a031f6|30908049|40009139|41e2010c|5001d09a|50c02189|517001af|6030f0fd|7072a0e0|7092f07b|71a251fa|71c09041|71e10186|71f21142|8030618f|8191f1d9|81e150c1|9192c107|a02151ac|a1b210fc|b0700166|b112005d|b1c2f044|c1a150b1|d0724095|d0e2d025|d142d110|d151b0c4|d18000a3|e0c0408a|f0f2a1e1|f121f1e0|f1a0c120,30c140ca|3110e0c7|40f0714a|7150e10a|71f0603f|81f1f0fe|a1721173|c060c06a|c112918e|d111e017|f1d06060,0,,5b0cf5dd4a8341e38b17226d1a3970cb09122a9d8b553294e7b84d2f9c7c525e,c2c8bddeead637292a0c07acf4b2febafa623324bae01facb280a59887d1729d,5ca8d61de646678312a2d530cab97192f5b8c2fdb963f8ebda9a06db87a1f1fc,a0260a8ab39881763eb4e325fd53edc7ec081f92af2727d8594f4df8879b5c2c,0.4997174609154266,0.5002825390845733,0.5485933503836317,0.4514066496163683,ac07a43b2554a2f178e9a63e28a1462cee253d613f122516e26ac0dcfe6c7431,6ac44cd38f8f7068950f290eceeee1a565879e110125898f92348a448c6531ae
1,focus,target_focus,outer_train_continuous_complete_cases,24027,dde664ccb8d46f839409ac29a235f2fca53c9467ad43d8f578a513a599088373,0.368801,0.4654386666666666,y <= q_low,y >= q_high,q_low < y < q_high,7d71bb99b3a559d0df0aa3bf8b195bafc98a0dd046a82039a430a2fa4892b0d0,23918,7963,7971,7984,6888,2597,2148,2143,15934,4745,43,11,11,0001508a|0012905a|0110f12e|0182e16c|01c2a0d8|1081b177|20201194|2162c09e|2182c1cd|219060fa|21a031f6|30908049|40009139|41e2010c|5001d09a|50c02189|517001af|6030f0fd|7072a0e0|7092f07b|71a251fa|71c09041|71e10186|71f21142|8030618f|8191f1d9|81e150c1|9192c107|a02151ac|a1b210fc|b0700166|b112005d|b1c2f044|c1a150b1|d0724095|d0e2d025|d142d110|d151b0c4|d18000a3|e0c0408a|f0f2a1e1|f121f1e0|f1a0c120,30c140ca|3110e0c7|40f0714a|7150e10a|71f0603f|81f1f0fe|a1721173|c060c06a|c112918e|d111e017|f1d06060,0,,5b0cf5dd4a8341e38b17226d1a3970cb09122a9d8b553294e7b84d2f9c7c525e,c2c8bddeead637292a0c07acf4b2febafa623324bae01facb280a59887d1729d,13c8256d6c504d64c2aafbcf8afda590c95af37fa8630180dd05588323d3acaf,381d93223110b7cd5af5a9072e8cc67788a90d37fc4f882691959ddfbd2affcf,0.4997489644784737,0.5002510355215263,0.5473129610115911,0.45268703898840884,ac07a43b2554a2f178e9a63e28a1462cee253d613f122516e26ac0dcfe6c7431,a3ec652599bf61ac3397ff0413626301acdbeb814a746fc1e16d08e4e3a81b7b
2,attention,target_attention,outer_train_continuous_complete_cases,23846,537831b974032f456cc2af558cef954f1deba83f394135d08fe550d368d86dd0,0.409755,0.5089703333333333,y <= q_low,y >= q_high,q_low < y < q_high,05b80bfaecd22890a7e360375d08013c2763762bc191dded6a0bbd75f29be07f,23742,7892,7938,7912,5702,2040,1718,1944,15830,3758,43,10,10,0001508a|0012905a|0110f12e|0182e16c|01c2a0d8|20201194|2162c09e|2182c1cd|219060fa|21a031f6|30908049|30c140ca|3110e0c7|40009139|40f0714a|41e2010c|5001d09a|50c02189|7092f07b|7150e10a|71e10186|71f0603f|71f21142|8030618f|8191f1d9|81e150c1|81f1f0fe|a1721173|a1b210fc|b0700166|b112005d|b1c2f044|c060c06a|c112918e|c1a150b1|d0724095|d111e017|d142d110|d151b0c4|e0c0408a|f121f1e0|f1a0c120|f1d06060,1081b177|517001af|6030f0fd|7072a0e0|71a251fa|71c09041|a02151ac|d0e2d025|d18000a3|f0f2a1e1,0,,5db1fb272d3d7e72e8eb9b10b2a49c834ce87a66bcc4f0f0866f90be27e4bf39,3ec0c1c987c5dbd1c9cec427cf94bc3c3afab92f88a3dc5ed0ea968366c67f84,268687b6f9714bde2a4a9a04b3242317a7f895633752dd62d71cf4dc00d641ec,b4cc1d71691f8cf260d0ed50d1954ca1777308d68077cd47de86eaee2da12b48,0.498547062539482,0.501452937460518,0.5428419372006387,0.4571580627993614,ac07a43b2554a2f178e9a63e28a1462cee253d613f122516e26ac0dcfe6c7431,729e0e78d3f09ee42f16977af57079abc2f95d3f86ad1866c9bf930ad3e886d2
2,engagement,target_engagement,outer_train_continuous_complete_cases,24766,4f5ba373bf1fc18e01d62e8622ac82150322f0215bd60bcc9c2be8a4179856bb,0.572122,0.682083,y <= q_low,y >= q_high,q_low < y < q_high,96921223f37aee74e8576505e04d8d93656b6d22365a8c1e79d1aadc606e3780,24637,8232,8172,8233,6169,1393,2419,2357,16404,3812,43,11,10,0001508a|0012905a|0110f12e|0182e16c|01c2a0d8|20201194|2162c09e|2182c1cd|219060fa|21a031f6|30908049|30c140ca|3110e0c7|40009139|40f0714a|41e2010c|5001d09a|50c02189|7092f07b|7150e10a|71e10186|71f0603f|71f21142|8030618f|8191f1d9|81e150c1|81f1f0fe|a1721173|a1b210fc|b0700166|b112005d|b1c2f044|c060c06a|c112918e|c1a150b1|d0724095|d111e017|d142d110|d151b0c4|e0c0408a|f121f1e0|f1a0c120|f1d06060,1081b177|517001af|6030f0fd|7072a0e0|71a251fa|71c09041|9192c107|a02151ac|d0e2d025|d18000a3|f0f2a1e1,0,,fc3fd57f592843067ee41b99a195c9596a3a8130a7501249154dc84966179373,09cf8fed882258480ca7eac18ef15a452d032393c21823c8a071e0e11826526c,878c34cf2e7399941af30ed0623103fcf66324e3c84753cfd8725855ef681b41,d1c0c3f41a197b888e61f826c8d257e63f594530cdcdb07e36b2712683c8bfb2,0.5018288222384785,0.4981711777615216,0.3654249737670514,0.6345750262329486,ac07a43b2554a2f178e9a63e28a1462cee253d613f122516e26ac0dcfe6c7431,1a246c8b53f357dfd99e0fe9338bb345366900f9514d4f7772db13cc884552a4
2,excitement,target_excitement,outer_train_continuous_complete_cases,24766,4f5ba373bf1fc18e01d62e8622ac82150322f0215bd60bcc9c2be8a4179856bb,0.194812,0.357134,y <= q_low,y >= q_high,q_low < y < q_high,8cf290447cc76b4db2bf7811a784e38768237f66e910c108ea9bd99fce1b2673,24637,8225,8189,8223,6169,1895,2204,2070,16414,4099,43,11,11,0001508a|0012905a|0110f12e|0182e16c|01c2a0d8|20201194|2162c09e|2182c1cd|219060fa|21a031f6|30908049|30c140ca|3110e0c7|40009139|40f0714a|41e2010c|5001d09a|50c02189|7092f07b|7150e10a|71e10186|71f0603f|71f21142|8030618f|8191f1d9|81e150c1|81f1f0fe|a1721173|a1b210fc|b0700166|b112005d|b1c2f044|c060c06a|c112918e|c1a150b1|d0724095|d111e017|d142d110|d151b0c4|e0c0408a|f121f1e0|f1a0c120|f1d06060,1081b177|517001af|6030f0fd|7072a0e0|71a251fa|71c09041|9192c107|a02151ac|d0e2d025|d18000a3|f0f2a1e1,0,,fc3fd57f592843067ee41b99a195c9596a3a8130a7501249154dc84966179373,09cf8fed882258480ca7eac18ef15a452d032393c21823c8a071e0e11826526c,8128443e2c1fbe267985083ef437ccfcd31a09508cbb3f5c8359013491a7ae1d,69a9b4d35b261a91db756d8fd8a63d9bfcd811749fe9eb36bb3d4d3db0161c73,0.5010966248324601,0.4989033751675399,0.4623078799707246,0.5376921200292755,ac07a43b2554a2f178e9a63e28a1462cee253d613f122516e26ac0dcfe6c7431,149429db7a0ac8a20273407ae7c23e8f3a149d02792ca9ba43fc661303017d23
2,stress,target_stress,outer_train_continuous_complete_cases,24766,4f5ba373bf1fc18e01d62e8622ac82150322f0215bd60bcc9c2be8a4179856bb,0.396448,0.461981,y <= q_low,y >= q_high,q_low < y < q_high,f31c8981acf165f01f66cc01c4f2b2d6927c370f1a035493f12dece19b93ba49,24637,8197,8204,8236,6169,1389,1993,2787,16401,3382,43,11,11,0001508a|0012905a|0110f12e|0182e16c|01c2a0d8|20201194|2162c09e|2182c1cd|219060fa|21a031f6|30908049|30c140ca|3110e0c7|40009139|40f0714a|41e2010c|5001d09a|50c02189|7092f07b|7150e10a|71e10186|71f0603f|71f21142|8030618f|8191f1d9|81e150c1|81f1f0fe|a1721173|a1b210fc|b0700166|b112005d|b1c2f044|c060c06a|c112918e|c1a150b1|d0724095|d111e017|d142d110|d151b0c4|e0c0408a|f121f1e0|f1a0c120|f1d06060,1081b177|517001af|6030f0fd|7072a0e0|71a251fa|71c09041|9192c107|a02151ac|d0e2d025|d18000a3|f0f2a1e1,0,,fc3fd57f592843067ee41b99a195c9596a3a8130a7501249154dc84966179373,09cf8fed882258480ca7eac18ef15a452d032393c21823c8a071e0e11826526c,8411423f328c85b008130bdb1aaa959cb4d1107da7454c28e84663819d643639,9f7c772dc29c2a7cf04371237e41ce51d479d7f13fe8c529976221d9e8ecd988,0.49978659837814765,0.5002134016218523,0.4107037256061502,0.5892962743938498,ac07a43b2554a2f178e9a63e28a1462cee253d613f122516e26ac0dcfe6c7431,447d7b3e9774b22172ef1373f1b8fd2960d631b7f0ee4e9bb47375e8a827da3e
2,relaxation,target_relaxation,outer_train_continuous_complete_cases,24766,4f5ba373bf1fc18e01d62e8622ac82150322f0215bd60bcc9c2be8a4179856bb,0.256714,0.404291,y <= q_low,y >= q_high,q_low < y < q_high,7656df549309178054e578a36ceed79ea658632f163e5e508467b9011bdaa756,24637,8232,8197,8208,6169,2047,1740,2382,16429,3787,43,11,11,0001508a|0012905a|0110f12e|0182e16c|01c2a0d8|20201194|2162c09e|2182c1cd|219060fa|21a031f6|30908049|30c140ca|3110e0c7|40009139|40f0714a|41e2010c|5001d09a|50c02189|7092f07b|7150e10a|71e10186|71f0603f|71f21142|8030618f|8191f1d9|81e150c1|81f1f0fe|a1721173|a1b210fc|b0700166|b112005d|b1c2f044|c060c06a|c112918e|c1a150b1|d0724095|d111e017|d142d110|d151b0c4|e0c0408a|f121f1e0|f1a0c120|f1d06060,1081b177|517001af|6030f0fd|7072a0e0|71a251fa|71c09041|9192c107|a02151ac|d0e2d025|d18000a3|f0f2a1e1,0,,fc3fd57f592843067ee41b99a195c9596a3a8130a7501249154dc84966179373,09cf8fed882258480ca7eac18ef15a452d032393c21823c8a071e0e11826526c,2e83a1c1225e05466fe0b2b5ffb2b245f458634c7a01109b8b7feb9fe9b3e86e,3cdadc6a3b976a0f38bab596a206e3d1a313ab79436aa9376b434606e095d57f,0.5010651896037495,0.49893481039625054,0.54053340374967,0.4594665962503301,ac07a43b2554a2f178e9a63e28a1462cee253d613f122516e26ac0dcfe6c7431,8bbc62e51c4dc757c3bd700f8f8404e35bcde4ef30e917c28d94723e5eb73096
2,interest,target_interest,outer_train_continuous_complete_cases,24766,4f5ba373bf1fc18e01d62e8622ac82150322f0215bd60bcc9c2be8a4179856bb,0.47714,0.52968,y <= q_low,y >= q_high,q_low < y < q_high,a6f226a94e84838366c4cf62d5dbcdfa343d2e4317631dc9cd843403760f8fb3,24637,8203,8202,8232,6169,1608,2021,2540,16405,3629,43,11,11,0001508a|0012905a|0110f12e|0182e16c|01c2a0d8|20201194|2162c09e|2182c1cd|219060fa|21a031f6|30908049|30c140ca|3110e0c7|40009139|40f0714a|41e2010c|5001d09a|50c02189|7092f07b|7150e10a|71e10186|71f0603f|71f21142|8030618f|8191f1d9|81e150c1|81f1f0fe|a1721173|a1b210fc|b0700166|b112005d|b1c2f044|c060c06a|c112918e|c1a150b1|d0724095|d111e017|d142d110|d151b0c4|e0c0408a|f121f1e0|f1a0c120|f1d06060,1081b177|517001af|6030f0fd|7072a0e0|71a251fa|71c09041|9192c107|a02151ac|d0e2d025|d18000a3|f0f2a1e1,0,,fc3fd57f592843067ee41b99a195c9596a3a8130a7501249154dc84966179373,09cf8fed882258480ca7eac18ef15a452d032393c21823c8a071e0e11826526c,c5c15f44d2e69c783960565a46f87ce02502fa98359739201710edf8deeb3c6c,795933ba013bacfaab9a48983b996ad09255b2e3dd2123782e01fbfe04c31c35,0.5000304785126486,0.4999695214873514,0.4430972719757509,0.5569027280242491,ac07a43b2554a2f178e9a63e28a1462cee253d613f122516e26ac0dcfe6c7431,5b27fb2025dac3b5b940300317d5d00ea2f18aa7dc136397d2121651d47bf077
2,focus,target_focus,outer_train_continuous_complete_cases,24766,4f5ba373bf1fc18e01d62e8622ac82150322f0215bd60bcc9c2be8a4179856bb,0.364693,0.460551,y <= q_low,y >= q_high,q_low < y < q_high,74e34c54e7221dc6ee613f5b9c86caff220ef215c764f9f3f1457db68a376147,24637,8208,8200,8229,6169,1864,2313,1992,16408,4177,43,11,11,0001508a|0012905a|0110f12e|0182e16c|01c2a0d8|20201194|2162c09e|2182c1cd|219060fa|21a031f6|30908049|30c140ca|3110e0c7|40009139|40f0714a|41e2010c|5001d09a|50c02189|7092f07b|7150e10a|71e10186|71f0603f|71f21142|8030618f|8191f1d9|81e150c1|81f1f0fe|a1721173|a1b210fc|b0700166|b112005d|b1c2f044|c060c06a|c112918e|c1a150b1|d0724095|d111e017|d142d110|d151b0c4|e0c0408a|f121f1e0|f1a0c120|f1d06060,1081b177|517001af|6030f0fd|7072a0e0|71a251fa|71c09041|9192c107|a02151ac|d0e2d025|d18000a3|f0f2a1e1,0,,fc3fd57f592843067ee41b99a195c9596a3a8130a7501249154dc84966179373,09cf8fed882258480ca7eac18ef15a452d032393c21823c8a071e0e11826526c,579252362f13a47c63e39500fdef5edae2a4fb3c1ab2e8ea24b60c89b6e48782,51e899bcee4bc67d7ec85e855cfc97e6ab543103a4c4d3c1a785b11312bca213,0.500243783520234,0.499756216479766,0.4462532918362461,0.5537467081637539,ac07a43b2554a2f178e9a63e28a1462cee253d613f122516e26ac0dcfe6c7431,7ff92501bf9c14edec2a3ceb130cde40231787e35058fe1bf2966a212932c14f
3,attention,target_attention,outer_train_continuous_complete_cases,23677,a9cfb1bbf94a0c256a86f68f1d5e8ee9aebad5cf64f1b0413c1c750cfb7acb26,0.407012,0.50364,y <= q_low,y >= q_high,q_low < y < q_high,d9fe93c98329da3f22770036d5d5bcc1723fbbfb61707901d1eaef4a7001f95d,23575,7841,7885,7849,5869,1823,2196,1850,15726,4019,42,11,11,0001508a|0110f12e|0182e16c|01c2a0d8|1081b177|2182c1cd|219060fa|30908049|30c140ca|3110e0c7|40009139|40f0714a|517001af|6030f0fd|7072a0e0|7092f07b|7150e10a|71a251fa|71c09041|71e10186|71f0603f|8030618f|8191f1d9|81e150c1|81f1f0fe|a02151ac|a1721173|a1b210fc|b112005d|b1c2f044|c060c06a|c112918e|c1a150b1|d0e2d025|d111e017|d151b0c4|d18000a3|e0c0408a|f0f2a1e1|f121f1e0|f1a0c120|f1d06060,0012905a|20201194|2162c09e|21a031f6|41e2010c|5001d09a|50c02189|71f21142|b0700166|d0724095|d142d110,0,,cd12e99ba614a8786e825e0681dc0e82d28f4e61c6da774ae8d3ca4b1a306ab6,9e28c2510237b8bf60ee97b184137c43618aceb2e962c26e5b0f9211c101941a,a5cebc76705dfe78d9069309261992d18aaefba45bd8350cd77267952e5e1ff9,40cf63640cc4471b14135e4d4948dcd6afd8344147ad160cfdf1b396c73dc02c,0.4986010428589597,0.5013989571410403,0.45359542174670314,0.5464045782532968,ac07a43b2554a2f178e9a63e28a1462cee253d613f122516e26ac0dcfe6c7431,be7ca99410618a95e78fa7b16cb1144899b834e4d532c6aa84d95de414544727
3,engagement,target_engagement,outer_train_continuous_complete_cases,24921,e4c2c708699c26d23ce83cadc9a2bf7ff8158b77e6f70013e9c3b44b60872c78,0.5875743333333333,0.689116,y <= q_low,y >= q_high,q_low < y < q_high,a74a573473ef95d46567294f0aa220d0bd8b428d9a9120f4a96756b0c84d9f51,24794,8283,8232,8279,6012,2569,1641,1802,16515,4210,43,11,11,0001508a|0110f12e|0182e16c|01c2a0d8|1081b177|2182c1cd|219060fa|30908049|30c140ca|3110e0c7|40009139|40f0714a|517001af|6030f0fd|7072a0e0|7092f07b|7150e10a|71a251fa|71c09041|71e10186|71f0603f|8030618f|8191f1d9|81e150c1|81f1f0fe|9192c107|a02151ac|a1721173|a1b210fc|b112005d|b1c2f044|c060c06a|c112918e|c1a150b1|d0e2d025|d111e017|d151b0c4|d18000a3|e0c0408a|f0f2a1e1|f121f1e0|f1a0c120|f1d06060,0012905a|20201194|2162c09e|21a031f6|41e2010c|5001d09a|50c02189|71f21142|b0700166|d0724095|d142d110,0,,de4c63f52a119d48ee7bdf16c7cd76c004f091c621652b4d16aa374095504bda,e4679f17766b3c17624b15c7b287d1e1680e69c30b5a492f77937c147c91ac9b,61e4715e3fdbf84e55771724176e8af24b1d35914579776aac4f4fb3de4dcd0f,1132952bd73558ad4a208e5074be0094a6e8fdfeb9a83f0cb4881bb6a88e23f3,0.5015440508628519,0.498455949137148,0.6102137767220902,0.38978622327790974,ac07a43b2554a2f178e9a63e28a1462cee253d613f122516e26ac0dcfe6c7431,b1e21aa6e0ccc6542b6b9f9eda92aa81516df2f78357eb56303cc252d9ea7eff
3,excitement,target_excitement,outer_train_continuous_complete_cases,24921,e4c2c708699c26d23ce83cadc9a2bf7ff8158b77e6f70013e9c3b44b60872c78,0.19379133333333332,0.35695933333333324,y <= q_low,y >= q_high,q_low < y < q_high,fa418d56645cfa9ab67032bef122ddca9f2bf2af811172bdbe6b172d6197f493,24794,8269,8248,8277,6012,1773,2152,2087,16517,3925,43,11,11,0001508a|0110f12e|0182e16c|01c2a0d8|1081b177|2182c1cd|219060fa|30908049|30c140ca|3110e0c7|40009139|40f0714a|517001af|6030f0fd|7072a0e0|7092f07b|7150e10a|71a251fa|71c09041|71e10186|71f0603f|8030618f|8191f1d9|81e150c1|81f1f0fe|9192c107|a02151ac|a1721173|a1b210fc|b112005d|b1c2f044|c060c06a|c112918e|c1a150b1|d0e2d025|d111e017|d151b0c4|d18000a3|e0c0408a|f0f2a1e1|f121f1e0|f1a0c120|f1d06060,0012905a|20201194|2162c09e|21a031f6|41e2010c|5001d09a|50c02189|71f21142|b0700166|d0724095|d142d110,0,,de4c63f52a119d48ee7bdf16c7cd76c004f091c621652b4d16aa374095504bda,e4679f17766b3c17624b15c7b287d1e1680e69c30b5a492f77937c147c91ac9b,7a976bb97d5068a96b057954d13a2c8d561b0ceb98cd9b0d027321d726e1be60,35437ba297216ad50d48f232dbe39e93a7a2e890daab7e3ba60b008d80e798e5,0.5006357086638009,0.4993642913361991,0.45171974522292996,0.5482802547770701,ac07a43b2554a2f178e9a63e28a1462cee253d613f122516e26ac0dcfe6c7431,5f83f5edccbb42bb85daaab493d18f9c5963f3cd2445629710f9a95262bed6d2
3,stress,target_stress,outer_train_continuous_complete_cases,24921,e4c2c708699c26d23ce83cadc9a2bf7ff8158b77e6f70013e9c3b44b60872c78,0.405259,0.460463,y <= q_low,y >= q_high,q_low < y < q_high,bcd3007f8b807817734d67f5fb79247d682169631186c1b04d4f2cedd74be7de,24794,8244,8263,8287,6012,2669,2125,1218,16507,4794,43,11,11,0001508a|0110f12e|0182e16c|01c2a0d8|1081b177|2182c1cd|219060fa|30908049|30c140ca|3110e0c7|40009139|40f0714a|517001af|6030f0fd|7072a0e0|7092f07b|7150e10a|71a251fa|71c09041|71e10186|71f0603f|8030618f|8191f1d9|81e150c1|81f1f0fe|9192c107|a02151ac|a1721173|a1b210fc|b112005d|b1c2f044|c060c06a|c112918e|c1a150b1|d0e2d025|d111e017|d151b0c4|d18000a3|e0c0408a|f0f2a1e1|f121f1e0|f1a0c120|f1d06060,0012905a|20201194|2162c09e|21a031f6|41e2010c|5001d09a|50c02189|71f21142|b0700166|d0724095|d142d110,0,,de4c63f52a119d48ee7bdf16c7cd76c004f091c621652b4d16aa374095504bda,e4679f17766b3c17624b15c7b287d1e1680e69c30b5a492f77937c147c91ac9b,b7d9c058d17c7ccbcb337407c89dce3643aea4836abb54fc1caad17d93661355,117ac3c7da30e7d6696aee199abd4fe61bc9164e1af2b93fdb28cdba9af45ee3,0.4994244865814503,0.5005755134185497,0.5567375886524822,0.4432624113475177,ac07a43b2554a2f178e9a63e28a1462cee253d613f122516e26ac0dcfe6c7431,dd0a17f37022d3ef3921fb955a4721de4dc8843048074f1f44f0a94b8086b57f
3,relaxation,target_relaxation,outer_train_continuous_complete_cases,24921,e4c2c708699c26d23ce83cadc9a2bf7ff8158b77e6f70013e9c3b44b60872c78,0.25428966666666664,0.395869,y <= q_low,y >= q_high,q_low < y < q_high,e60bf995e60c88b6af88b34c7d1f44be24f60c5b4257ba68426a2504b9aa025a,24794,8282,8252,8260,6012,1809,2109,2094,16534,3918,43,11,11,0001508a|0110f12e|0182e16c|01c2a0d8|1081b177|2182c1cd|219060fa|30908049|30c140ca|3110e0c7|40009139|40f0714a|517001af|6030f0fd|7072a0e0|7092f07b|7150e10a|71a251fa|71c09041|71e10186|71f0603f|8030618f|8191f1d9|81e150c1|81f1f0fe|9192c107|a02151ac|a1721173|a1b210fc|b112005d|b1c2f044|c060c06a|c112918e|c1a150b1|d0e2d025|d111e017|d151b0c4|d18000a3|e0c0408a|f0f2a1e1|f121f1e0|f1a0c120|f1d06060,0012905a|20201194|2162c09e|21a031f6|41e2010c|5001d09a|50c02189|71f21142|b0700166|d0724095|d142d110,0,,de4c63f52a119d48ee7bdf16c7cd76c004f091c621652b4d16aa374095504bda,e4679f17766b3c17624b15c7b287d1e1680e69c30b5a492f77937c147c91ac9b,859ef1bfd9ab662090b6e308b6572b188a70e20137a1c047b9d4e06fff054f2d,6021090d035e707f148926abaf58a6f571b7a2b2c75184a6ce6959b466ce42b1,0.5009072214830047,0.4990927785169953,0.46171516079632463,0.5382848392036753,ac07a43b2554a2f178e9a63e28a1462cee253d613f122516e26ac0dcfe6c7431,c323ce186523ef709442aa79df3c9bfa81b628f290c85625113c580c6c114610
3,interest,target_interest,outer_train_continuous_complete_cases,24921,e4c2c708699c26d23ce83cadc9a2bf7ff8158b77e6f70013e9c3b44b60872c78,0.480798,0.5285816666666666,y <= q_low,y >= q_high,q_low < y < q_high,3bcb6d908dca29ca782906a4f9f4eb0ea8493afdf7dc53a3c5de50526bd55ffb,24794,8247,8259,8288,6012,2290,2138,1584,16506,4428,43,11,11,0001508a|0110f12e|0182e16c|01c2a0d8|1081b177|2182c1cd|219060fa|30908049|30c140ca|3110e0c7|40009139|40f0714a|517001af|6030f0fd|7072a0e0|7092f07b|7150e10a|71a251fa|71c09041|71e10186|71f0603f|8030618f|8191f1d9|81e150c1|81f1f0fe|9192c107|a02151ac|a1721173|a1b210fc|b112005d|b1c2f044|c060c06a|c112918e|c1a150b1|d0e2d025|d111e017|d151b0c4|d18000a3|e0c0408a|f0f2a1e1|f121f1e0|f1a0c120|f1d06060,0012905a|20201194|2162c09e|21a031f6|41e2010c|5001d09a|50c02189|71f21142|b0700166|d0724095|d142d110,0,,de4c63f52a119d48ee7bdf16c7cd76c004f091c621652b4d16aa374095504bda,e4679f17766b3c17624b15c7b287d1e1680e69c30b5a492f77937c147c91ac9b,98d0d02732f3c0569a53ab5fee22fc2175491585aacdc45f62af16b2ac720089,2a57fa92941dfa3dfbc564811bf6224acd9d32b931fc61e33ac929b125d31818,0.49963649581970193,0.5003635041802981,0.517163504968383,0.48283649503161696,ac07a43b2554a2f178e9a63e28a1462cee253d613f122516e26ac0dcfe6c7431,ac54d051ee319b9b4f863e9ae1086fef7678b21088ccab2b23519665c6ef99a9
3,focus,target_focus,outer_train_continuous_complete_cases,24921,e4c2c708699c26d23ce83cadc9a2bf7ff8158b77e6f70013e9c3b44b60872c78,0.3654773333333333,0.46152833333333326,y <= q_low,y >= q_high,q_low < y < q_high,0c7365a9f52cdea7f5ff5bd02009df8f23994345c83ad7446745f49568834711,24794,8253,8259,8282,6012,1921,2169,1922,16512,4090,43,11,11,0001508a|0110f12e|0182e16c|01c2a0d8|1081b177|2182c1cd|219060fa|30908049|30c140ca|3110e0c7|40009139|40f0714a|517001af|6030f0fd|7072a0e0|7092f07b|7150e10a|71a251fa|71c09041|71e10186|71f0603f|8030618f|8191f1d9|81e150c1|81f1f0fe|9192c107|a02151ac|a1721173|a1b210fc|b112005d|b1c2f044|c060c06a|c112918e|c1a150b1|d0e2d025|d111e017|d151b0c4|d18000a3|e0c0408a|f0f2a1e1|f121f1e0|f1a0c120|f1d06060,0012905a|20201194|2162c09e|21a031f6|41e2010c|5001d09a|50c02189|71f21142|b0700166|d0724095|d142d110,0,,de4c63f52a119d48ee7bdf16c7cd76c004f091c621652b4d16aa374095504bda,e4679f17766b3c17624b15c7b287d1e1680e69c30b5a492f77937c147c91ac9b,3c290bf4d79fcee4f6815537dfbbbba754381ef0f03daff8de7166884d8b7e4e,c2425c06dedb4ddf01098ed8514112e0b61a3a21f480fd280518566a87265ae1,0.49981831395348836,0.5001816860465116,0.46968215158924204,0.5303178484107579,ac07a43b2554a2f178e9a63e28a1462cee253d613f122516e26ac0dcfe6c7431,d1315fa195d271aff609ea0514b9bdb3654ff029e19295c500561a2b7bbc2628
4,attention,target_attention,outer_train_continuous_complete_cases,24005,0a007de823daeab116e74b1ff6994f896e95c35f73affc99faafb9445c198d86,0.410495,0.5079906666666667,y <= q_low,y >= q_high,q_low < y < q_high,4404f50166a53629f16deb855b5dbdefb3de95149a3eec0eec91689ced0aaf96,23895,7944,7993,7958,5549,2053,1736,1760,15937,3789,43,10,10,0001508a|0012905a|0110f12e|0182e16c|1081b177|20201194|2162c09e|2182c1cd|219060fa|21a031f6|30c140ca|3110e0c7|40f0714a|41e2010c|5001d09a|50c02189|517001af|6030f0fd|7072a0e0|7150e10a|71a251fa|71c09041|71e10186|71f0603f|71f21142|8191f1d9|81e150c1|81f1f0fe|a02151ac|a1721173|b0700166|c060c06a|c112918e|c1a150b1|d0724095|d0e2d025|d111e017|d142d110|d18000a3|e0c0408a|f0f2a1e1|f121f1e0|f1d06060,01c2a0d8|30908049|40009139|7092f07b|8030618f|a1b210fc|b112005d|b1c2f044|d151b0c4|f1a0c120,0,,530f635c1ccd657707b52cd28d1a4a74505823d44b1617e0a550570d94435667,e4e07def062d6ff43ce7a153273fd3780a41d535b975bd0c167166aff09f2682,d6bc4dd44a146802aea289085e20f3a5469bc59a944f3a84808d81b7aed2dd74,5ed80d114ce64d14399bb12a61f0b309514a69dd18876b7e42e5b18f2e03c958,0.49846269686892136,0.5015373031310786,0.541831617841119,0.45816838215888095,ac07a43b2554a2f178e9a63e28a1462cee253d613f122516e26ac0dcfe6c7431,58ce4e993fc6ecbbbdbf265bd8eeeb0ca6fc5eeaa78ec6a698e5d24c65eab360
4,engagement,target_engagement,outer_train_continuous_complete_cases,25182,0db474e24f1c22c91db2dc5f66466770f2985e2bd28d296fafb5287518e6f752,0.5819393333333334,0.6880023333333333,y <= q_low,y >= q_high,q_low < y < q_high,4efdbb963e4328ea609ced0c43ea79ec54863afcf8b6dc3b54e36caff30afe16,25055,8372,8315,8368,5751,2025,1652,2074,16687,3677,44,10,10,0001508a|0012905a|0110f12e|0182e16c|1081b177|20201194|2162c09e|2182c1cd|219060fa|21a031f6|30c140ca|3110e0c7|40f0714a|41e2010c|5001d09a|50c02189|517001af|6030f0fd|7072a0e0|7150e10a|71a251fa|71c09041|71e10186|71f0603f|71f21142|8191f1d9|81e150c1|81f1f0fe|9192c107|a02151ac|a1721173|b0700166|c060c06a|c112918e|c1a150b1|d0724095|d0e2d025|d111e017|d142d110|d18000a3|e0c0408a|f0f2a1e1|f121f1e0|f1d06060,01c2a0d8|30908049|40009139|7092f07b|8030618f|a1b210fc|b112005d|b1c2f044|d151b0c4|f1a0c120,0,,8a934f30393c4e808bb936904295a2c030705aead37d07a908d646cce3d8ef82,832b9d402425f6cfca67f65983b7458d5b7237a3209035664d4bae6241baf682,986d1415067904080d56b49303685c463e195fe0f6cc22b9219e6da5b4f26546,2113ccdf90100c1d206c6885db866dfe79f738f7b4252d399a7e2666fd34e2d7,0.5017079163420627,0.4982920836579373,0.5507206962197444,0.44927930378025566,ac07a43b2554a2f178e9a63e28a1462cee253d613f122516e26ac0dcfe6c7431,03e3ab8cf11da9832d523c7954962d5619af94c63fd42b5fde4c6120cbc8a67d
4,excitement,target_excitement,outer_train_continuous_complete_cases,25182,0db474e24f1c22c91db2dc5f66466770f2985e2bd28d296fafb5287518e6f752,0.198937,0.36487366666666665,y <= q_low,y >= q_high,q_low < y < q_high,01a9a36af7fd4938668057f58a4af0d4815b36985a13f61e071f1297e75e14d1,25055,8355,8334,8366,5751,2143,1761,1847,16689,3904,44,10,10,0001508a|0012905a|0110f12e|0182e16c|1081b177|20201194|2162c09e|2182c1cd|219060fa|21a031f6|30c140ca|3110e0c7|40f0714a|41e2010c|5001d09a|50c02189|517001af|6030f0fd|7072a0e0|7150e10a|71a251fa|71c09041|71e10186|71f0603f|71f21142|8191f1d9|81e150c1|81f1f0fe|9192c107|a02151ac|a1721173|b0700166|c060c06a|c112918e|c1a150b1|d0724095|d0e2d025|d111e017|d142d110|d18000a3|e0c0408a|f0f2a1e1|f121f1e0|f1d06060,01c2a0d8|30908049|40009139|7092f07b|8030618f|a1b210fc|b112005d|b1c2f044|d151b0c4|f1a0c120,0,,8a934f30393c4e808bb936904295a2c030705aead37d07a908d646cce3d8ef82,832b9d402425f6cfca67f65983b7458d5b7237a3209035664d4bae6241baf682,2bf159cea185c08806e5852a0521171522678bfd8d04d9dfff4d87344dd97627,5c7266b2d141299fed527809be439b1cde70b5a5b0eeac7a636706af194da1f6,0.5006291569297142,0.49937084307028584,0.5489241803278688,0.4510758196721312,ac07a43b2554a2f178e9a63e28a1462cee253d613f122516e26ac0dcfe6c7431,be7db9d4639d5711f62898e67ed8ae9de87a33cad6d5633f56165e1e0c944b9d
4,stress,target_stress,outer_train_continuous_complete_cases,25182,0db474e24f1c22c91db2dc5f66466770f2985e2bd28d296fafb5287518e6f752,0.39695366666666665,0.46365033333333333,y <= q_low,y >= q_high,q_low < y < q_high,27d0b6e27ea4a69159776babe88351288b3e08a8b6a0e0a437af967ad54f9cf0,25055,8331,8348,8376,5751,1336,1619,2796,16679,2955,44,10,10,0001508a|0012905a|0110f12e|0182e16c|1081b177|20201194|2162c09e|2182c1cd|219060fa|21a031f6|30c140ca|3110e0c7|40f0714a|41e2010c|5001d09a|50c02189|517001af|6030f0fd|7072a0e0|7150e10a|71a251fa|71c09041|71e10186|71f0603f|71f21142|8191f1d9|81e150c1|81f1f0fe|9192c107|a02151ac|a1721173|b0700166|c060c06a|c112918e|c1a150b1|d0724095|d0e2d025|d111e017|d142d110|d18000a3|e0c0408a|f0f2a1e1|f121f1e0|f1d06060,01c2a0d8|30908049|40009139|7092f07b|8030618f|a1b210fc|b112005d|b1c2f044|d151b0c4|f1a0c120,0,,8a934f30393c4e808bb936904295a2c030705aead37d07a908d646cce3d8ef82,832b9d402425f6cfca67f65983b7458d5b7237a3209035664d4bae6241baf682,8626c877b29078ccbf8827b46494b91b7bfcea537af78dcbb845acad5ad28c42,ac84b2405b30aa4b5c2f5cbc3a86954f2bcecbcdcd42d348b17baef04c9bc463,0.49949037712093053,0.5005096228790695,0.45211505922165823,0.5478849407783418,ac07a43b2554a2f178e9a63e28a1462cee253d613f122516e26ac0dcfe6c7431,45623d5445e09312889f98c0aaea3547098879ccdfc0959d7b213c4b079a4189
4,relaxation,target_relaxation,outer_train_continuous_complete_cases,25182,0db474e24f1c22c91db2dc5f66466770f2985e2bd28d296fafb5287518e6f752,0.259306,0.403906,y <= q_low,y >= q_high,q_low < y < q_high,a5f608b86ee9061617d36b1743ad601431f955dde27218d8d7829829dc257d43,25055,8367,8340,8348,5751,2152,1619,1980,16707,3771,44,10,10,0001508a|0012905a|0110f12e|0182e16c|1081b177|20201194|2162c09e|2182c1cd|219060fa|21a031f6|30c140ca|3110e0c7|40f0714a|41e2010c|5001d09a|50c02189|517001af|6030f0fd|7072a0e0|7150e10a|71a251fa|71c09041|71e10186|71f0603f|71f21142|8191f1d9|81e150c1|81f1f0fe|9192c107|a02151ac|a1721173|b0700166|c060c06a|c112918e|c1a150b1|d0724095|d0e2d025|d111e017|d142d110|d18000a3|e0c0408a|f0f2a1e1|f121f1e0|f1d06060,01c2a0d8|30908049|40009139|7092f07b|8030618f|a1b210fc|b112005d|b1c2f044|d151b0c4|f1a0c120,0,,8a934f30393c4e808bb936904295a2c030705aead37d07a908d646cce3d8ef82,832b9d402425f6cfca67f65983b7458d5b7237a3209035664d4bae6241baf682,8b1921d4d5c07dab4a8de8755eec16059309a05437e5489c47467415666005fb,7b62a8eca8adcf8f868002f7b50d4ef7ce598bf87d1cd10acaa55da2cd3bad38,0.500808044532232,0.499191955467768,0.5706709095730575,0.42932909042694245,ac07a43b2554a2f178e9a63e28a1462cee253d613f122516e26ac0dcfe6c7431,ca6e86af0721d611407e16adc56623e01dc90c227c74081f48f198a4cd383835
4,interest,target_interest,outer_train_continuous_complete_cases,25182,0db474e24f1c22c91db2dc5f66466770f2985e2bd28d296fafb5287518e6f752,0.4793536666666667,0.5286693333333333,y <= q_low,y >= q_high,q_low < y < q_high,c4110c8ecd8ea7c835b8ea571bfeb6ad10ec8d02d986bd0e2c5b9a70c03e3241,25055,8332,8351,8372,5751,1939,2032,1780,16683,3971,44,10,10,0001508a|0012905a|0110f12e|0182e16c|1081b177|20201194|2162c09e|2182c1cd|219060fa|21a031f6|30c140ca|3110e0c7|40f0714a|41e2010c|5001d09a|50c02189|517001af|6030f0fd|7072a0e0|7150e10a|71a251fa|71c09041|71e10186|71f0603f|71f21142|8191f1d9|81e150c1|81f1f0fe|9192c107|a02151ac|a1721173|b0700166|c060c06a|c112918e|c1a150b1|d0724095|d0e2d025|d111e017|d142d110|d18000a3|e0c0408a|f0f2a1e1|f121f1e0|f1d06060,01c2a0d8|30908049|40009139|7092f07b|8030618f|a1b210fc|b112005d|b1c2f044|d151b0c4|f1a0c120,0,,8a934f30393c4e808bb936904295a2c030705aead37d07a908d646cce3d8ef82,832b9d402425f6cfca67f65983b7458d5b7237a3209035664d4bae6241baf682,dc15a575b4e8dd1791706916a39e0b9e65dc5b69242cd007fc815a7885d98e3e,e5948de105951744ccb12ab3681960ac9b6deeb89842eaba2caf66ba86dc9ad3,0.49943055805310793,0.500569441946892,0.488290103248552,0.511709896751448,ac07a43b2554a2f178e9a63e28a1462cee253d613f122516e26ac0dcfe6c7431,661c20e0b8650ad28a2adfd91d8ad8eb9ae9e0b7857f485a7fbe1c9d8fde0d5a
4,focus,target_focus,outer_train_continuous_complete_cases,25182,0db474e24f1c22c91db2dc5f66466770f2985e2bd28d296fafb5287518e6f752,0.365106,0.46338333333333337,y <= q_low,y >= q_high,q_low < y < q_high,bcbf7453b6c3768b7f4446c03f027f80397a24d1f0f54a82146b8fe6d4a67bdf,25055,8342,8346,8367,5751,1785,1946,2020,16688,3731,44,10,10,0001508a|0012905a|0110f12e|0182e16c|1081b177|20201194|2162c09e|2182c1cd|219060fa|21a031f6|30c140ca|3110e0c7|40f0714a|41e2010c|5001d09a|50c02189|517001af|6030f0fd|7072a0e0|7150e10a|71a251fa|71c09041|71e10186|71f0603f|71f21142|8191f1d9|81e150c1|81f1f0fe|9192c107|a02151ac|a1721173|b0700166|c060c06a|c112918e|c1a150b1|d0724095|d0e2d025|d111e017|d142d110|d18000a3|e0c0408a|f0f2a1e1|f121f1e0|f1d06060,01c2a0d8|30908049|40009139|7092f07b|8030618f|a1b210fc|b112005d|b1c2f044|d151b0c4|f1a0c120,0,,8a934f30393c4e808bb936904295a2c030705aead37d07a908d646cce3d8ef82,832b9d402425f6cfca67f65983b7458d5b7237a3209035664d4bae6241baf682,433fdfdab7418b3ac1b1eba53628b0a707ee15dfd4099c8f04fe8c7220275e8e,7f4092854d93aed8b2ef29ce3554104a18a1509d66238a9a4e1307ac929e958c,0.49988015340364333,0.5001198465963567,0.47842401500938087,0.5215759849906192,ac07a43b2554a2f178e9a63e28a1462cee253d613f122516e26ac0dcfe6c7431,3d8d3010f9bf50db2978f7244f2f4b40ed6a7948340f84d75c428a55a22abbcc
5,attention,target_attention,outer_train_continuous_complete_cases,23807,05f261e059010acc72b67c07f948cc861f02c5916348995751c1ef0ab8fdb8c0,0.408289,0.5064886666666667,y <= q_low,y >= q_high,q_low < y < q_high,2f86d0e8c455b4f21168d0123e21d085836ed48610878f7e823e2e4fab91a878,23713,7886,7926,7901,5731,1888,1930,1913,15812,3818,42,11,11,0012905a|01c2a0d8|1081b177|20201194|2162c09e|21a031f6|30908049|30c140ca|3110e0c7|40009139|40f0714a|41e2010c|5001d09a|50c02189|517001af|6030f0fd|7072a0e0|7092f07b|7150e10a|71a251fa|71c09041|71f0603f|71f21142|8030618f|81f1f0fe|a02151ac|a1721173|a1b210fc|b0700166|b112005d|b1c2f044|c060c06a|c112918e|d0724095|d0e2d025|d111e017|d142d110|d151b0c4|d18000a3|f0f2a1e1|f1a0c120|f1d06060,0001508a|0110f12e|0182e16c|2182c1cd|219060fa|71e10186|8191f1d9|81e150c1|c1a150b1|e0c0408a|f121f1e0,0,,8fdd0b66f73ce8101bdf5eb57d0052757fb2921846cbb17a7e891a85c2e19ab2,d70a0655fd57fcf67075d3c06a07377277091bfec0303c2faff17ab86921bc48,047be59ccbfa5b7c40042855c6bec8ef2a849ce95090b47c1e15252441077662,c0467e0af845f50ad453d29a98a73b3965bd0ee2ca9722863c091dec42b7dc3b,0.4987351378699722,0.5012648621300279,0.49449973808276587,0.5055002619172342,ac07a43b2554a2f178e9a63e28a1462cee253d613f122516e26ac0dcfe6c7431,84b4aec3b96a87fdc7e15e44576cf8e1c913b72de3aa43b1132e10691b45f277
5,engagement,target_engagement,outer_train_continuous_complete_cases,24936,08fb40e00191c0abe31f205fee8e5aedb91eeb793b208e149bab5d923e080319,0.5812246666666667,0.6832976666666667,y <= q_low,y >= q_high,q_low < y < q_high,fd819c1414dbc4a71c004ee2f223fde45d23c5e1a929dfb308519bdd81be5cc8,24820,8284,8244,8292,5986,2050,2217,1719,16528,4267,43,11,11,0012905a|01c2a0d8|1081b177|20201194|2162c09e|21a031f6|30908049|30c140ca|3110e0c7|40009139|40f0714a|41e2010c|5001d09a|50c02189|517001af|6030f0fd|7072a0e0|7092f07b|7150e10a|71a251fa|71c09041|71f0603f|71f21142|8030618f|81f1f0fe|9192c107|a02151ac|a1721173|a1b210fc|b0700166|b112005d|b1c2f044|c060c06a|c112918e|d0724095|d0e2d025|d111e017|d142d110|d151b0c4|d18000a3|f0f2a1e1|f1a0c120|f1d06060,0001508a|0110f12e|0182e16c|2182c1cd|219060fa|71e10186|8191f1d9|81e150c1|c1a150b1|e0c0408a|f121f1e0,0,,d380e0d42173318377487cbbee1f48287cdc37e9e7496fb9bac6746aaa75bfc4,e4b410208c1a07265d86028d5577d326eb938e3f38d8c7b3e0a546f2c7f1938c,346f7b7e7729a5185038ff24672d882799d06a3b9532a846a0a88d310ca16a04,cb815790ac4c4bd8150c380a03aeaef980a5797fbf2bd2e744af9d810c2f3cb2,0.5012100677637947,0.4987899322362052,0.4804312163112257,0.5195687836887743,ac07a43b2554a2f178e9a63e28a1462cee253d613f122516e26ac0dcfe6c7431,b8ce4e308625a55ac193734c694f4cf029c63086453a3888a5114c001eb028df
5,excitement,target_excitement,outer_train_continuous_complete_cases,24936,08fb40e00191c0abe31f205fee8e5aedb91eeb793b208e149bab5d923e080319,0.196205,0.361125,y <= q_low,y >= q_high,q_low < y < q_high,e83502bfb241187a15bbe01f2a2df8a2dcfd119976c2c47635b1515b95a004a5,24820,8280,8257,8283,5986,1957,1973,2056,16537,3930,43,11,11,0012905a|01c2a0d8|1081b177|20201194|2162c09e|21a031f6|30908049|30c140ca|3110e0c7|40009139|40f0714a|41e2010c|5001d09a|50c02189|517001af|6030f0fd|7072a0e0|7092f07b|7150e10a|71a251fa|71c09041|71f0603f|71f21142|8030618f|81f1f0fe|9192c107|a02151ac|a1721173|a1b210fc|b0700166|b112005d|b1c2f044|c060c06a|c112918e|d0724095|d0e2d025|d111e017|d142d110|d151b0c4|d18000a3|f0f2a1e1|f1a0c120|f1d06060,0001508a|0110f12e|0182e16c|2182c1cd|219060fa|71e10186|8191f1d9|81e150c1|c1a150b1|e0c0408a|f121f1e0,0,,d380e0d42173318377487cbbee1f48287cdc37e9e7496fb9bac6746aaa75bfc4,e4b410208c1a07265d86028d5577d326eb938e3f38d8c7b3e0a546f2c7f1938c,c4809372afeffc8c0ab08e218557e903e3bed3671b35dcd9b17b3e80ec3e1e4c,69d92ca21bd937ed6ba37853b32a439042e91ec546bb2a5791a8e782bbbbc0f9,0.5006954102920723,0.4993045897079277,0.49796437659033077,0.5020356234096692,ac07a43b2554a2f178e9a63e28a1462cee253d613f122516e26ac0dcfe6c7431,46fddcfc7f472c5b6d98a4a9e32e8104d6fff32a26a451eac4c5bbdfcfe93c9d
5,stress,target_stress,outer_train_continuous_complete_cases,24936,08fb40e00191c0abe31f205fee8e5aedb91eeb793b208e149bab5d923e080319,0.4021516666666667,0.4598493333333333,y <= q_low,y >= q_high,q_low < y < q_high,f830184ed4091f7c1893003e91eb518737ed15e8b5f007bf46bf30fa7cf23cdb,24820,8252,8271,8297,5986,2179,2201,1606,16523,4380,43,11,11,0012905a|01c2a0d8|1081b177|20201194|2162c09e|21a031f6|30908049|30c140ca|3110e0c7|40009139|40f0714a|41e2010c|5001d09a|50c02189|517001af|6030f0fd|7072a0e0|7092f07b|7150e10a|71a251fa|71c09041|71f0603f|71f21142|8030618f|81f1f0fe|9192c107|a02151ac|a1721173|a1b210fc|b0700166|b112005d|b1c2f044|c060c06a|c112918e|d0724095|d0e2d025|d111e017|d142d110|d151b0c4|d18000a3|f0f2a1e1|f1a0c120|f1d06060,0001508a|0110f12e|0182e16c|2182c1cd|219060fa|71e10186|8191f1d9|81e150c1|c1a150b1|e0c0408a|f121f1e0,0,,d380e0d42173318377487cbbee1f48287cdc37e9e7496fb9bac6746aaa75bfc4,e4b410208c1a07265d86028d5577d326eb938e3f38d8c7b3e0a546f2c7f1938c,5598d9b428cc8d2daffd3a09ae72357ec7e9584093626d817f11e57cc0f076c5,cb9d0fe9ef57ea39ce83a06723d74348653b23eb9438bcd33eca7ea7744131b8,0.49942504387823033,0.5005749561217696,0.49748858447488586,0.5025114155251141,ac07a43b2554a2f178e9a63e28a1462cee253d613f122516e26ac0dcfe6c7431,51933d713d98fcac3efc940cf92466216cc50e3eed2cb50e97325948ac91c609
5,relaxation,target_relaxation,outer_train_continuous_complete_cases,24936,08fb40e00191c0abe31f205fee8e5aedb91eeb793b208e149bab5d923e080319,0.256914,0.3938446666666667,y <= q_low,y >= q_high,q_low < y < q_high,a638d2bb20962ed825b35f176b1a4005a8304bfc01370b1636d6ce403b817a6a,24820,8285,8263,8272,5986,2012,2205,1769,16548,4217,43,11,11,0012905a|01c2a0d8|1081b177|20201194|2162c09e|21a031f6|30908049|30c140ca|3110e0c7|40009139|40f0714a|41e2010c|5001d09a|50c02189|517001af|6030f0fd|7072a0e0|7092f07b|7150e10a|71a251fa|71c09041|71f0603f|71f21142|8030618f|81f1f0fe|9192c107|a02151ac|a1721173|a1b210fc|b0700166|b112005d|b1c2f044|c060c06a|c112918e|d0724095|d0e2d025|d111e017|d142d110|d151b0c4|d18000a3|f0f2a1e1|f1a0c120|f1d06060,0001508a|0110f12e|0182e16c|2182c1cd|219060fa|71e10186|8191f1d9|81e150c1|c1a150b1|e0c0408a|f121f1e0,0,,d380e0d42173318377487cbbee1f48287cdc37e9e7496fb9bac6746aaa75bfc4,e4b410208c1a07265d86028d5577d326eb938e3f38d8c7b3e0a546f2c7f1938c,1f6a8f73338edc08be6c918244ea7a42d13eee1132a7c5cab422880956d63d5a,a2925eb2e32be7b101f7abaa4b3b3d73238ade4c6c7d544c0127dd248f3d08a9,0.5006647328982354,0.49933526710176457,0.47711643348351906,0.5228835665164809,ac07a43b2554a2f178e9a63e28a1462cee253d613f122516e26ac0dcfe6c7431,7679f10142da1d95ca8cfe5876296724308395fabcff863ef3a2e694b69aeb85
5,interest,target_interest,outer_train_continuous_complete_cases,24936,08fb40e00191c0abe31f205fee8e5aedb91eeb793b208e149bab5d923e080319,0.47852433333333333,0.529754,y <= q_low,y >= q_high,q_low < y < q_high,df1d4a9a8a978ee0e3bcd8ba820067c8fc420fd3f5f02f8d6b88fa7e63bbaac1,24820,8257,8271,8292,5986,1853,1938,2195,16528,3791,43,11,11,0012905a|01c2a0d8|1081b177|20201194|2162c09e|21a031f6|30908049|30c140ca|3110e0c7|40009139|40f0714a|41e2010c|5001d09a|50c02189|517001af|6030f0fd|7072a0e0|7092f07b|7150e10a|71a251fa|71c09041|71f0603f|71f21142|8030618f|81f1f0fe|9192c107|a02151ac|a1721173|a1b210fc|b0700166|b112005d|b1c2f044|c060c06a|c112918e|d0724095|d0e2d025|d111e017|d142d110|d151b0c4|d18000a3|f0f2a1e1|f1a0c120|f1d06060,0001508a|0110f12e|0182e16c|2182c1cd|219060fa|71e10186|8191f1d9|81e150c1|c1a150b1|e0c0408a|f121f1e0,0,,d380e0d42173318377487cbbee1f48287cdc37e9e7496fb9bac6746aaa75bfc4,e4b410208c1a07265d86028d5577d326eb938e3f38d8c7b3e0a546f2c7f1938c,6e396b2c20ae510b314530d23b3dd9ef1d7496266d7214d984cdf177230647e0,b215e6b9642fcea91fe3a87dcc096a2c6fdafffd487427082921833a6496e00d,0.4995764762826718,0.5004235237173281,0.48878923766816146,0.5112107623318386,ac07a43b2554a2f178e9a63e28a1462cee253d613f122516e26ac0dcfe6c7431,87bf91e2b80cc2daa5026c24eddfc72ae399d1e2ddb66426986745db25e15026
5,focus,target_focus,outer_train_continuous_complete_cases,24936,08fb40e00191c0abe31f205fee8e5aedb91eeb793b208e149bab5d923e080319,0.367191,0.4675926666666666,y <= q_low,y >= q_high,q_low < y < q_high,d1251c35ecfb7ccdf7b0d7e26663f103bb7b943f31fc83ad844ddbed424760ce,24820,8273,8268,8279,5986,2093,1685,2208,16541,3778,43,11,11,0012905a|01c2a0d8|1081b177|20201194|2162c09e|21a031f6|30908049|30c140ca|3110e0c7|40009139|40f0714a|41e2010c|5001d09a|50c02189|517001af|6030f0fd|7072a0e0|7092f07b|7150e10a|71a251fa|71c09041|71f0603f|71f21142|8030618f|81f1f0fe|9192c107|a02151ac|a1721173|a1b210fc|b0700166|b112005d|b1c2f044|c060c06a|c112918e|d0724095|d0e2d025|d111e017|d142d110|d151b0c4|d18000a3|f0f2a1e1|f1a0c120|f1d06060,0001508a|0110f12e|0182e16c|2182c1cd|219060fa|71e10186|8191f1d9|81e150c1|c1a150b1|e0c0408a|f121f1e0,0,,d380e0d42173318377487cbbee1f48287cdc37e9e7496fb9bac6746aaa75bfc4,e4b410208c1a07265d86028d5577d326eb938e3f38d8c7b3e0a546f2c7f1938c,a5d17c5668a7a564616395987307aaf225e9945fa5e651416dfd56d7d9442b6a,baa1f83c8a2e128d0706395b1ff03bc408a7e2ba785a6fbed69ad6cef1e366f6,0.5001511395925277,0.49984886040747234,0.553996823716252,0.446003176283748,ac07a43b2554a2f178e9a63e28a1462cee253d613f122516e26ac0dcfe6c7431,4ea6190f2fb11beea58ef3a92decf60edd9f5d48c9598628255689c04aef1432
